bus_code,hour,scen,deficit
1,1,1,4.821832169654705e-11
1,2,1,4.6939369058307534e-11
1,3,1,4.8629118093446166e-11
1,4,1,4.832493086248668e-11
1,5,1,4.8538686958643495e-11
1,6,1,4.874550069144945e-11
1,7,1,4.672164738428464e-11
1,8,1,4.911169387833425e-11
1,9,1,4.7073147463327913e-11
1,10,1,4.705250425396379e-11
1,11,1,4.890145580138672e-11
1,12,1,4.8873745328581464e-11
1,13,1,4.7069511482922266e-11
1,14,1,4.8983428424520525e-11
1,15,1,4.7188121465868704e-11
1,16,1,4.903632708219696e-11
1,17,1,4.861621522023185e-11
1,18,1,4.688308422040599e-11
1,19,1,4.871345687940121e-11
1,20,1,4.798615324541622e-11
1,21,1,4.800061390031196e-11
1,22,1,4.8249335082850564e-11
1,23,1,4.850900583996953e-11
1,24,1,4.832979155766637e-11
3,1,1,0.0
3,2,1,0.0
3,3,1,0.0
3,4,1,1.6984871842318228e-11
3,5,1,1.125802659429631e-9
3,6,1,2.924895048384002e-11
3,7,1,3.3087164952316783e-10
3,8,1,0.0
3,9,1,1.541257121928652e-10
3,10,1,0.0
3,11,1,0.0
3,12,1,0.0
3,13,1,0.0
3,14,1,0.0
3,15,1,0.0
3,16,1,0.0
3,17,1,0.0
3,18,1,0.0
3,19,1,7.670983570573497e-10
3,20,1,0.0
3,21,1,0.0
3,22,1,0.0
3,23,1,0.0
3,24,1,2.2167283286744777e-10
5,1,1,1.0651556026086695e-10
5,2,1,3.882621793516172e-10
5,3,1,1.0486124468744862e-10
5,4,1,0.0
5,5,1,0.0
5,6,1,0.0
5,7,1,0.0
5,8,1,1.0888928647645457e-11
5,9,1,5.831495772379292e-10
5,10,1,3.4068132342968127e-10
5,11,1,0.0
5,12,1,0.0
5,13,1,0.0
5,14,1,0.0
5,15,1,4.683115770176549e-10
5,16,1,2.4969259992957404e-10
5,17,1,1.993789577880989e-10
5,18,1,0.0
5,19,1,0.0
5,20,1,0.0
5,21,1,0.0
5,22,1,2.8524405060181834e-12
5,23,1,0.0
5,24,1,5.276491188421772e-10
7,1,1,6.378407080287474e-9
7,2,1,0.0
7,3,1,0.0
7,4,1,5.535488400987276e-9
7,5,1,4.63811938855585e-9
7,6,1,1.7689328335457333e-9
7,7,1,1.3487306271819932e-9
7,8,1,1.824090878344009e-10
7,9,1,0.0
7,10,1,0.0
7,11,1,1.0250684967516577e-8
7,12,1,0.0
7,13,1,1.903333601838142e-9
7,14,1,2.3233979185022235e-9
7,15,1,0.0
7,16,1,8.151980535053838e-9
7,17,1,0.0
7,18,1,0.0
7,19,1,0.0
7,20,1,2.7649879608127037e-9
7,21,1,2.9739699591857516e-10
7,22,1,0.0
7,23,1,4.844011580740215e-9
7,24,1,1.8226909259677626e-8
8,1,1,0.0
8,2,1,2.843917823458497e-9
8,3,1,0.0
8,4,1,0.0
8,5,1,0.0
8,6,1,6.8770340255763784e-9
8,7,1,0.0
8,8,1,2.112260921727227e-10
8,9,1,7.49439169056565e-9
8,10,1,0.0
8,11,1,7.3478178541641626e-9
8,12,1,3.548011606735457e-10
8,13,1,0.0
8,14,1,0.0
8,15,1,8.326539735481475e-9
8,16,1,5.943673664354776e-9
8,17,1,6.048641698619406e-9
8,18,1,2.1025339247415786e-9
8,19,1,0.0
8,20,1,0.0
8,21,1,0.0
8,22,1,0.0
8,23,1,1.0509927594881674e-8
8,24,1,4.826923944228666e-11
13,1,1,0.0
13,2,1,0.0
13,3,1,4.690674570984044e-9
13,4,1,4.25329507725003e-9
13,5,1,9.526581024044134e-9
13,6,1,0.0
13,7,1,8.520289113134183e-9
13,8,1,0.0
13,9,1,0.0
13,10,1,1.38657396953068e-8
13,11,1,0.0
13,12,1,6.960619497453635e-9
13,13,1,9.089521663119271e-9
13,14,1,0.0
13,15,1,1.0851934684197317e-8
13,16,1,0.0
13,17,1,0.0
13,18,1,0.0
13,19,1,1.4822122751390054e-8
13,20,1,3.1868743477492245e-9
13,21,1,0.0
13,22,1,1.2770422330721232e-8
13,23,1,0.0
13,24,1,2.817139910238353e-9
14,1,1,4.812499778048516e-11
14,2,1,4.579374113689148e-11
14,3,1,4.860927229078027e-11
14,4,1,4.830637899500086e-11
14,5,1,4.852905550791956e-11
14,6,1,4.869887280730959e-11
14,7,1,4.582986572200212e-11
14,8,1,4.8364735315268376e-11
14,9,1,4.623530333848105e-11
14,10,1,4.623066491932529e-11
14,11,1,4.804108924972898e-11
14,12,1,4.801172321341693e-11
14,13,1,4.6174353722061757e-11
14,14,1,4.8115021040993397e-11
14,15,1,4.6149355389275144e-11
14,16,1,4.8323236726104474e-11
14,17,1,4.8492827368869596e-11
14,18,1,4.586341163723706e-11
14,19,1,4.8703818630815e-11
14,20,1,4.799120390903499e-11
14,21,1,4.800069792933421e-11
14,22,1,4.8250000015709576e-11
14,23,1,4.843884271814926e-11
14,24,1,4.830921590516267e-11
15,1,1,4.0790343325269873e-10
15,2,1,0.0
15,3,1,1.295299888182111e-9
15,4,1,2.1425777818606662e-10
15,5,1,0.0
15,6,1,7.302165053180154e-10
15,7,1,0.0
15,8,1,7.742947324973493e-10
15,9,1,1.4858243663207205e-9
15,10,1,3.8216779740807283e-10
15,11,1,8.914444252217102e-10
15,12,1,0.0
15,13,1,0.0
15,14,1,7.510081723172135e-10
15,15,1,8.244177632232841e-10
15,16,1,8.554986580255886e-11
15,17,1,8.961856604039475e-10
15,18,1,0.0
15,19,1,5.361936103454035e-10
15,20,1,0.0
15,21,1,0.0
15,22,1,0.0
15,23,1,0.0
15,24,1,4.151874330449168e-10
18,1,1,4.923020324731908e-11
18,2,1,4.854125434938794e-11
18,3,1,4.9576259764094743e-11
18,4,1,4.89258494829059e-11
18,5,1,4.9317230854661886e-11
18,6,1,4.9527174028618504e-11
18,7,1,4.78009784532496e-11
18,8,1,4.9704358684454775e-11
18,9,1,4.7496118149581434e-11
18,10,1,4.743988535338417e-11
18,11,1,4.933867203682496e-11
18,12,1,4.9314191619131975e-11
18,13,1,4.7487985765926055e-11
18,14,1,4.937131259374894e-11
18,15,1,4.7570142269748317e-11
18,16,1,4.944548936958171e-11
18,17,1,4.9534870129319675e-11
18,18,1,4.8281365017111e-11
18,19,1,4.9446710614908795e-11
18,20,1,4.863931479803796e-11
18,21,1,4.852379609232571e-11
18,22,1,4.897153516036923e-11
18,23,1,4.8685749876042905e-11
18,24,1,4.893602190136903e-11
19,1,1,3.305758791705138e-10
19,2,1,4.371682876813665e-10
19,3,1,4.0472950511849515e-10
19,4,1,2.809716643376037e-10
19,5,1,2.4832911768579713e-10
19,6,1,4.910388866352644e-10
19,7,1,0.0
19,8,1,3.5251208202469186e-10
19,9,1,3.4742184303049317e-10
19,10,1,1.2235231786061895e-9
19,11,1,1.2089860362829441e-11
19,12,1,0.0
19,13,1,1.637096222473211e-10
19,14,1,1.2501787799434894e-10
19,15,1,3.1357534624465444e-11
19,16,1,0.0
19,17,1,0.0
19,18,1,1.8021710512794442e-10
19,19,1,0.0
19,20,1,0.0
19,21,1,0.0
19,22,1,0.0
19,23,1,0.0
19,24,1,7.096810714706469e-10
21,1,1,9.289012198321345e-10
21,2,1,6.629048018846895e-9
21,3,1,1.9500403930505783e-9
21,4,1,7.2409747503554556e-9
21,5,1,0.0
21,6,1,0.0
21,7,1,0.0
21,8,1,3.318295235810176e-9
21,9,1,6.562279983302055e-9
21,10,1,6.580078190654426e-9
21,11,1,7.703495327748833e-9
21,12,1,6.483409781266047e-10
21,13,1,0.0
21,14,1,3.554811375816591e-9
21,15,1,0.0
21,16,1,0.0
21,17,1,2.0080124646382203e-9
21,18,1,0.0
21,19,1,1.7041610761436843e-9
21,20,1,3.866875750158094e-9
21,21,1,7.841729904312089e-10
21,22,1,0.0
21,23,1,3.0972926862160577e-9
21,24,1,2.6916644885188745e-9
23,1,1,0.0
23,2,1,3.3828004841751635e-9
23,3,1,1.4113998858533705e-10
23,4,1,1.7581387456999664e-9
23,5,1,0.0
23,6,1,0.0
23,7,1,0.0
23,8,1,4.88152696043187e-9
23,9,1,0.0
23,10,1,0.0
23,11,1,0.0
23,12,1,5.0459667555458054e-9
23,13,1,9.020945213045195e-9
23,14,1,5.157435256641918e-9
23,15,1,4.1433756425846013e-10
23,16,1,0.0
23,17,1,0.0
23,18,1,0.0
23,19,1,0.0
23,20,1,0.0
23,21,1,6.283318532140925e-9
23,22,1,0.0
23,23,1,0.0
23,24,1,0.0
25,1,1,4.946454149057367e-10
25,2,1,2.85040081815513e-10
25,3,1,0.0
25,4,1,0.0
25,5,1,0.0
25,6,1,1.1085641432595494e-10
25,7,1,1.1830969329218455e-9
25,8,1,0.0
25,9,1,2.6469324648781267e-10
25,10,1,0.0
25,11,1,8.489274630485433e-10
25,12,1,8.421040954831316e-9
25,13,1,0.0
25,14,1,0.0
25,15,1,0.0
25,16,1,0.0
25,17,1,0.0
25,18,1,2.81702085269675e-10
25,19,1,0.0
25,20,1,2.33976595043206e-10
25,21,1,0.0
25,22,1,0.0
25,23,1,2.70448750200325e-9
25,24,1,0.0
26,1,1,4.6852157570276276e-11
26,2,1,4.631663802490138e-11
26,3,1,4.705330916565664e-11
26,4,1,4.682924187315862e-11
26,5,1,4.691102020726312e-11
26,6,1,4.710370982152767e-11
26,7,1,4.6301212863752994e-11
26,8,1,4.7291923849224204e-11
26,9,1,4.696053268471445e-11
26,10,1,4.6932003422428537e-11
26,11,1,4.7227301930297116e-11
26,12,1,4.7217424414824904e-11
26,13,1,4.6902429856610084e-11
26,14,1,4.7307997796952606e-11
26,15,1,4.6922910001967466e-11
26,16,1,4.7202134562107645e-11
26,17,1,4.7138914299749146e-11
26,18,1,4.637281184050046e-11
26,19,1,4.706465772663648e-11
26,20,1,4.6743400816673386e-11
26,21,1,4.672635542379844e-11
26,22,1,4.688649815620671e-11
26,23,1,4.687197852071279e-11
26,24,1,4.697893463134761e-11
27,1,1,0.0
27,2,1,0.0
27,3,1,2.6807440295373297e-10
27,4,1,0.0
27,5,1,3.5885846377814445e-10
27,6,1,4.134590135540517e-9
27,7,1,0.0
27,8,1,0.0
27,9,1,3.1835946240343915e-9
27,10,1,7.659210973787189e-10
27,11,1,1.9715726273794587e-10
27,12,1,0.0
27,13,1,2.3032562732061557e-9
27,14,1,1.8582248378917754e-9
27,15,1,1.9128274172941495e-9
27,16,1,1.0622659349368568e-9
27,17,1,1.6376050862576541e-9
27,18,1,0.0
27,19,1,4.215029228427092e-10
27,20,1,0.0
27,21,1,0.0
27,22,1,0.0
27,23,1,0.0
27,24,1,4.652033619434448e-11
28,1,1,1.2085906581082995e-10
28,2,1,2.0436553213598607e-9
28,3,1,0.0
28,4,1,0.0
28,5,1,0.0
28,6,1,0.0
28,7,1,0.0
28,8,1,0.0
28,9,1,0.0
28,10,1,0.0
28,11,1,2.662261487651474e-9
28,12,1,0.0
28,13,1,1.5291209271017792e-10
28,14,1,0.0
28,15,1,2.961705290738248e-9
28,16,1,0.0
28,17,1,7.196573198475775e-11
28,18,1,0.0
28,19,1,0.0
28,20,1,6.997362342331392e-10
28,21,1,6.354412204756521e-10
28,22,1,1.3214735625211027e-9
28,23,1,0.0
28,24,1,0.0
29,1,1,0.0
29,2,1,0.0
29,3,1,8.665265033291902e-11
29,4,1,0.0
29,5,1,0.0
29,6,1,1.468276264460222e-10
29,7,1,6.043734054883565e-10
29,8,1,2.828680810418316e-9
29,9,1,4.543580144067416e-9
29,10,1,0.0
29,11,1,0.0
29,12,1,0.0
29,13,1,0.0
29,14,1,0.0
29,15,1,0.0
29,16,1,0.0
29,17,1,1.6387362231085056e-9
29,18,1,0.0
29,19,1,2.7466438845547003e-11
29,20,1,0.0
29,21,1,0.0
29,22,1,0.0
29,23,1,0.0
29,24,1,2.30840787457387e-9
30,1,1,1.293886296716007e-9
30,2,1,0.0
30,3,1,3.17066026211954e-11
30,4,1,0.0
30,5,1,8.96867656530187e-10
30,6,1,0.0
30,7,1,0.0
30,8,1,3.8373690544601935e-9
30,9,1,0.0
30,10,1,0.0
30,11,1,1.6552178377926552e-10
30,12,1,9.181652868561763e-10
30,13,1,0.0
30,14,1,0.0
30,15,1,2.6259301053044304e-9
30,16,1,0.0
30,17,1,0.0
30,18,1,0.0
30,19,1,0.0
30,20,1,1.6106822195438575e-9
30,21,1,0.0
30,22,1,2.416124730841851e-10
30,23,1,0.0
30,24,1,0.0
31,1,1,0.0
31,2,1,8.166486931138195e-11
31,3,1,4.617920074112547e-10
31,4,1,0.0
31,5,1,3.262710726592566e-10
31,6,1,4.409967946372717e-10
31,7,1,2.627676340405394e-10
31,8,1,4.106318479690785e-10
31,9,1,0.0
31,10,1,0.0
31,11,1,0.0
31,12,1,0.0
31,13,1,2.412054167511002e-10
31,14,1,1.5588375729125303e-10
31,15,1,0.0
31,16,1,7.895932796486704e-10
31,17,1,2.2825166756668125e-10
31,18,1,0.0
31,19,1,6.477976557950349e-10
31,20,1,4.5899631317958267e-10
31,21,1,5.353096160787274e-10
31,22,1,0.0
31,23,1,2.9985872118665213e-10
31,24,1,0.0
34,1,1,9.489269786611132e-11
34,2,1,7.478187444287521e-10
34,3,1,9.068266970668759e-12
34,4,1,0.0
34,5,1,0.0
34,6,1,1.8037931565073606e-10
34,7,1,1.9011161395132703e-10
34,8,1,2.0426351582392144e-10
34,9,1,0.0
34,10,1,0.0
34,11,1,2.5961287980491576e-10
34,12,1,0.0
34,13,1,1.5813866188763015e-10
34,14,1,3.57231237646527e-10
34,15,1,0.0
34,16,1,0.0
34,17,1,6.002897484647107e-11
34,18,1,4.389257707293481e-11
34,19,1,1.6812828212975361e-10
34,20,1,8.423036088056612e-10
34,21,1,0.0
34,22,1,0.0
34,23,1,0.0
34,24,1,0.0
35,1,1,7.003678310912864e-9
35,2,1,0.0
35,3,1,0.0
35,4,1,0.0
35,5,1,6.237274620402022e-9
35,6,1,0.0
35,7,1,5.912332637358908e-10
35,8,1,1.045529874482698e-8
35,9,1,9.860796131022642e-9
35,10,1,0.0
35,11,1,0.0
35,12,1,0.0
35,13,1,0.0
35,14,1,0.0
35,15,1,0.0
35,16,1,8.654311912936752e-9
35,17,1,0.0
35,18,1,0.0
35,19,1,8.013788035943215e-10
35,20,1,0.0
35,21,1,0.0
35,22,1,0.0
35,23,1,0.0
35,24,1,0.0
36,1,1,3.3993784037678054e-9
36,2,1,0.0
36,3,1,0.0
36,4,1,0.0
36,5,1,0.0
36,6,1,0.0
36,7,1,0.0
36,8,1,3.114941152237982e-9
36,9,1,0.0
36,10,1,0.0
36,11,1,1.6118025386591128e-9
36,12,1,0.0
36,13,1,2.927385930884263e-9
36,14,1,2.0330942901436444e-9
36,15,1,4.489134772245329e-9
36,16,1,8.620231611855544e-10
36,17,1,0.0
36,18,1,0.0
36,19,1,0.0
36,20,1,0.0
36,21,1,1.7182401335080755e-10
36,22,1,1.4970591571961123e-9
36,23,1,0.0
36,24,1,0.0
38,1,1,2.028315015945026e-12
38,2,1,4.1476040657517643e-10
38,3,1,0.0
38,4,1,0.0
38,5,1,1.2911141600291387e-10
38,6,1,0.0
38,7,1,5.495175911529593e-10
38,8,1,6.980820782542807e-10
38,9,1,3.647329244182984e-10
38,10,1,3.533356107698893e-10
38,11,1,0.0
38,12,1,0.0
38,13,1,0.0
38,14,1,0.0
38,15,1,0.0
38,16,1,1.0355459545419166e-11
38,17,1,0.0
38,18,1,0.0
38,19,1,0.0
38,20,1,2.507225330128371e-10
38,21,1,4.050144594702765e-10
38,22,1,0.0
38,23,1,4.695842950597218e-10
38,24,1,4.293446292935599e-10
40,1,1,0.0
40,2,1,0.0
40,3,1,8.077714146875747e-9
40,4,1,1.1397548221186993e-8
40,5,1,0.0
40,6,1,3.704810663113234e-9
40,7,1,2.3370436523506566e-9
40,8,1,0.0
40,9,1,6.104576604631928e-9
40,10,1,3.6010813046771784e-9
40,11,1,0.0
40,12,1,0.0
40,13,1,1.2837601797571763e-8
40,14,1,0.0
40,15,1,1.039909312480769e-8
40,16,1,7.3633142742834945e-9
40,17,1,6.420618307856341e-10
40,18,1,5.527201456939634e-9
40,19,1,5.845510391705444e-9
40,20,1,1.076376193037687e-9
40,21,1,0.0
40,22,1,0.0
40,23,1,0.0
40,24,1,8.991707694389062e-9
42,1,1,0.0
42,2,1,0.0
42,3,1,7.013392498700366e-9
42,4,1,4.709692823234857e-9
42,5,1,0.0
42,6,1,0.0
42,7,1,8.788947257476476e-9
42,8,1,0.0
42,9,1,4.642983428282399e-10
42,10,1,0.0
42,11,1,5.106918742059374e-9
42,12,1,0.0
42,13,1,0.0
42,14,1,3.285896520155429e-9
42,15,1,0.0
42,16,1,1.7946995764517304e-9
42,17,1,0.0
42,18,1,1.262671266155646e-9
42,19,1,0.0
42,20,1,0.0
42,21,1,0.0
42,22,1,5.721853622853157e-9
42,23,1,0.0
42,24,1,0.0
44,1,1,9.102886430745194e-10
44,2,1,0.0
44,3,1,0.0
44,4,1,0.0
44,5,1,3.235960686909234e-9
44,6,1,0.0
44,7,1,0.0
44,8,1,0.0
44,9,1,3.84460929064856e-9
44,10,1,0.0
44,11,1,0.0
44,12,1,2.9974156698364673e-9
44,13,1,0.0
44,14,1,1.5194831080866944e-8
44,15,1,0.0
44,16,1,0.0
44,17,1,1.466810924805051e-8
44,18,1,1.183163935575271e-8
44,19,1,8.188418575139078e-9
44,20,1,5.486918884523018e-9
44,21,1,9.734603199917924e-9
44,22,1,0.0
44,23,1,7.205120243491958e-9
44,24,1,4.8238456110234367e-11
45,1,1,1.0963932539631571e-10
45,2,1,3.260223202516954e-10
45,3,1,1.199872076695918e-10
45,4,1,2.738042362282478e-10
45,5,1,0.0
45,6,1,0.0
45,7,1,0.0
45,8,1,1.1027274232633388e-10
45,9,1,0.0
45,10,1,0.0
45,11,1,4.3224727963586673e-10
45,12,1,0.0
45,13,1,3.932252440330686e-11
45,14,1,0.0
45,15,1,4.4652068847961246e-10
45,16,1,1.6114936468580865e-10
45,17,1,0.0
45,18,1,3.53275048103896e-10
45,19,1,6.3328589594569e-10
45,20,1,0.0
45,21,1,2.8729546519556948e-11
45,22,1,0.0
45,23,1,0.0
45,24,1,4.4422923672904346e-11
47,1,1,5.022775154128745e-9
47,2,1,1.2411790775712639e-8
47,3,1,1.2774400495740856e-8
47,4,1,1.2293185538969631e-8
47,5,1,7.674660698619995e-9
47,6,1,0.0
47,7,1,1.9025511346915103e-8
47,8,1,1.3151364025576484e-9
47,9,1,1.2394522908021344e-10
47,10,1,5.134634162295981e-9
47,11,1,2.293977742484632e-8
47,12,1,4.302648695664324e-9
47,13,1,3.3731821294513686e-9
47,14,1,1.0707108380469954e-8
47,15,1,0.0
47,16,1,1.3017711089635675e-8
47,17,1,0.0
47,18,1,4.455944627168584e-9
47,19,1,1.1981842976127588e-8
47,20,1,8.222694886095283e-10
47,21,1,0.0
47,22,1,0.0
47,23,1,0.0
47,24,1,1.641301057564437e-8
49,1,1,1.6736345642698325e-9
49,2,1,0.0
49,3,1,0.0
49,4,1,0.0
49,5,1,1.888993933496508e-9
49,6,1,3.4061192477619073e-9
49,7,1,4.107648665652164e-9
49,8,1,1.0501597924594819e-8
49,9,1,2.3086355327439634e-9
49,10,1,0.0
49,11,1,0.0
49,12,1,3.346983107332946e-9
49,13,1,1.2229170592847893e-8
49,14,1,0.0
49,15,1,3.993562980308951e-9
49,16,1,5.816341547282278e-9
49,17,1,1.5679110232369453e-9
49,18,1,0.0
49,19,1,1.2064200805017578e-8
49,20,1,5.0537756479673845e-9
49,21,1,0.0
49,22,1,0.0
49,23,1,0.0
49,24,1,0.0
50,1,1,0.0
50,2,1,1.22206924232926e-8
50,3,1,5.053091285678324e-9
50,4,1,0.0
50,5,1,0.0
50,6,1,6.835545872385662e-9
50,7,1,0.0
50,8,1,7.910016461276648e-10
50,9,1,0.0
50,10,1,3.3763125281693895e-9
50,11,1,0.0
50,12,1,0.0
50,13,1,0.0
50,14,1,0.0
50,15,1,6.897199943123322e-9
50,16,1,6.460679283226689e-10
50,17,1,0.0
50,18,1,1.0881692845410296e-8
50,19,1,1.4547973173351103e-9
50,20,1,3.80064834465399e-9
50,21,1,1.0209502063207587e-9
50,22,1,2.4615918817194604e-9
50,23,1,0.0
50,24,1,5.175189714268225e-9
51,1,1,3.166836806678397e-9
51,2,1,0.0
51,3,1,3.2435532801300404e-9
51,4,1,0.0
51,5,1,0.0
51,6,1,0.0
51,7,1,0.0
51,8,1,0.0
51,9,1,1.0057557196796463e-8
51,10,1,7.815867807126065e-9
51,11,1,5.327944793687145e-9
51,12,1,5.457328089431002e-9
51,13,1,8.810112271662174e-9
51,14,1,0.0
51,15,1,0.0
51,16,1,0.0
51,17,1,0.0
51,18,1,0.0
51,19,1,0.0
51,20,1,0.0
51,21,1,0.0
51,22,1,0.0
51,23,1,0.0
51,24,1,0.0
52,1,1,8.103286305849444e-10
52,2,1,7.670713439433818e-10
52,3,1,1.3459613562583073e-9
52,4,1,7.526758938336542e-10
52,5,1,8.653271224567938e-10
52,6,1,1.067031955848119e-9
52,7,1,5.117694740208734e-10
52,8,1,0.0
52,9,1,1.1975177655054736e-9
52,10,1,4.853472679311466e-9
52,11,1,1.6410482833739692e-9
52,12,1,0.0
52,13,1,0.0
52,14,1,0.0
52,15,1,0.0
52,16,1,1.898395288191246e-9
52,17,1,8.003741433504352e-9
52,18,1,9.514062038196158e-10
52,19,1,7.818041838913992e-10
52,20,1,6.97072698174761e-10
52,21,1,7.275223271041575e-10
52,22,1,5.312845371974184e-10
52,23,1,7.357239678595917e-10
52,24,1,6.672982166833208e-10
53,1,1,0.0
53,2,1,1.720008670214046e-9
53,3,1,6.457101763002182e-9
53,4,1,1.3706965770743373e-9
53,5,1,1.70153682810259e-11
53,6,1,0.0
53,7,1,0.0
53,8,1,2.999467112185794e-9
53,9,1,0.0
53,10,1,0.0
53,11,1,0.0
53,12,1,0.0
53,13,1,0.0
53,14,1,3.2760899479344907e-9
53,15,1,7.375891904193299e-9
53,16,1,0.0
53,17,1,0.0
53,18,1,1.8222263975520292e-11
53,19,1,0.0
53,20,1,0.0
53,21,1,0.0
53,22,1,0.0
53,23,1,0.0
53,24,1,0.0
54,1,1,9.693271740829346e-10
54,2,1,9.698727723717049e-10
54,3,1,9.684821555833167e-10
54,4,1,9.692218069790037e-10
54,5,1,9.66603228014229e-10
54,6,1,9.600936920484138e-10
54,7,1,7.50116052605776e-10
54,8,1,4.850315982185549e-11
54,9,1,4.619610943779051e-11
54,10,1,4.78896020061903e-11
54,11,1,4.685422189121269e-11
54,12,1,4.688321258994321e-11
54,13,1,4.718956475580072e-11
54,14,1,4.6847845047715e-11
54,15,1,4.869246672534189e-11
54,16,1,4.7296007388286654e-11
54,17,1,4.6630026229177446e-11
54,18,1,9.411280227356045e-10
54,19,1,9.672126641269152e-10
54,20,1,9.68971215764558e-10
54,21,1,9.70248402454299e-10
54,22,1,9.665536981895428e-10
54,23,1,9.692486327428362e-10
54,24,1,9.668691333675206e-10
55,1,1,0.0
55,2,1,2.9402615689400058e-9
55,3,1,0.0
55,4,1,0.0
55,5,1,0.0
55,6,1,0.0
55,7,1,0.0
55,8,1,4.151925539486179e-9
55,9,1,0.0
55,10,1,4.724390795241007e-9
55,11,1,0.0
55,12,1,6.309537496640427e-9
55,13,1,8.297516861099918e-9
55,14,1,2.1348227768891448e-9
55,15,1,0.0
55,16,1,1.99808024292647e-9
55,17,1,2.8261826282016678e-9
55,18,1,0.0
55,19,1,0.0
55,20,1,4.661393021576643e-9
55,21,1,3.4475821225621317e-9
55,22,1,0.0
55,23,1,0.0
55,24,1,6.765658047691581e-9
57,1,1,1.4042949580961306e-9
57,2,1,5.21249393647949e-9
57,3,1,1.2378577884941677e-9
57,4,1,1.1034387070729679e-8
57,5,1,2.763542505945793e-9
57,6,1,0.0
57,7,1,1.292929246998753e-8
57,8,1,0.0
57,9,1,0.0
57,10,1,0.0
57,11,1,1.4193424574537872e-8
57,12,1,7.907781651717016e-9
57,13,1,3.7351363668669535e-10
57,14,1,8.900672199274595e-9
57,15,1,0.0
57,16,1,0.0
57,17,1,2.2710974767470304e-9
57,18,1,0.0
57,19,1,0.0
57,20,1,6.756760068116208e-9
57,21,1,1.3131834508683937e-9
57,22,1,4.337048359337459e-9
57,23,1,3.969316042518045e-9
57,24,1,1.4271466508564146e-9
58,1,1,1.4209309145973847e-9
58,2,1,1.4032182152345918e-9
58,3,1,1.4286621122239218e-9
58,4,1,1.4293531289122363e-9
58,5,1,1.420254795714282e-9
58,6,1,1.3825462649719178e-9
58,7,1,6.290390916485755e-10
58,8,1,0.0
58,9,1,1.6518465068005028e-10
58,10,1,1.7895684933932898e-11
58,11,1,6.703173988098499e-10
58,12,1,7.157247017275381e-11
58,13,1,4.0886564967035355e-10
58,14,1,3.49134866850509e-10
58,15,1,0.0
58,16,1,3.152725233657172e-10
58,17,1,1.398514637429571e-10
58,18,1,1.3378970431521253e-9
58,19,1,1.4130574210735602e-9
58,20,1,1.4195970926556e-9
58,21,1,1.4117554417159006e-9
58,22,1,1.4311271612221788e-9
58,23,1,1.4303182319097552e-9
58,24,1,1.4194498215713836e-9
60,1,1,1.1709625387379408e-9
60,2,1,1.1678892991584533e-9
60,3,1,1.1669865178365324e-9
60,4,1,1.1709032562978727e-9
60,5,1,1.164916132306848e-9
60,6,1,1.1551490701477984e-9
60,7,1,8.628231150387133e-10
60,8,1,4.831399169624717e-11
60,9,1,4.611100390405909e-11
60,10,1,4.7717718665296616e-11
60,11,1,4.6499332162497353e-11
60,12,1,4.6515263862900724e-11
60,13,1,4.6236875439475966e-11
60,14,1,4.649644558263333e-11
60,15,1,4.8503256966370145e-11
60,16,1,4.707972900419577e-11
60,17,1,4.652644242097992e-11
60,18,1,1.1090049642503708e-9
60,19,1,1.165520312207402e-9
60,20,1,1.1674858510501984e-9
60,21,1,1.169450005583661e-9
60,22,1,1.1687554674066902e-9
60,23,1,1.1675784263032174e-9
60,24,1,1.1651646973642737e-9
62,1,1,1.4413101909888093e-9
62,2,1,1.3997720847008788e-9
62,3,1,1.3335288654575672e-9
62,4,1,1.2763987453784376e-9
62,5,1,1.313016731799288e-9
62,6,1,1.5994417821435514e-9
62,7,1,8.351229100617141e-10
62,8,1,2.40658182618092e-10
62,9,1,0.0
62,10,1,1.5998868375943776e-10
62,11,1,8.459743496003203e-11
62,12,1,0.0
62,13,1,0.0
62,14,1,4.137481503241336e-11
62,15,1,1.2775674441967144e-10
62,16,1,0.0
62,17,1,3.1382387834233416e-10
62,18,1,1.529713600581517e-9
62,19,1,1.6807557793457883e-9
62,20,1,1.4678360835823634e-9
62,21,1,1.601551441812732e-9
62,22,1,1.4599762458017418e-9
62,23,1,1.706455180286448e-9
62,24,1,1.721054890616025e-9
63,1,1,2.006600144724424e-9
63,2,1,2.031728641230246e-9
63,3,1,1.9992112496730607e-9
63,4,1,2.00229930726048e-9
63,5,1,1.9884922129037585e-9
63,6,1,1.972465671698509e-9
63,7,1,9.361877887498204e-10
63,8,1,0.0
63,9,1,3.3245123667868803e-11
63,10,1,0.0
63,11,1,0.0
63,12,1,0.0
63,13,1,0.0
63,14,1,0.0
63,15,1,2.102270250242677e-10
63,16,1,1.0453515310315797e-10
63,17,1,2.659619226241805e-11
63,18,1,1.9161828321984098e-9
63,19,1,2.0038491924806445e-9
63,20,1,2.0037950968637697e-9
63,21,1,2.0031856399344017e-9
63,22,1,1.997312518500771e-9
63,23,1,2.0052875419201976e-9
63,24,1,2.0053568059591464e-9
64,1,1,4.429538381922615e-9
64,2,1,4.4090743070435146e-9
64,3,1,4.403508439831949e-9
64,4,1,4.4296374415719875e-9
64,5,1,4.408589611426539e-9
64,6,1,4.3526681911543186e-9
64,7,1,3.168139826870142e-9
64,8,1,1.0863077798406451e-10
64,9,1,0.0
64,10,1,0.0
64,11,1,2.022049888639188e-11
64,12,1,0.0
64,13,1,8.750076357921799e-11
64,14,1,0.0
64,15,1,0.0
64,16,1,5.70836780622308e-11
64,17,1,0.0
64,18,1,4.0825280031575595e-9
64,19,1,4.408710889414191e-9
64,20,1,4.413052083485081e-9
64,21,1,4.41152040592252e-9
64,22,1,4.401966464950835e-9
64,23,1,4.407667029970863e-9
64,24,1,4.401664317754683e-9
65,1,1,0.03657874862795024
65,2,1,0.03657871235523541
65,3,1,0.03657872567327468
65,4,1,0.03657871422661725
65,5,1,0.036578743649063675
65,6,1,0.03577945133867738
65,7,1,0.006150959805619985
65,8,1,1.1169269675814775e-10
65,9,1,3.208834864487642e-10
65,10,1,9.200530615149916e-11
65,11,1,0.0
65,12,1,0.0
65,13,1,1.270499955241533e-10
65,14,1,0.0
65,15,1,3.776590151716164e-12
65,16,1,0.0
65,17,1,0.0
65,18,1,0.03164096474409292
65,19,1,0.03657875223543032
65,20,1,0.03657873858312567
65,21,1,0.03657873797214134
65,22,1,0.03657873614498208
65,23,1,0.03657875071283809
65,24,1,0.036578746746889115
67,1,1,5.075304065904618e-11
67,2,1,4.8693937770849516e-11
67,3,1,4.762766570021171e-11
67,4,1,5.060957208868899e-11
67,5,1,4.767025663099389e-11
67,6,1,4.7433001970631494e-11
67,7,1,4.927976082758079e-11
67,8,1,4.787972796016504e-11
67,9,1,4.8252749018651286e-11
67,10,1,4.823813570808966e-11
67,11,1,4.722927604561278e-11
67,12,1,4.723599289491176e-11
67,13,1,4.775237150145273e-11
67,14,1,4.727858382569394e-11
67,15,1,4.826890276365958e-11
67,16,1,4.7599424402022805e-11
67,17,1,4.769071249022261e-11
67,18,1,4.898383088036695e-11
67,19,1,4.7647677470230576e-11
67,20,1,5.111960854620179e-11
67,21,1,5.067637975919581e-11
67,22,1,4.756299520902729e-11
67,23,1,5.0666443263125416e-11
67,24,1,4.7682427450901343e-11
68,1,1,0.0
68,2,1,0.0
68,3,1,0.0
68,4,1,0.0
68,5,1,0.0
68,6,1,6.022170834923957e-10
68,7,1,0.0
68,8,1,2.4629376489671007e-10
68,9,1,0.0
68,10,1,0.0
68,11,1,0.0
68,12,1,0.0
68,13,1,0.0
68,14,1,6.660522081786135e-10
68,15,1,6.543246127213576e-10
68,16,1,3.8219506899583866e-10
68,17,1,4.3714563392749373e-10
68,18,1,0.0
68,19,1,4.671337466150005e-10
68,20,1,0.0
68,21,1,8.927806358777213e-10
68,22,1,8.069745878469536e-10
68,23,1,1.8523616841792379e-10
68,24,1,0.0
69,1,1,2.5917983557943725e-10
69,2,1,8.192077797369857e-10
69,3,1,4.860685551971722e-10
69,4,1,0.0
69,5,1,0.0
69,6,1,5.460363185910699e-10
69,7,1,0.0
69,8,1,0.0
69,9,1,1.8288852984132964e-10
69,10,1,0.0
69,11,1,0.0
69,12,1,5.120772920280681e-10
69,13,1,9.045181808414737e-10
69,14,1,9.947827457612579e-11
69,15,1,3.4606445053347867e-10
69,16,1,0.0
69,17,1,5.801878786432235e-10
69,18,1,5.235744286041788e-10
69,19,1,0.0
69,20,1,0.0
69,21,1,0.0
69,22,1,1.7490014644905294e-11
69,23,1,1.300283058308649e-10
69,24,1,1.0004854219397563e-9
70,1,1,8.208017442806748e-10
70,2,1,0.0
70,3,1,6.217233151917245e-11
70,4,1,0.0
70,5,1,2.2251999028111147e-10
70,6,1,0.0
70,7,1,0.0
70,8,1,0.0
70,9,1,0.0
70,10,1,0.0
70,11,1,0.0
70,12,1,0.0
70,13,1,6.099798010444912e-11
70,14,1,4.456417544013158e-10
70,15,1,0.0
70,16,1,0.0
70,17,1,2.315258627177963e-10
70,18,1,9.153897952141055e-11
70,19,1,6.555011238668085e-10
70,20,1,4.174403895468304e-10
70,21,1,8.755044935554457e-10
70,22,1,0.0
70,23,1,1.526661661671591e-10
70,24,1,4.707280413801655e-11
72,1,1,0.0
72,2,1,0.0
72,3,1,3.281315358316661e-9
72,4,1,5.499056189572915e-9
72,5,1,0.0
72,6,1,6.2409325068957244e-9
72,7,1,7.707550236935035e-9
72,8,1,0.0
72,9,1,0.0
72,10,1,0.0
72,11,1,8.839337851951345e-9
72,12,1,0.0
72,13,1,0.0
72,14,1,7.664859288936121e-9
72,15,1,3.396438894021081e-9
72,16,1,0.0
72,17,1,0.0
72,18,1,9.218949742484384e-9
72,19,1,2.230318804641307e-9
72,20,1,0.0
72,21,1,1.0746191159149987e-9
72,22,1,0.0
72,23,1,1.1916000727807408e-8
72,24,1,9.49099569769185e-9
73,1,1,0.0
73,2,1,2.7426232118710203e-10
73,3,1,3.274121043728151e-10
73,4,1,0.0
73,5,1,9.37796923450307e-11
73,6,1,0.0
73,7,1,6.002015551231921e-10
73,8,1,3.123933750570629e-10
73,9,1,0.0
73,10,1,1.1606152150456239e-10
73,11,1,0.0
73,12,1,0.0
73,13,1,7.062535695157024e-10
73,14,1,1.1194473820141937e-10
73,15,1,0.0
73,16,1,2.141312821501984e-10
73,17,1,0.0
73,18,1,0.0
73,19,1,3.8639573485266254e-10
73,20,1,4.874664005782847e-10
73,21,1,0.0
73,22,1,0.0
73,23,1,0.0
73,24,1,0.0
74,1,1,4.766402550426818e-11
74,2,1,2.809187119034995e-10
74,3,1,4.512610944640283e-10
74,4,1,1.1597701618515366e-10
74,5,1,0.0
74,6,1,2.4063459558298916e-12
74,7,1,0.0
74,8,1,0.0
74,9,1,5.994219183513838e-10
74,10,1,0.0
74,11,1,7.998619926119499e-10
74,12,1,0.0
74,13,1,0.0
74,14,1,0.0
74,15,1,0.0
74,16,1,3.169368795186145e-10
74,17,1,0.0
74,18,1,4.263065421505896e-10
74,19,1,1.9998963596279395e-10
74,20,1,0.0
74,21,1,0.0
74,22,1,0.0
74,23,1,0.0
74,24,1,5.620258251848309e-10
76,1,1,0.0
76,2,1,0.0
76,3,1,3.3243495942136825e-9
76,4,1,7.867909622427671e-9
76,5,1,0.0
76,6,1,1.6199163475894007e-8
76,7,1,1.5100470783513398e-8
76,8,1,1.3237889111283874e-8
76,9,1,0.0
76,10,1,0.0
76,11,1,2.915695233862703e-9
76,12,1,2.7806992750067927e-9
76,13,1,2.4667570673597705e-8
76,14,1,0.0
76,15,1,0.0
76,16,1,0.0
76,17,1,1.7491374945666216e-9
76,18,1,6.875401213635168e-9
76,19,1,0.0
76,20,1,0.0
76,21,1,0.0
76,22,1,0.0
76,23,1,4.8270966321317665e-9
76,24,1,0.0
77,1,1,0.0
77,2,1,1.4793590137618384e-9
77,3,1,1.8640411020287573e-9
77,4,1,0.0
77,5,1,7.331779315611353e-9
77,6,1,4.37586288211389e-9
77,7,1,1.3335906889205829e-8
77,8,1,0.0
77,9,1,0.0
77,10,1,7.0149684568143744e-9
77,11,1,1.172931699683355e-9
77,12,1,3.000559141430603e-10
77,13,1,0.0
77,14,1,4.8564151207408646e-9
77,15,1,1.1374804115976689e-8
77,16,1,0.0
77,17,1,0.0
77,18,1,0.0
77,19,1,0.0
77,20,1,0.0
77,21,1,0.0
77,22,1,0.0
77,23,1,0.0
77,24,1,4.555064787165053e-9
78,1,1,0.0
78,2,1,0.0
78,3,1,0.0
78,4,1,0.0
78,5,1,0.0
78,6,1,1.7937266855866385e-8
78,7,1,0.0
78,8,1,0.0
78,9,1,0.0
78,10,1,1.065424405991e-8
78,11,1,0.0
78,12,1,0.0
78,13,1,0.0
78,14,1,1.1630260286082938e-8
78,15,1,0.0
78,16,1,3.2376348442497704e-9
78,17,1,0.0
78,18,1,0.0
78,19,1,0.0
78,20,1,1.0203942694270163e-8
78,21,1,1.7494269328316436e-8
78,22,1,0.0
78,23,1,9.206112146914469e-9
78,24,1,9.98757497885916e-9
80,1,1,1.0362532151808601e-9
80,2,1,2.3743103455542425e-9
80,3,1,0.0
80,4,1,0.0
80,5,1,5.297006687443595e-9
80,6,1,3.959752345461531e-9
80,7,1,0.0
80,8,1,0.0
80,9,1,5.540815098403762e-9
80,10,1,0.0
80,11,1,5.501035186400438e-9
80,12,1,0.0
80,13,1,4.6463390530882e-9
80,14,1,1.0173622118359038e-9
80,15,1,0.0
80,16,1,3.970151572080249e-9
80,17,1,0.0
80,18,1,0.0
80,19,1,0.0
80,20,1,0.0
80,21,1,0.0
80,22,1,2.328071350282679e-9
80,23,1,0.0
80,24,1,7.859394451220636e-9
81,1,1,0.0
81,2,1,2.5723695777635225e-9
81,3,1,8.614093955500168e-9
81,4,1,7.743845183150189e-9
81,5,1,0.0
81,6,1,2.9803867464262e-9
81,7,1,1.804941057725884e-9
81,8,1,1.5039031409092019e-9
81,9,1,3.911970174880208e-9
81,10,1,0.0
81,11,1,2.5376296654278097e-9
81,12,1,3.1551231523263557e-9
81,13,1,0.0
81,14,1,4.30612624377491e-9
81,15,1,8.444325134970843e-10
81,16,1,0.0
81,17,1,4.41463218411875e-9
81,18,1,1.3702523022490753e-8
81,19,1,2.517602879642533e-9
81,20,1,0.0
81,21,1,0.0
81,22,1,6.857661660752967e-11
81,23,1,1.6959012978656762e-9
81,24,1,0.0
82,1,1,9.901067462431135e-9
82,2,1,0.0
82,3,1,8.485049832890335e-9
82,4,1,0.0
82,5,1,1.4903747090622144e-9
82,6,1,0.0
82,7,1,0.0
82,8,1,0.0
82,9,1,3.3889555432764507e-9
82,10,1,3.85332980801234e-11
82,11,1,4.066253219553451e-9
82,12,1,9.808798322186174e-10
82,13,1,7.0692919400261456e-9
82,14,1,2.3219423016251906e-9
82,15,1,0.0
82,16,1,0.0
82,17,1,0.0
82,18,1,0.0
82,19,1,2.196481951183271e-9
82,20,1,9.456432092241895e-9
82,21,1,1.088741857085962e-9
82,22,1,0.0
82,23,1,9.951995439544392e-9
82,24,1,0.0
84,1,1,0.0
84,2,1,0.0
84,3,1,3.288677559443176e-10
84,4,1,0.0
84,5,1,0.0
84,6,1,0.0
84,7,1,0.0
84,8,1,0.0
84,9,1,0.0
84,10,1,0.0
84,11,1,0.0
84,12,1,1.152726124623027e-9
84,13,1,0.0
84,14,1,0.0
84,15,1,0.0
84,16,1,5.744021647213771e-10
84,17,1,2.7112230169268337e-10
84,18,1,1.1967156432479698e-11
84,19,1,0.0
84,20,1,4.294976631291636e-10
84,21,1,5.257425016169659e-10
84,22,1,0.0
84,23,1,2.484441020966788e-10
84,24,1,0.0
86,1,1,0.0
86,2,1,0.0
86,3,1,4.5659563803479575e-9
86,4,1,0.0
86,5,1,1.4005429805480363e-8
86,6,1,3.1182453182065917e-9
86,7,1,4.252187702641352e-9
86,8,1,0.0
86,9,1,0.0
86,10,1,0.0
86,11,1,2.6087583100686818e-9
86,12,1,9.632493348094018e-9
86,13,1,0.0
86,14,1,4.771059203961814e-9
86,15,1,0.0
86,16,1,3.660161607826895e-9
86,17,1,0.0
86,18,1,1.318711871992062e-8
86,19,1,0.0
86,20,1,0.0
86,21,1,1.3222835500148467e-9
86,22,1,0.0
86,23,1,5.7710559837886866e-9
86,24,1,0.0
87,1,1,2.177191333468942e-9
87,2,1,3.855682429582119e-9
87,3,1,0.0
87,4,1,6.318332419763539e-10
87,5,1,2.6383203850788295e-9
87,6,1,0.0
87,7,1,0.0
87,8,1,1.6227402650781375e-9
87,9,1,2.5511996855354102e-9
87,10,1,0.0
87,11,1,1.020923500252846e-8
87,12,1,0.0
87,13,1,2.387112774809852e-9
87,14,1,0.0
87,15,1,1.800640052687652e-8
87,16,1,0.0
87,17,1,1.1693526192485537e-8
87,18,1,0.0
87,19,1,1.8538091513253807e-9
87,20,1,0.0
87,21,1,0.0
87,22,1,1.3152981360314842e-8
87,23,1,0.0
87,24,1,7.329591700938609e-9
89,1,1,2.4721151688222864e-9
89,2,1,1.3534958605287972e-9
89,3,1,5.410833104485535e-9
89,4,1,0.0
89,5,1,0.0
89,6,1,0.0
89,7,1,2.468355415896628e-10
89,8,1,3.0002510545412697e-10
89,9,1,0.0
89,10,1,1.0149323149272194e-8
89,11,1,0.0
89,12,1,5.9307658124840845e-9
89,13,1,1.1442405679212841e-8
89,14,1,0.0
89,15,1,0.0
89,16,1,0.0
89,17,1,0.0
89,18,1,0.0
89,19,1,9.18676322861356e-9
89,20,1,0.0
89,21,1,6.4006455031961895e-9
89,22,1,0.0
89,23,1,6.080614279452279e-9
89,24,1,0.0
91,1,1,0.0
91,2,1,2.0462359306971933e-9
91,3,1,0.0
91,4,1,1.5488469118363213e-9
91,5,1,6.188209306090542e-9
91,6,1,0.0
91,7,1,0.0
91,8,1,0.0
91,9,1,2.1127292165745715e-8
91,10,1,0.0
91,11,1,0.0
91,12,1,0.0
91,13,1,4.751731202956577e-9
91,14,1,5.156549437446145e-9
91,15,1,1.6061872665229515e-9
91,16,1,0.0
91,17,1,0.0
91,18,1,0.0
91,19,1,0.0
91,20,1,0.0
91,21,1,0.0
91,22,1,8.502448384239969e-9
91,23,1,7.85641049438901e-9
91,24,1,2.253100012117315e-9
93,1,1,3.5810511500589115e-9
93,2,1,0.0
93,3,1,0.0
93,4,1,5.834465993670435e-9
93,5,1,8.113639177187437e-9
93,6,1,0.0
93,7,1,0.0
93,8,1,0.0
93,9,1,0.0
93,10,1,5.172040323797589e-9
93,11,1,7.571471810630115e-9
93,12,1,0.0
93,13,1,6.5062140952587555e-9
93,14,1,0.0
93,15,1,1.2590936626644122e-10
93,16,1,0.0
93,17,1,0.0
93,18,1,0.0
93,19,1,0.0
93,20,1,3.561284322994851e-10
93,21,1,0.0
93,22,1,0.0
93,23,1,2.9941622792239997e-9
93,24,1,0.0
95,1,1,4.5925235836463685e-11
95,2,1,4.647587870110215e-11
95,3,1,4.6243869844531105e-11
95,4,1,4.5933173931089755e-11
95,5,1,4.622763283279596e-11
95,6,1,4.625641536470937e-11
95,7,1,4.646505402661205e-11
95,8,1,4.6180698154429933e-11
95,9,1,4.638067707674054e-11
95,10,1,4.638620043628805e-11
95,11,1,4.627004335233664e-11
95,12,1,4.6282089272153826e-11
95,13,1,4.645814288828376e-11
95,14,1,4.628122884930974e-11
95,15,1,4.637862316414498e-11
95,16,1,4.619443716435967e-11
95,17,1,4.620162585844412e-11
95,18,1,4.645386852963895e-11
95,19,1,4.6295106637117556e-11
95,20,1,4.604255865459095e-11
95,21,1,4.600256287012883e-11
95,22,1,4.618527782440651e-11
95,23,1,4.6028791889085596e-11
95,24,1,4.621594773546178e-11
97,1,1,4.6215455073994605e-11
97,2,1,4.78626027700102e-11
97,3,1,4.685778154378539e-11
97,4,1,4.560966188060789e-11
97,5,1,4.549243620699528e-11
97,6,1,4.692123078964272e-11
97,7,1,4.7873517650121045e-11
97,8,1,4.6804754516571734e-11
97,9,1,4.731187663864489e-11
97,10,1,4.730126013097191e-11
97,11,1,4.880501558446326e-11
97,12,1,4.881448023574819e-11
97,13,1,4.974307771243858e-11
97,14,1,4.887066445968813e-11
97,15,1,4.729638902745137e-11
97,16,1,4.689175436833892e-11
97,17,1,4.687873700337519e-11
97,18,1,4.7964479610307365e-11
97,19,1,4.6943650355846245e-11
97,20,1,4.5478877608307045e-11
97,21,1,4.564743721902076e-11
97,22,1,4.681691839758528e-11
97,23,1,4.628916694393581e-11
97,24,1,4.674912540414411e-11
98,1,1,0.0
98,2,1,0.0
98,3,1,4.805864005363869e-9
98,4,1,3.1380945827996776e-9
98,5,1,0.0
98,6,1,0.0
98,7,1,0.0
98,8,1,0.0
98,9,1,0.0
98,10,1,0.0
98,11,1,9.5535929375834e-9
98,12,1,3.970437888189959e-9
98,13,1,4.115890149536394e-9
98,14,1,0.0
98,15,1,0.0
98,16,1,2.793089391717185e-9
98,17,1,8.488223311731158e-9
98,18,1,9.234905583299646e-9
98,19,1,5.902171439087223e-9
98,20,1,2.471720793317811e-9
98,21,1,0.0
98,22,1,6.069627599136762e-9
98,23,1,5.803959396422087e-11
98,24,1,0.0
99,1,1,0.0
99,2,1,3.0120984248482863e-9
99,3,1,0.0
99,4,1,7.0679921568284065e-9
99,5,1,0.0
99,6,1,0.0
99,7,1,3.2880934294765574e-9
99,8,1,0.0
99,9,1,0.0
99,10,1,0.0
99,11,1,6.367591752487467e-9
99,12,1,0.0
99,13,1,0.0
99,14,1,5.061253714744307e-9
99,15,1,0.0
99,16,1,0.0
99,17,1,1.4816564294917178e-9
99,18,1,3.052965623362436e-9
99,19,1,1.4250121915804215e-11
99,20,1,0.0
99,21,1,0.0
99,22,1,0.0
99,23,1,0.0
99,24,1,3.092859822417804e-9
100,1,1,4.890058823148191e-9
100,2,1,0.0
100,3,1,6.11526337207513e-9
100,4,1,5.537069823480234e-9
100,5,1,0.0
100,6,1,7.212347850893419e-9
100,7,1,4.841658816923111e-9
100,8,1,1.800735748014315e-9
100,9,1,5.25656936728458e-9
100,10,1,0.0
100,11,1,0.0
100,12,1,0.0
100,13,1,6.785257772312647e-11
100,14,1,0.0
100,15,1,2.8213866451465286e-9
100,16,1,3.169134607516888e-10
100,17,1,0.0
100,18,1,8.462658650232324e-9
100,19,1,3.6568655534252592e-9
100,20,1,0.0
100,21,1,8.350054113426264e-9
100,22,1,3.504034805368317e-9
100,23,1,0.0
100,24,1,2.835703248604826e-9
101,1,1,0.0
101,2,1,0.0
101,3,1,6.744839055328189e-9
101,4,1,0.0
101,5,1,1.6817234410604343e-9
101,6,1,0.0
101,7,1,0.0
101,8,1,2.953147996975769e-9
101,9,1,1.2507859935284582e-8
101,10,1,0.0
101,11,1,0.0
101,12,1,7.204325955245672e-9
101,13,1,7.710548026451658e-9
101,14,1,0.0
101,15,1,4.752227007742693e-9
101,16,1,6.565611804232319e-10
101,17,1,0.0
101,18,1,8.009745339210284e-9
101,19,1,7.32573367245859e-9
101,20,1,0.0
101,21,1,2.2057915216588952e-10
101,22,1,6.196796825674866e-10
101,23,1,0.0
101,24,1,0.0
102,1,1,0.0
102,2,1,0.0
102,3,1,1.3917071835234385e-10
102,4,1,5.106340714849944e-10
102,5,1,4.071349854473105e-11
102,6,1,2.7125835605490423e-10
102,7,1,1.6114887896323538e-10
102,8,1,0.0
102,9,1,0.0
102,10,1,5.836200932252122e-10
102,11,1,0.0
102,12,1,7.366429584376721e-10
102,13,1,0.0
102,14,1,0.0
102,15,1,8.889641453513342e-11
102,16,1,0.0
102,17,1,2.6595142581242737e-10
102,18,1,0.0
102,19,1,0.0
102,20,1,2.3198637975896386e-10
102,21,1,3.2318639431316853e-10
102,22,1,1.01289006695926e-10
102,23,1,2.015425309281893e-10
102,24,1,3.054568750715525e-10
103,1,1,7.360558447466747e-10
103,2,1,4.4916080924051194e-10
103,3,1,5.761076459637193e-10
103,4,1,2.6377397314980566e-10
103,5,1,0.0
103,6,1,0.0
103,7,1,0.0
103,8,1,1.782069804223685e-11
103,9,1,0.0
103,10,1,2.4672406132020264e-10
103,11,1,0.0
103,12,1,2.8410314292098837e-10
103,13,1,3.384167477499256e-10
103,14,1,0.0
103,15,1,1.328526403471253e-10
103,16,1,3.012524205786571e-10
103,17,1,1.9950358986359218e-10
103,18,1,3.8928797685411354e-11
103,19,1,0.0
103,20,1,1.6266415298060721e-12
103,21,1,0.0
103,22,1,0.0
103,23,1,0.0
103,24,1,0.0
105,1,1,5.330393990782278e-10
105,2,1,0.0
105,3,1,0.0
105,4,1,6.406786207460713e-9
105,5,1,0.0
105,6,1,1.05527629169766e-9
105,7,1,0.0
105,8,1,0.0
105,9,1,1.2100023311437114e-8
105,10,1,3.555762790111161e-9
105,11,1,1.3817409780583767e-8
105,12,1,0.0
105,13,1,0.0
105,14,1,2.45900371766139e-9
105,15,1,0.0
105,16,1,3.6215643071241255e-9
105,17,1,1.1594277291721022e-9
105,18,1,0.0
105,19,1,0.0
105,20,1,9.520043817504154e-9
105,21,1,2.768875484795985e-9
105,22,1,0.0
105,23,1,0.0
105,24,1,4.536441869871284e-11
106,1,1,0.0
106,2,1,0.0
106,3,1,2.0439662115623314e-11
106,4,1,3.1348955636251175e-10
106,5,1,0.0
106,6,1,7.422043873592243e-10
106,7,1,1.7645719434244977e-10
106,8,1,0.0
106,9,1,5.327427821805175e-11
106,10,1,1.5529905920269593e-10
106,11,1,0.0
106,12,1,2.1294931096260683e-10
106,13,1,1.7197019329395768e-10
106,14,1,1.215868456264091e-10
106,15,1,0.0
106,16,1,0.0
106,17,1,5.684456343135746e-10
106,18,1,1.8728173612619914e-10
106,19,1,0.0
106,20,1,0.0
106,21,1,9.283983564561948e-11
106,22,1,4.5085483176693364e-10
106,23,1,1.9086407888196932e-10
106,24,1,0.0
108,1,1,2.3532654158664457e-9
108,2,1,0.0
108,3,1,4.162676973951118e-9
108,4,1,0.0
108,5,1,0.0
108,6,1,0.0
108,7,1,8.647242505377406e-10
108,8,1,0.0
108,9,1,2.81777647048731e-9
108,10,1,1.8422764563874594e-9
108,11,1,0.0
108,12,1,1.0611386554171265e-8
108,13,1,3.5082030197530756e-9
108,14,1,0.0
108,15,1,5.896084967482729e-9
108,16,1,1.4205596005067989e-8
108,17,1,0.0
108,18,1,1.6589020851442982e-9
108,19,1,2.825070649636885e-9
108,20,1,0.0
108,21,1,4.819999538385744e-10
108,22,1,6.672999618151376e-9
108,23,1,0.0
108,24,1,0.0
109,1,1,2.3119344806643571e-10
109,2,1,5.738047762632315e-10
109,3,1,5.34591407599927e-10
109,4,1,3.085453646051173e-10
109,5,1,0.0
109,6,1,0.0
109,7,1,3.271777310881463e-10
109,8,1,0.0
109,9,1,8.992247051142765e-11
109,10,1,0.0
109,11,1,0.0
109,12,1,0.0
109,13,1,8.93120299938488e-11
109,14,1,2.716723278631261e-10
109,15,1,2.57222012786662e-10
109,16,1,0.0
109,17,1,0.0
109,18,1,3.082526647130157e-10
109,19,1,7.939904202863834e-10
109,20,1,0.0
109,21,1,0.0
109,22,1,4.68174370799046e-11
109,23,1,6.661527059137473e-11
109,24,1,0.0
110,1,1,0.0
110,2,1,2.1697770836992536e-10
110,3,1,1.6724524022626586e-10
110,4,1,0.0
110,5,1,3.9528119145926244e-10
110,6,1,0.0
110,7,1,0.0
110,8,1,1.0472331075234154e-9
110,9,1,0.0
110,10,1,4.4217692528325525e-10
110,11,1,1.5362761063286712e-10
110,12,1,0.0
110,13,1,5.652165332992176e-10
110,14,1,0.0
110,15,1,0.0
110,16,1,0.0
110,17,1,0.0
110,18,1,0.0
110,19,1,0.0
110,20,1,0.0
110,21,1,0.0
110,22,1,0.0
110,23,1,2.964351854262137e-11
110,24,1,0.0
112,1,1,0.0
112,2,1,0.0
112,3,1,0.0
112,4,1,0.0
112,5,1,0.0
112,6,1,0.0
112,7,1,0.0
112,8,1,1.1483731500450123e-10
112,9,1,4.2055759742753995e-10
112,10,1,1.96964163728941e-11
112,11,1,3.8420020116725073e-10
112,12,1,0.0
112,13,1,0.0
112,14,1,3.376152708095548e-10
112,15,1,0.0
112,16,1,3.036854621940588e-11
112,17,1,0.0
112,18,1,0.0
112,19,1,3.659528600291617e-10
112,20,1,3.848579042259326e-10
112,21,1,1.2200424177877256e-10
112,22,1,3.401228083899088e-11
112,23,1,4.669493142844816e-10
112,24,1,0.0
113,1,1,3.69783601308904e-10
113,2,1,0.0
113,3,1,0.0
113,4,1,3.239450183795123e-10
113,5,1,0.0
113,6,1,0.0
113,7,1,0.0
113,8,1,0.0
113,9,1,3.7872079951262183e-10
113,10,1,2.2622114077830435e-10
113,11,1,1.097447419398656e-9
113,12,1,6.516284786067805e-10
113,13,1,4.1003288091256973e-10
113,14,1,1.8464265012785308e-10
113,15,1,0.0
113,16,1,0.0
113,17,1,2.3025587166103367e-10
113,18,1,1.1144992758532757e-9
113,19,1,0.0
113,20,1,0.0
113,21,1,0.0
113,22,1,3.33453627557323e-10
113,23,1,0.0
113,24,1,0.0
135,1,1,4.945643200526817e-11
135,2,1,4.7743572983982574e-11
135,3,1,4.9797610479629384e-11
135,4,1,4.908511097578838e-11
135,5,1,4.937344283417744e-11
135,6,1,4.973143424846782e-11
135,7,1,4.772316569701118e-11
135,8,1,4.987146112744867e-11
135,9,1,4.7444138895347265e-11
135,10,1,4.73829309122209e-11
135,11,1,4.942285469766716e-11
135,12,1,4.9398159174263157e-11
135,13,1,4.7432752170450954e-11
135,14,1,4.9408116487015263e-11
135,15,1,4.750172477585579e-11
135,16,1,4.958731342208367e-11
135,17,1,4.973967071553176e-11
135,18,1,4.781310763979363e-11
135,19,1,4.9505441412911466e-11
135,20,1,4.8783727057966075e-11
135,21,1,4.8668291618980675e-11
135,22,1,4.915680362760355e-11
135,23,1,4.8840237409919496e-11
135,24,1,4.9465230522738324e-11
152,1,1,2.0047781490450944e-9
152,2,1,2.0080919566067834e-9
152,3,1,2.0037735359856867e-9
152,4,1,2.0047222007435472e-9
152,5,1,2.004527176191484e-9
152,6,1,1.989465397977952e-9
152,7,1,1.4811080348287042e-9
152,8,1,6.096540633437897e-11
152,9,1,3.8948816394324126e-11
152,10,1,6.102773147942386e-11
152,11,1,5.975026723392673e-11
152,12,1,5.975191869067586e-11
152,13,1,5.959862464655075e-11
152,14,1,5.97676075297926e-11
152,15,1,6.190158108321242e-11
152,16,1,6.053618717416498e-11
152,17,1,5.946840936355002e-11
152,18,1,1.9156279548737665e-9
152,19,1,2.00511423437133e-9
152,20,1,2.00633388375282e-9
152,21,1,2.005267542293243e-9
152,22,1,2.0034064199259127e-9
152,23,1,2.0063850442175735e-9
152,24,1,2.0007444034852995e-9
197,1,1,4.8513110195713693e-11
197,2,1,4.861037267156476e-11
197,3,1,4.7354932475318634e-11
197,4,1,4.853535628956962e-11
197,5,1,4.749683979454744e-11
197,6,1,4.7800208236026265e-11
197,7,1,4.860966490438656e-11
197,8,1,4.715770829388788e-11
197,9,1,4.7772098776821537e-11
197,10,1,4.7743274611544706e-11
197,11,1,4.739772463402403e-11
197,12,1,4.739816872323388e-11
197,13,1,4.7986468965088847e-11
197,14,1,4.7442626216476214e-11
197,15,1,4.772365835847836e-11
197,16,1,4.730127400875972e-11
197,17,1,4.735206671213632e-11
197,18,1,4.876675452347712e-11
197,19,1,4.737691489120621e-11
197,20,1,4.882114157389594e-11
197,21,1,4.8864155777206264e-11
197,22,1,4.724762941998861e-11
197,23,1,4.909878753567298e-11
197,24,1,4.723249569238419e-11
9,1,1,4.4127442672126094e-10
9,2,1,5.6576625329096686e-11
9,3,1,7.696636175613669e-10
9,4,1,1.9608745183141707e-11
9,5,1,0.0
9,6,1,2.373105115194285e-10
9,7,1,9.96488343230073e-10
9,8,1,5.871109154398368e-11
9,9,1,9.560638461469928e-10
9,10,1,0.0
9,11,1,0.0
9,12,1,1.5083964632900404e-10
9,13,1,0.0
9,14,1,1.7116671274797213e-10
9,15,1,2.0396521971388637e-10
9,16,1,0.0
9,17,1,0.0
9,18,1,2.1795124038881397e-10
9,19,1,1.7522423095828188e-10
9,20,1,0.0
9,21,1,4.0230096337579013e-10
9,22,1,3.445192811590836e-10
9,23,1,5.290516497113984e-10
9,24,1,6.209706221449451e-10
149,1,1,4.396737633073222e-11
149,2,1,4.397493734891437e-11
149,3,1,4.3969552112466505e-11
149,4,1,4.396927603917545e-11
149,5,1,4.3969664606392146e-11
149,6,1,4.396898732296916e-11
149,7,1,4.397720902571978e-11
149,8,1,4.396823861427645e-11
149,9,1,4.3967382660013995e-11
149,10,1,4.396714495122297e-11
149,11,1,4.396793659572562e-11
149,12,1,4.3967954031736606e-11
149,13,1,4.3967789223030616e-11
149,14,1,4.396793188347015e-11
149,15,1,4.396721607181724e-11
149,16,1,4.396762175385683e-11
149,17,1,4.396826527934612e-11
149,18,1,4.39738919928912e-11
149,19,1,4.3969053535803573e-11
149,20,1,4.396899154179836e-11
149,21,1,4.3968359099271225e-11
149,22,1,4.396819810828666e-11
149,23,1,4.39675859995255e-11
149,24,1,4.3971782556194853e-11
160,1,1,1.1709118744041014e-9
160,2,1,1.1661078422320337e-9
160,3,1,1.166771138039202e-9
160,4,1,1.1707360428325764e-9
160,5,1,1.1633347687944884e-9
160,6,1,1.1534349933506327e-9
160,7,1,8.544345717065305e-10
160,8,1,4.8287734921714787e-11
160,9,1,7.240275740061364e-11
160,10,1,6.35732022580271e-11
160,11,1,4.648958995545627e-11
160,12,1,4.6504251838275223e-11
160,13,1,4.645374362954868e-11
160,14,1,4.648748053170948e-11
160,15,1,7.334317875251628e-11
160,16,1,4.70046640499433e-11
160,17,1,4.6511711149221924e-11
160,18,1,1.1073668995664754e-9
160,19,1,1.1639007535535484e-9
160,20,1,1.1660626492160375e-9
160,21,1,1.16964092577998e-9
160,22,1,1.16847227032979e-9
160,23,1,1.1662099064224662e-9
160,24,1,1.1633314381254145e-9
151,1,1,4.950411608417582e-11
151,2,1,5.238544320551597e-11
151,3,1,4.862521496562522e-11
151,4,1,4.9551716896356623e-11
151,5,1,4.860290642172416e-11
151,6,1,4.886915871971098e-11
151,7,1,4.8390895457384175e-11
151,8,1,4.8136390706776666e-11
151,9,1,4.776841422415856e-11
151,10,1,4.782640949940742e-11
151,11,1,4.807545334051255e-11
151,12,1,4.802426512018343e-11
151,13,1,4.7937806502140745e-11
151,14,1,4.779626000539494e-11
151,15,1,4.763459071632781e-11
151,16,1,4.8537264485393194e-11
151,17,1,4.8349026171568e-11
151,18,1,5.0168834364594517e-11
151,19,1,4.85360363011722e-11
151,20,1,5.0218003366797603e-11
151,21,1,4.968968292384801e-11
151,22,1,4.8481912928721727e-11
151,23,1,4.951184601198477e-11
151,24,1,4.8568697674777894e-11
150,1,1,6.231376151689295e-11
150,2,1,6.236165235095242e-11
150,3,1,6.232607622523317e-11
150,4,1,6.232090863611632e-11
150,5,1,6.232600942298757e-11
150,6,1,6.232086651371735e-11
150,7,1,6.237609677667523e-11
150,8,1,6.231939132136365e-11
150,9,1,6.231650802512644e-11
150,10,1,6.231465774909636e-11
150,11,1,6.231825120668086e-11
150,12,1,6.231842620317487e-11
150,13,1,6.231712742403655e-11
150,14,1,6.23165539026438e-11
150,15,1,6.231450469671818e-11
150,16,1,6.231534028610321e-11
150,17,1,6.23203240002898e-11
150,18,1,6.235801392280592e-11
150,19,1,6.232204189241817e-11
150,20,1,6.232294581575774e-11
150,21,1,6.231625725960937e-11
150,22,1,6.232006034971036e-11
150,23,1,6.231256565504512e-11
150,24,1,6.232218454637145e-11
2,1,1,3.4207109367301314e-11
2,2,1,0.0
2,3,1,0.0
2,4,1,0.0
2,5,1,0.0
2,6,1,0.0
2,7,1,0.0
2,8,1,1.2357626033576707e-10
2,9,1,7.869621621026113e-12
2,10,1,0.0
2,11,1,0.0
2,12,1,0.0
2,13,1,0.0
2,14,1,0.0
2,15,1,0.0
2,16,1,0.0
2,17,1,2.2186530390655435e-11
2,18,1,0.0
2,19,1,0.0
2,20,1,0.0
2,21,1,2.9911520482706067e-10
2,22,1,0.0
2,23,1,0.0
2,24,1,0.0
4,1,1,6.302287130472979e-11
4,2,1,5.7854623548859926e-11
4,3,1,0.0
4,4,1,0.0
4,5,1,5.470598403972304e-11
4,6,1,0.0
4,7,1,0.0
4,8,1,0.0
4,9,1,2.954468964502582e-11
4,10,1,5.024060792127031e-11
4,11,1,0.0
4,12,1,3.32685979962777e-10
4,13,1,9.152770752518213e-11
4,14,1,2.915955921718958e-10
4,15,1,2.9267027865032154e-10
4,16,1,4.225098504154083e-11
4,17,1,3.048772043760347e-10
4,18,1,0.0
4,19,1,0.0
4,20,1,7.712122060288004e-11
4,21,1,3.573809584794576e-11
4,22,1,5.351438996100538e-11
4,23,1,2.961361614449085e-10
4,24,1,3.3864413614198104e-11
6,1,1,1.569112201282863e-11
6,2,1,3.3688777462126396e-10
6,3,1,0.0
6,4,1,0.0
6,5,1,3.5593261671351684e-10
6,6,1,1.3821340599795562e-10
6,7,1,0.0
6,8,1,8.302355331002431e-11
6,9,1,2.3088043282770698e-10
6,10,1,2.031165652338629e-10
6,11,1,0.0
6,12,1,0.0
6,13,1,1.6815672465586573e-10
6,14,1,0.0
6,15,1,0.0
6,16,1,5.246319351170925e-11
6,17,1,1.6621370946268144e-11
6,18,1,1.1481605249885618e-10
6,19,1,1.7607810348652109e-10
6,20,1,4.615003518226857e-11
6,21,1,4.568544154093246e-11
6,22,1,0.0
6,23,1,1.585473766163581e-10
6,24,1,0.0
12,1,1,1.6501443961258744e-10
12,2,1,0.0
12,3,1,0.0
12,4,1,0.0
12,5,1,1.0271894446134411e-11
12,6,1,0.0
12,7,1,1.582522307641554e-11
12,8,1,2.4510261875665407e-11
12,9,1,0.0
12,10,1,0.0
12,11,1,9.897754144061466e-11
12,12,1,0.0
12,13,1,2.556577866075216e-11
12,14,1,2.2109923614177518e-10
12,15,1,1.6992522666736676e-10
12,16,1,5.068726688373104e-11
12,17,1,2.1203334921171546e-10
12,18,1,0.0
12,19,1,0.0
12,20,1,0.0
12,21,1,3.430664086145896e-11
12,22,1,2.104315263706802e-10
12,23,1,0.0
12,24,1,2.3593602765936694e-10
10,1,1,0.0
10,2,1,1.1119868787716524e-10
10,3,1,1.0851522738908029e-10
10,4,1,1.5320165577837763e-10
10,5,1,4.165004320785046e-10
10,6,1,1.3168137053773947e-11
10,7,1,1.0510420572951291e-10
10,8,1,0.0
10,9,1,5.2734626940993017e-11
10,10,1,0.0
10,11,1,2.435784187092958e-10
10,12,1,7.198297802318261e-11
10,13,1,0.0
10,14,1,0.0
10,15,1,1.0811053775251608e-10
10,16,1,0.0
10,17,1,0.0
10,18,1,1.4344433615966265e-10
10,19,1,0.0
10,20,1,2.209494203474598e-10
10,21,1,0.0
10,22,1,0.0
10,23,1,2.993133757529575e-10
10,24,1,3.7038133341316263e-11
11,1,1,0.0
11,2,1,0.0
11,3,1,0.0
11,4,1,2.0077577100874322e-10
11,5,1,0.0
11,6,1,0.0
11,7,1,0.0
11,8,1,0.0
11,9,1,1.2404657162568e-10
11,10,1,0.0
11,11,1,3.331600134659496e-10
11,12,1,0.0
11,13,1,4.750175253143141e-11
11,14,1,1.8999918305340202e-10
11,15,1,0.0
11,16,1,0.0
11,17,1,0.0
11,18,1,3.324509209590154e-10
11,19,1,7.590268691348712e-12
11,20,1,0.0
11,21,1,0.0
11,22,1,0.0
11,23,1,0.0
11,24,1,0.0
16,1,1,0.0
16,2,1,0.0
16,3,1,0.0
16,4,1,0.0
16,5,1,4.274403470061472e-10
16,6,1,4.662637637098399e-11
16,7,1,0.0
16,8,1,6.10453701477276e-11
16,9,1,0.0
16,10,1,3.131323880745107e-10
16,11,1,0.0
16,12,1,0.0
16,13,1,6.182938189214227e-11
16,14,1,0.0
16,15,1,0.0
16,16,1,0.0
16,17,1,0.0
16,18,1,8.169342979869043e-11
16,19,1,0.0
16,20,1,1.7316452438631558e-10
16,21,1,7.341413518768825e-10
16,22,1,3.1509628239945187e-11
16,23,1,2.943245924758031e-10
16,24,1,1.4637271256168205e-10
17,1,1,3.419689531547476e-10
17,2,1,1.4702877110250867e-10
17,3,1,0.0
17,4,1,1.284247153066076e-10
17,5,1,2.6242019668387684e-10
17,6,1,0.0
17,7,1,0.0
17,8,1,0.0
17,9,1,0.0
17,10,1,1.17276632849439e-10
17,11,1,3.1280357470908626e-10
17,12,1,0.0
17,13,1,0.0
17,14,1,0.0
17,15,1,0.0
17,16,1,1.209237848742717e-10
17,17,1,0.0
17,18,1,0.0
17,19,1,0.0
17,20,1,0.0
17,21,1,0.0
17,22,1,0.0
17,23,1,9.09886818667438e-11
17,24,1,0.0
20,1,1,0.0
20,2,1,1.03514349869549e-11
20,3,1,0.0
20,4,1,0.0
20,5,1,1.6165553617941697e-10
20,6,1,5.200893535284301e-11
20,7,1,0.0
20,8,1,0.0
20,9,1,1.402809986228437e-10
20,10,1,3.61453953573454e-10
20,11,1,1.2729380570453142e-10
20,12,1,5.169621918044154e-10
20,13,1,0.0
20,14,1,1.2383059508347394e-10
20,15,1,6.861058596263625e-12
20,16,1,4.222686384586227e-10
20,17,1,2.2648070224784433e-10
20,18,1,0.0
20,19,1,3.5676400896023086e-10
20,20,1,3.04995560057586e-11
20,21,1,0.0
20,22,1,0.0
20,23,1,0.0
20,24,1,4.854136819633255e-11
22,1,1,0.0
22,2,1,3.532967321473457e-10
22,3,1,0.0
22,4,1,4.48918610618243e-11
22,5,1,0.0
22,6,1,0.0
22,7,1,0.0
22,8,1,0.0
22,9,1,1.2920267633553806e-10
22,10,1,5.545854123156779e-10
22,11,1,2.1808460592964707e-10
22,12,1,0.0
22,13,1,3.9369915660891763e-10
22,14,1,2.735778270590572e-10
22,15,1,1.6334028574149784e-10
22,16,1,0.0
22,17,1,5.4742446686795176e-11
22,18,1,0.0
22,19,1,1.4864497133171284e-10
22,20,1,0.0
22,21,1,0.0
22,22,1,9.272383555414265e-11
22,23,1,0.0
22,24,1,0.0
24,1,1,0.0
24,2,1,0.0
24,3,1,1.8461835532557203e-10
24,4,1,0.0
24,5,1,2.931096684810619e-10
24,6,1,0.0
24,7,1,2.2938436566866116e-10
24,8,1,1.3580874619334438e-10
24,9,1,0.0
24,10,1,0.0
24,11,1,0.0
24,12,1,2.949793187490002e-11
24,13,1,0.0
24,14,1,0.0
24,15,1,0.0
24,16,1,4.304501893814816e-11
24,17,1,2.71605848922718e-10
24,18,1,0.0
24,19,1,0.0
24,20,1,2.7447672606983886e-10
24,21,1,0.0
24,22,1,4.2061756855282795e-11
24,23,1,1.3748605032226635e-10
24,24,1,0.0
33,1,1,1.5465924374513662e-10
33,2,1,0.0
33,3,1,9.314174431729327e-11
33,4,1,3.6424301075310694e-11
33,5,1,0.0
33,6,1,1.4615963300768087e-10
33,7,1,0.0
33,8,1,3.305569012956866e-10
33,9,1,4.382233742550312e-10
33,10,1,3.0930390887418113e-10
33,11,1,0.0
33,12,1,3.6495340777209506e-10
33,13,1,0.0
33,14,1,7.383198913357703e-11
33,15,1,4.073416395855567e-10
33,16,1,0.0
33,17,1,2.751257555111408e-10
33,18,1,0.0
33,19,1,1.2823109241111297e-10
33,20,1,0.0
33,21,1,0.0
33,22,1,0.0
33,23,1,0.0
33,24,1,3.574967821773356e-10
250,1,1,4.651390601518972e-11
250,2,1,4.664175905570937e-11
250,3,1,4.6439233792108045e-11
250,4,1,4.6367058197498385e-11
250,5,1,4.648617281002717e-11
250,6,1,4.645049341149766e-11
250,7,1,4.656165668437546e-11
250,8,1,4.6526071692157944e-11
250,9,1,4.6675259769012106e-11
250,10,1,4.667337662440213e-11
250,11,1,4.655345014056808e-11
250,12,1,4.6554195020634836e-11
250,13,1,4.666046044597062e-11
250,14,1,4.6688131833507086e-11
250,15,1,4.676068158950105e-11
250,16,1,4.650350788526264e-11
250,17,1,4.64604885930626e-11
250,18,1,4.6561635459599745e-11
250,19,1,4.6416081469099256e-11
250,20,1,4.6378141960874414e-11
250,21,1,4.6460925962170076e-11
250,22,1,4.633123077723431e-11
250,23,1,4.630876934460353e-11
250,24,1,4.65188253645021e-11
32,1,1,0.0
32,2,1,1.286197121030952e-10
32,3,1,0.0
32,4,1,3.482840266189058e-10
32,5,1,1.1786636250343818e-10
32,6,1,2.804389290234077e-10
32,7,1,0.0
32,8,1,3.167952011828845e-13
32,9,1,0.0
32,10,1,0.0
32,11,1,1.9473328505270615e-10
32,12,1,0.0
32,13,1,0.0
32,14,1,0.0
32,15,1,4.234790018653456e-10
32,16,1,0.0
32,17,1,0.0
32,18,1,3.470913209624449e-10
32,19,1,3.040014975863592e-10
32,20,1,1.117203135558853e-10
32,21,1,5.396308400129612e-13
32,22,1,1.5393573915556402e-10
32,23,1,1.7729931411913924e-10
32,24,1,0.0
37,1,1,0.0
37,2,1,0.0
37,3,1,0.0
37,4,1,0.0
37,5,1,0.0
37,6,1,2.1937732186394499e-10
37,7,1,0.0
37,8,1,0.0
37,9,1,3.5821329236185306e-10
37,10,1,1.1878514838414844e-10
37,11,1,4.3247162795356786e-11
37,12,1,0.0
37,13,1,2.5564068917294236e-10
37,14,1,0.0
37,15,1,5.693218049773741e-10
37,16,1,2.4390222480574764e-10
37,17,1,0.0
37,18,1,0.0
37,19,1,1.211623093522185e-10
37,20,1,0.0
37,21,1,7.741810664763094e-11
37,22,1,1.4902378636660885e-10
37,23,1,1.6933130592144963e-10
37,24,1,0.0
39,1,1,0.0
39,2,1,0.0
39,3,1,1.7336799357225985e-10
39,4,1,4.141196344176201e-10
39,5,1,3.6295690064580555e-10
39,6,1,3.9772765636492124e-10
39,7,1,1.539279120832404e-11
39,8,1,0.0
39,9,1,0.0
39,10,1,0.0
39,11,1,1.5619167070823892e-10
39,12,1,0.0
39,13,1,5.042424811030344e-11
39,14,1,3.3792688092226797e-10
39,15,1,0.0
39,16,1,5.198027425157292e-11
39,17,1,5.6979344853491654e-11
39,18,1,0.0
39,19,1,4.58828114391352e-12
39,20,1,0.0
39,21,1,0.0
39,22,1,0.0
39,23,1,0.0
39,24,1,0.0
41,1,1,0.0
41,2,1,0.0
41,3,1,3.844492640903141e-10
41,4,1,5.859008417319345e-11
41,5,1,2.909709140297423e-10
41,6,1,6.797879065212342e-10
41,7,1,0.0
41,8,1,9.577291737450366e-11
41,9,1,0.0
41,10,1,2.0621220009342522e-10
41,11,1,5.516345713552084e-10
41,12,1,2.391379524957493e-10
41,13,1,1.489286818867619e-10
41,14,1,0.0
41,15,1,0.0
41,16,1,8.518082766917345e-11
41,17,1,0.0
41,18,1,4.1640885184435206e-11
41,19,1,5.917185491588484e-11
41,20,1,4.1545552414978815e-10
41,21,1,8.893124431308408e-11
41,22,1,2.3126319609323431e-10
41,23,1,0.0
41,24,1,0.0
43,1,1,0.0
43,2,1,0.0
43,3,1,1.6379120976184325e-10
43,4,1,2.918636443638434e-10
43,5,1,0.0
43,6,1,4.694611366318213e-11
43,7,1,0.0
43,8,1,0.0
43,9,1,6.329894247647516e-11
43,10,1,1.888860179377616e-10
43,11,1,1.477134595195828e-10
43,12,1,1.7562409859728234e-11
43,13,1,0.0
43,14,1,4.0871774020789786e-10
43,15,1,2.7603563879097237e-10
43,16,1,4.0780968879605695e-11
43,17,1,0.0
43,18,1,2.877554999836107e-10
43,19,1,3.3641255753336097e-10
43,20,1,0.0
43,21,1,2.519637345987924e-10
43,22,1,2.6653498158557554e-10
43,23,1,0.0
43,24,1,1.9821600610869794e-10
46,1,1,0.0
46,2,1,0.0
46,3,1,1.225637022428394e-10
46,4,1,0.0
46,5,1,5.5712379154471137e-14
46,6,1,4.0408526524871036e-10
46,7,1,0.0
46,8,1,0.0
46,9,1,0.0
46,10,1,7.531961165874179e-10
46,11,1,0.0
46,12,1,2.0045183568573322e-10
46,13,1,0.0
46,14,1,2.0577702736224168e-10
46,15,1,5.7290609756233124e-11
46,16,1,1.8685233915682886e-10
46,17,1,2.730141807072428e-10
46,18,1,0.0
46,19,1,0.0
46,20,1,0.0
46,21,1,5.01050013979043e-10
46,22,1,3.032935014246618e-11
46,23,1,5.164507849153566e-10
46,24,1,4.797984552462028e-11
48,1,1,0.0
48,2,1,2.0389400168241423e-9
48,3,1,0.0
48,4,1,0.0
48,5,1,0.0
48,6,1,0.0
48,7,1,0.0
48,8,1,0.0
48,9,1,1.2828624273986122e-10
48,10,1,0.0
48,11,1,0.0
48,12,1,3.0118230687214975e-9
48,13,1,0.0
48,14,1,2.3914124847035367e-9
48,15,1,4.5276837279395465e-9
48,16,1,4.384906632237673e-9
48,17,1,5.1619314656026205e-9
48,18,1,0.0
48,19,1,0.0
48,20,1,0.0
48,21,1,8.397995354680887e-10
48,22,1,0.0
48,23,1,0.0
48,24,1,0.0
56,1,1,1.0422931545628344e-9
56,2,1,9.352624508185414e-10
56,3,1,1.011065522971144e-9
56,4,1,1.2992692269286898e-9
56,5,1,5.965163918375538e-10
56,6,1,1.0978818687501501e-9
56,7,1,6.32059543592689e-10
56,8,1,3.9279012126192114e-9
56,9,1,6.8029401903424436e-9
56,10,1,0.0
56,11,1,4.5742082899202785e-9
56,12,1,2.1556406867850875e-9
56,13,1,1.3089643535746376e-9
56,14,1,0.0
56,15,1,6.8621860555007075e-9
56,16,1,0.0
56,17,1,2.5091972180590894e-9
56,18,1,1.1093263738159997e-9
56,19,1,1.0410384429504482e-9
56,20,1,9.149402416253061e-10
56,21,1,7.052334896617829e-10
56,22,1,9.896390928965104e-10
56,23,1,1.0275482340005304e-9
56,24,1,1.4873393350267605e-9
59,1,1,1.6894460413974244e-9
59,2,1,1.68736179195772e-9
59,3,1,1.6791800935833656e-9
59,4,1,1.6786323026041217e-9
59,5,1,1.679145697486284e-9
59,6,1,1.6615383929829974e-9
59,7,1,7.273353516690229e-10
59,8,1,0.0
59,9,1,0.0
59,10,1,1.0842639286412492e-10
59,11,1,1.9633197845259076e-11
59,12,1,0.0
59,13,1,0.0
59,14,1,7.547954622433295e-11
59,15,1,1.365390647767306e-10
59,16,1,0.0
59,17,1,0.0
59,18,1,1.5644772560774456e-9
59,19,1,1.6803711616608652e-9
59,20,1,1.6796488991333014e-9
59,21,1,1.6807146230313208e-9
59,22,1,1.6768456970184253e-9
59,23,1,1.678105931990359e-9
59,24,1,1.677669995980846e-9
61,1,1,8.645354881639533e-9
61,2,1,5.822447241357609e-9
61,3,1,5.136555701612533e-9
61,4,1,0.0
61,5,1,5.819823666389223e-9
61,6,1,1.2888607471214786e-8
61,7,1,6.7203324450454405e-9
61,8,1,3.024580410779243e-9
61,9,1,0.0
61,10,1,2.2906927943031063e-9
61,11,1,6.302793334120316e-9
61,12,1,6.82834419563072e-9
61,13,1,9.261004086866254e-9
61,14,1,8.63940851150713e-9
61,15,1,0.0
61,16,1,6.358857039014121e-9
61,17,1,1.6277786679327888e-9
61,18,1,6.143156502588787e-9
61,19,1,7.950817556418022e-9
61,20,1,2.8271787098910206e-9
61,21,1,2.292333079433051e-9
61,22,1,8.006875436977756e-9
61,23,1,0.0
61,24,1,8.639037850539932e-9
66,1,1,0.005999884249128268
66,2,1,0.005999882276423987
66,3,1,0.005999875074157118
66,4,1,0.005999884624722374
66,5,1,0.005999856216862307
66,6,1,0.0059998525174261574
66,7,1,0.0059999649822081004
66,8,1,0.0
66,9,1,0.0
66,10,1,0.0
66,11,1,8.585950700412681e-11
66,12,1,4.745330343947085e-11
66,13,1,0.0
66,14,1,7.334133734354653e-11
66,15,1,1.4314759794187282e-10
66,16,1,0.0
66,17,1,0.0
66,18,1,0.0059998453721303415
66,19,1,0.005999859677973987
66,20,1,0.005999876170170854
66,21,1,0.005999880768396718
66,22,1,0.005999875265811771
66,23,1,0.005999877825996201
66,24,1,0.005999855770239625
71,1,1,0.0
71,2,1,6.606164313499585e-11
71,3,1,0.0
71,4,1,0.0
71,5,1,0.0
71,6,1,3.114412287091861e-11
71,7,1,1.870410441112691e-10
71,8,1,2.2640636501009004e-10
71,9,1,3.323273158398199e-10
71,10,1,0.0
71,11,1,3.584640171500064e-10
71,12,1,0.0
71,13,1,1.618521341256729e-10
71,14,1,0.0
71,15,1,4.1593193819688956e-10
71,16,1,2.0703519714587726e-10
71,17,1,0.0
71,18,1,1.9133154522538165e-10
71,19,1,0.0
71,20,1,1.2172270396487717e-10
71,21,1,0.0
71,22,1,3.748463345276676e-11
71,23,1,2.1396915142468664e-10
71,24,1,0.0
75,1,1,0.0
75,2,1,0.0
75,3,1,0.0
75,4,1,0.0
75,5,1,0.0
75,6,1,1.0308931833180601e-10
75,7,1,0.0
75,8,1,1.0998431332343017e-11
75,9,1,0.0
75,10,1,2.4434631054615075e-10
75,11,1,1.0761545821136309e-10
75,12,1,0.0
75,13,1,5.592914187335651e-10
75,14,1,1.8695411538316442e-10
75,15,1,3.2077916711781285e-10
75,16,1,0.0
75,17,1,0.0
75,18,1,4.854638219198293e-11
75,19,1,4.5623635425151576e-10
75,20,1,0.0
75,21,1,1.3993578171223042e-10
75,22,1,7.127689410912907e-11
75,23,1,1.2086027317836923e-10
75,24,1,0.0
79,1,1,0.0
79,2,1,1.7122464453234176e-9
79,3,1,7.464555883129886e-10
79,4,1,1.9790924662976828e-9
79,5,1,0.0
79,6,1,0.0
79,7,1,0.0
79,8,1,5.050981901830176e-9
79,9,1,0.0
79,10,1,0.0
79,11,1,0.0
79,12,1,1.6317129175602574e-9
79,13,1,1.0211019963596302e-9
79,14,1,0.0
79,15,1,1.3009182047579726e-9
79,16,1,1.224077075812069e-9
79,17,1,0.0
79,18,1,7.25872435075603e-10
79,19,1,3.793274203425789e-9
79,20,1,0.0
79,21,1,5.923621645281818e-10
79,22,1,3.2316207279614595e-9
79,23,1,0.0
79,24,1,1.5651308114122964e-9
83,1,1,5.0175737315028e-9
83,2,1,3.0301645914665443e-9
83,3,1,0.0
83,4,1,3.3088245754431256e-9
83,5,1,3.5352053021076024e-9
83,6,1,3.08021215478238e-9
83,7,1,9.713483788142963e-9
83,8,1,3.837928135019819e-9
83,9,1,1.61204305459961e-9
83,10,1,0.0
83,11,1,0.0
83,12,1,0.0
83,13,1,0.0
83,14,1,0.0
83,15,1,2.9627056641334804e-9
83,16,1,0.0
83,17,1,9.174216941687519e-10
83,18,1,6.835036141239481e-9
83,19,1,1.6364401084212332e-9
83,20,1,0.0
83,21,1,1.053482613644352e-9
83,22,1,0.0
83,23,1,8.400549769693733e-10
83,24,1,5.939761571482904e-9
85,1,1,1.1415086931254592e-10
85,2,1,0.0
85,3,1,3.093689887601059e-10
85,4,1,3.6870466402216806e-10
85,5,1,1.1063584770543144e-10
85,6,1,0.0
85,7,1,0.0
85,8,1,0.0
85,9,1,4.057685437652836e-11
85,10,1,0.0
85,11,1,8.364770681668077e-11
85,12,1,0.0
85,13,1,3.3682594907658014e-10
85,14,1,0.0
85,15,1,4.1982230886139504e-10
85,16,1,0.0
85,17,1,0.0
85,18,1,1.5668856490069771e-10
85,19,1,1.864968596221317e-11
85,20,1,2.613073368795682e-10
85,21,1,2.277884131318686e-10
85,22,1,5.340892311744838e-11
85,23,1,0.0
85,24,1,0.0
88,1,1,0.0
88,2,1,0.0
88,3,1,8.613398189138977e-12
88,4,1,0.0
88,5,1,4.282731409094298e-10
88,6,1,0.0
88,7,1,0.0
88,8,1,8.747413383913827e-11
88,9,1,0.0
88,10,1,0.0
88,11,1,0.0
88,12,1,4.011059418634888e-10
88,13,1,0.0
88,14,1,0.0
88,15,1,5.84028311823026e-11
88,16,1,1.9508359337672143e-10
88,17,1,6.965376712908533e-11
88,18,1,7.740038644732383e-11
88,19,1,1.768721141770513e-10
88,20,1,0.0
88,21,1,0.0
88,22,1,0.0
88,23,1,0.0
88,24,1,0.0
90,1,1,0.0
90,2,1,0.0
90,3,1,2.4896262482143605e-10
90,4,1,0.0
90,5,1,3.0892276584038036e-10
90,6,1,0.0
90,7,1,0.0
90,8,1,2.7149578071816727e-10
90,9,1,1.1672777328053385e-10
90,10,1,0.0
90,11,1,0.0
90,12,1,0.0
90,13,1,0.0
90,14,1,1.922152402522581e-10
90,15,1,0.0
90,16,1,1.1464931087834529e-10
90,17,1,2.3814433411373237e-10
90,18,1,0.0
90,19,1,3.4074616392376633e-10
90,20,1,0.0
90,21,1,4.2823991228124747e-10
90,22,1,9.580855553359413e-11
90,23,1,1.3374411647615325e-10
90,24,1,7.128434301173492e-11
92,1,1,2.1235531388885676e-10
92,2,1,2.1895035979581368e-10
92,3,1,0.0
92,4,1,2.9937571865978896e-10
92,5,1,1.5430513811143243e-10
92,6,1,0.0
92,7,1,0.0
92,8,1,1.594328627452235e-10
92,9,1,0.0
92,10,1,4.398954707440783e-10
92,11,1,0.0
92,12,1,0.0
92,13,1,4.3928184007002713e-10
92,14,1,3.9590345585205355e-10
92,15,1,0.0
92,16,1,0.0
92,17,1,0.0
92,18,1,3.070331974774909e-10
92,19,1,4.49536588509325e-10
92,20,1,2.2232458929405396e-10
92,21,1,1.176221897658536e-10
92,22,1,4.352083970982079e-10
92,23,1,3.515241570051231e-11
92,24,1,4.7230151920337704e-11
94,1,1,1.0079651974193027e-9
94,2,1,1.0212019216360169e-9
94,3,1,1.0186189704219917e-9
94,4,1,1.0078176765349056e-9
94,5,1,1.0100696633263961e-9
94,6,1,1.0025093741261593e-9
94,7,1,7.67961760156366e-10
94,8,1,4.989775953534448e-11
94,9,1,4.6799605857295035e-11
94,10,1,4.882795556770958e-11
94,11,1,4.886730950448559e-11
94,12,1,4.894241262265453e-11
94,13,1,4.8654708734163776e-11
94,14,1,4.879316048422844e-11
94,15,1,4.9748222902268324e-11
94,16,1,4.8255607842939696e-11
94,17,1,4.7585005380490486e-11
94,18,1,9.80711182402283e-10
94,19,1,1.0109033263261402e-9
94,20,1,1.0149307089202253e-9
94,21,1,1.0226535070156917e-9
94,22,1,1.0032298672357776e-9
94,23,1,1.0161003809183722e-9
94,24,1,1.0104235434460485e-9
96,1,1,0.0
96,2,1,0.0
96,3,1,2.789731466668055e-10
96,4,1,0.0
96,5,1,2.9343341992338345e-10
96,6,1,1.318521368476322e-10
96,7,1,3.9792987308051586e-10
96,8,1,5.1012284674190056e-11
96,9,1,4.9748705155394646e-11
96,10,1,1.732048879321546e-10
96,11,1,2.9085584982158075e-10
96,12,1,2.481811596510841e-10
96,13,1,2.5945541201610745e-10
96,14,1,5.869625306631487e-10
96,15,1,0.0
96,16,1,2.686223188330672e-10
96,17,1,2.5608429959911305e-10
96,18,1,1.3599395914942747e-11
96,19,1,1.2479822730782075e-10
96,20,1,0.0
96,21,1,0.0
96,22,1,4.2764681379425795e-10
96,23,1,0.0
96,24,1,3.073253318497393e-10
450,1,1,4.6345751200428677e-11
450,2,1,4.638841200897217e-11
450,3,1,4.622450059738994e-11
450,4,1,4.61876800168565e-11
450,5,1,4.653273493536552e-11
450,6,1,4.6258251548267087e-11
450,7,1,4.639240006040792e-11
450,8,1,4.6236798599368726e-11
450,9,1,4.63385866535186e-11
450,10,1,4.6340151359438845e-11
450,11,1,4.619945075579136e-11
450,12,1,4.620121724668595e-11
450,13,1,4.6310659057635747e-11
450,14,1,4.620883870609872e-11
450,15,1,4.633669391953307e-11
450,16,1,4.6229765489292045e-11
450,17,1,4.6241626508688995e-11
450,18,1,4.636527988148828e-11
450,19,1,4.626123505847301e-11
450,20,1,4.60154613651727e-11
450,21,1,4.618022781322617e-11
450,22,1,4.625343853120364e-11
450,23,1,4.636839906888033e-11
450,24,1,4.627286180288139e-11
104,1,1,0.0
104,2,1,4.7797129969218144e-11
104,3,1,0.0
104,4,1,0.0
104,5,1,0.0
104,6,1,1.322460439767692e-10
104,7,1,0.0
104,8,1,0.0
104,9,1,0.0
104,10,1,0.0
104,11,1,0.0
104,12,1,0.0
104,13,1,2.920001653666793e-11
104,14,1,2.1571714726997815e-10
104,15,1,0.0
104,16,1,0.0
104,17,1,0.0
104,18,1,1.3972263190192846e-10
104,19,1,1.5815562141169304e-10
104,20,1,0.0
104,21,1,2.4122389415820455e-10
104,22,1,0.0
104,23,1,0.0
104,24,1,3.7647653571004636e-10
107,1,1,2.753043192721405e-10
107,2,1,7.771708450399206e-11
107,3,1,1.557084071054926e-10
107,4,1,2.63741109680915e-10
107,5,1,2.601365962917601e-10
107,6,1,0.0
107,7,1,0.0
107,8,1,4.384603183998914e-10
107,9,1,1.1383976920853467e-10
107,10,1,0.0
107,11,1,8.051448396884098e-12
107,12,1,0.0
107,13,1,0.0
107,14,1,1.3565081436600623e-10
107,15,1,2.8126557246460626e-10
107,16,1,3.0301708711655273e-10
107,17,1,0.0
107,18,1,0.0
107,19,1,1.738012598423433e-11
107,20,1,2.1793547001769387e-11
107,21,1,4.6459378011398655e-11
107,22,1,1.2587835201277597e-10
107,23,1,2.645918987381757e-10
107,24,1,0.0
300,1,1,5.141255925347691e-11
300,2,1,4.8102513483017156e-11
300,3,1,4.88029355958654e-11
300,4,1,5.0476169056107346e-11
300,5,1,4.906564915922341e-11
300,6,1,5.027788759659539e-11
300,7,1,4.978608808706658e-11
300,8,1,4.885541619283781e-11
300,9,1,4.8832073613706605e-11
300,10,1,4.8657550088476464e-11
300,11,1,4.917975034285585e-11
300,12,1,4.9284818437034265e-11
300,13,1,4.8888599347201925e-11
300,14,1,4.9316409315578805e-11
300,15,1,4.8875763011268094e-11
300,16,1,4.91400583863557e-11
300,17,1,4.8817053361179074e-11
300,18,1,5.019699170760548e-11
300,19,1,4.89279625375594e-11
300,20,1,5.066374781215277e-11
300,21,1,5.0739108303330083e-11
300,22,1,4.860474673809042e-11
300,23,1,4.976599125429043e-11
300,24,1,5.145540340565973e-11
111,1,1,2.354833602419282e-10
111,2,1,2.548984174774449e-10
111,3,1,2.1679903185189975e-10
111,4,1,0.0
111,5,1,6.141784823776586e-11
111,6,1,1.1032209607658716e-10
111,7,1,1.284249252081482e-10
111,8,1,0.0
111,9,1,2.8395550667748015e-11
111,10,1,0.0
111,11,1,0.0
111,12,1,3.82814032209855e-11
111,13,1,3.2419588975179936e-10
111,14,1,1.0332087182346461e-10
111,15,1,0.0
111,16,1,2.7644454433928267e-11
111,17,1,2.046585453191474e-10
111,18,1,0.0
111,19,1,0.0
111,20,1,0.0
111,21,1,2.1987164866565934e-10
111,22,1,3.713318888487471e-11
111,23,1,4.1804421990060403e-10
111,24,1,0.0
114,1,1,0.0
114,2,1,0.0
114,3,1,0.0
114,4,1,1.4946616166966464e-10
114,5,1,4.590902658030416e-11
114,6,1,3.264025161264783e-11
114,7,1,0.0
114,8,1,2.6879026782111737e-11
114,9,1,2.1822773449420296e-10
114,10,1,0.0
114,11,1,0.0
114,12,1,2.8022306697295107e-10
114,13,1,5.2810804340719386e-11
114,14,1,0.0
114,15,1,2.763836243202533e-10
114,16,1,1.2384017075706133e-10
114,17,1,0.0
114,18,1,9.373959941605392e-12
114,19,1,2.1140944550523955e-10
114,20,1,4.574374767862821e-10
114,21,1,1.2146879335706018e-10
114,22,1,9.146289975392463e-11
114,23,1,1.2192927223431127e-10
114,24,1,1.8390699380033126e-10
