circuit_code,hour,scen,losses
1,1,1,0.00011087934637778498
1,2,1,0.00011087936692210935
1,3,1,0.00011087933802299437
1,4,1,0.00011087933652119944
1,5,1,0.00011087933744171577
1,6,1,0.00011087933650079498
1,7,1,0.00011087936943062674
1,8,1,0.0001108793486422878
1,9,1,0.00011087935494404863
1,10,1,0.0001108793565982411
1,11,1,0.00011087935573489424
1,12,1,0.00011087935454285525
1,13,1,0.00011087935563693598
1,14,1,0.00011087935570272699
1,15,1,0.00011087935632914369
1,16,1,0.00011087934612769598
1,17,1,0.00011087934549462136
1,18,1,0.00011087936756453985
1,19,1,0.00011087933396223651
1,20,1,0.0001108793356160886
1,21,1,0.0001108793351711449
1,22,1,0.00011087933577361123
1,23,1,0.00011087933673633484
1,24,1,0.00011087933674970247
2,1,1,0.00027876713354885
2,2,1,0.00027876715230615176
2,3,1,0.0002787671237758462
2,4,1,0.000278767124334912
2,5,1,0.00027876711561718853
2,6,1,0.0002787671198573792
2,7,1,0.00027876716014165533
2,8,1,0.000278767138984023
2,9,1,0.00027876713550822695
2,10,1,0.00027876714205909455
2,11,1,0.0002787671458576932
2,12,1,0.0002787671445958723
2,13,1,0.00027876714266286576
2,14,1,0.00027876713902925786
2,15,1,0.0002787671397142398
2,16,1,0.0002787671285299903
2,17,1,0.0002787671341437927
2,18,1,0.0002787671562261913
2,19,1,0.00027876712003962887
2,20,1,0.0002787671259936196
2,21,1,0.00027876712780799473
2,22,1,0.00027876712273776285
2,23,1,0.0002787671195929463
2,24,1,0.0002787671188098156
3,1,1,0.0007394274249765983
3,2,1,0.0007394274580909263
3,3,1,0.0007394274346736124
3,4,1,0.0007394274632763966
3,5,1,0.0007394274753210226
3,6,1,0.0007394274629566352
3,7,1,0.0007394274496127384
3,8,1,0.0007394274635364693
3,9,1,0.0007394274961208287
3,10,1,0.0007394274573297422
3,11,1,0.0007394274536472185
3,12,1,0.0007394274588026578
3,13,1,0.0007394274610570385
3,14,1,0.000739427443012455
3,15,1,0.0007394274464726032
3,16,1,0.0007394274564339192
3,17,1,0.0007394274543522567
3,18,1,0.0007394274443648375
3,19,1,0.0007394274596034742
3,20,1,0.0007394274690812638
3,21,1,0.0007394274931513276
3,22,1,0.0007394274762271226
3,23,1,0.000739427451921813
3,24,1,0.0007394274770868064
4,1,1,3.6390781367012335e-10
4,2,1,3.830782236055561e-10
4,3,1,3.541677560111318e-10
4,4,1,3.5368662413171307e-10
4,5,1,3.537840736821804e-10
4,6,1,3.543000960844021e-10
4,7,1,3.8660475287305635e-10
4,8,1,3.6798869835868655e-10
4,9,1,3.735130511080211e-10
4,10,1,3.7355551672943425e-10
4,11,1,3.7201779944716143e-10
4,12,1,3.720601426760577e-10
4,13,1,3.7356664488399534e-10
4,14,1,3.722477812401095e-10
4,15,1,3.733363253506269e-10
4,16,1,3.6394654781116606e-10
4,17,1,3.6329329962736647e-10
4,18,1,3.846210644078949e-10
4,19,1,3.5289155027666135e-10
4,20,1,3.5544967793363916e-10
4,21,1,3.5529952457264707e-10
4,22,1,3.524355644531463e-10
4,23,1,3.5278966201360764e-10
4,24,1,3.5384861974651787e-10
5,1,1,0.00036010008997945826
5,2,1,0.00036010010567059795
5,3,1,0.00036010007913518975
5,4,1,0.00036010008032254237
5,5,1,0.0003601000810017108
5,6,1,0.0003601000791327177
5,7,1,0.00036010011801113745
5,8,1,0.0003601000943910252
5,9,1,0.0003601000956657587
5,10,1,0.0003601000978368865
5,11,1,0.00036010010286730145
5,12,1,0.0003601001010582167
5,13,1,0.00036010010080665705
5,14,1,0.00036010010368110046
5,15,1,0.0003601000990879531
5,16,1,0.0003601000882478416
5,17,1,0.00036010008838514114
5,18,1,0.0003601001112116923
5,19,1,0.00036010008157785317
5,20,1,0.0003601000836737069
5,21,1,0.00036010008345905046
5,22,1,0.0003601000818051786
5,23,1,0.0003601000809707439
5,24,1,0.00036010007961984807
6,1,1,6.412662398372645e-5
6,2,1,6.412664233485677e-5
6,3,1,6.412661657239769e-5
6,4,1,6.41266167728845e-5
6,5,1,6.412661429670136e-5
6,6,1,6.412661446277221e-5
6,7,1,6.412664453885733e-5
6,8,1,6.412662494541332e-5
6,9,1,6.412662975491578e-5
6,10,1,6.412663099663506e-5
6,11,1,6.412663040181925e-5
6,12,1,6.412662943099532e-5
6,13,1,6.412663126154274e-5
6,14,1,6.412663055637301e-5
6,15,1,6.412662989657089e-5
6,16,1,6.41266213116374e-5
6,17,1,6.412662131048494e-5
6,18,1,6.412664211087444e-5
6,19,1,6.412661305577019e-5
6,20,1,6.41266149173806e-5
6,21,1,6.412661366184937e-5
6,22,1,6.412661342960048e-5
6,23,1,6.412661401610017e-5
6,24,1,6.412661289989935e-5
7,1,1,0.0004905968330247771
7,2,1,0.0004905968240578213
7,3,1,0.0004905967999884821
7,4,1,0.0004905968418923674
7,5,1,0.0004905968293343005
7,6,1,0.0004905968351042623
7,7,1,0.0004905968511544859
7,8,1,0.0004905968507162284
7,9,1,0.0004905968398561668
7,10,1,0.0004905968052216942
7,11,1,0.0004905968719365901
7,12,1,0.0004905968326645873
7,13,1,0.0004905968540095383
7,14,1,0.0004905968612481277
7,15,1,0.0004905967859949053
7,16,1,0.0004905968576040732
7,17,1,0.0004905968481548258
7,18,1,0.0004905968242123917
7,19,1,0.0004905968000752319
7,20,1,0.0004905968222844995
7,21,1,0.0004905968110958709
7,22,1,0.0004905968033535835
7,23,1,0.0004905968348834303
7,24,1,0.0004905968898406036
8,1,1,0.00026483067425991794
8,2,1,0.0002648306971533172
8,3,1,0.00026483065716372174
8,4,1,0.0002648306662861183
8,5,1,0.0002648306632087779
8,6,1,0.000264830663784996
8,7,1,0.00026483069709309405
8,8,1,0.0002648306783873554
8,9,1,0.00026483068147591007
8,10,1,0.00026483068897304563
8,11,1,0.0002648306833092917
8,12,1,0.00026483068417289366
8,13,1,0.00026483069462495263
8,14,1,0.0002648306802466057
8,15,1,0.0002648306869409316
8,16,1,0.0002648306808998411
8,17,1,0.00026483068357014024
8,18,1,0.00026483069273611773
8,19,1,0.0002648306689081582
8,20,1,0.0002648306597196209
8,21,1,0.000264830668149772
8,22,1,0.00026483066198126464
8,23,1,0.00026483066809326184
8,24,1,0.0002648306631806761
9,1,1,5.0465986234749106e-5
9,2,1,5.0466003722818956e-5
9,3,1,5.0465977322831956e-5
9,4,1,5.0465976064483584e-5
9,5,1,5.0465976823554124e-5
9,6,1,5.046597781390999e-5
9,7,1,5.046600732249267e-5
9,8,1,5.046598777293109e-5
9,9,1,5.046599321774111e-5
9,10,1,5.046599306325582e-5
9,11,1,5.046599092084548e-5
9,12,1,5.0465990677183536e-5
9,13,1,5.0465992770456865e-5
9,14,1,5.046599103797718e-5
9,15,1,5.0465992756161876e-5
9,16,1,5.0465982612853584e-5
9,17,1,5.046598493410381e-5
9,18,1,5.046600719217989e-5
9,19,1,5.046597536079606e-5
9,20,1,5.046597617412427e-5
9,21,1,5.046597564283162e-5
9,22,1,5.04659755043769e-5
9,23,1,5.046597519819768e-5
9,24,1,5.046597544436631e-5
10,1,1,0.0004458380283885361
10,2,1,5.294225297333541e-6
10,3,1,0.00015237436463885954
10,4,1,0.00015237534070362076
10,5,1,0.00015237520679958094
10,6,1,0.00015138358251872087
10,7,1,5.294226043725595e-6
10,8,1,0.00044583796864305203
10,9,1,2.7266835063817516e-5
10,10,1,1.147648128207997e-5
10,11,1,0.00016602723690337725
10,12,1,0.00015884250367788325
10,13,1,8.598861758827734e-6
10,14,1,0.00013666448928099478
10,15,1,2.938226310017164e-5
10,16,1,0.00017177467522373033
10,17,1,0.0003033028227764546
10,18,1,5.2942226893612355e-6
10,19,1,0.00015928168187985588
10,20,1,0.00015928212936282737
10,21,1,0.00015928109734151256
10,22,1,0.00010376231989839617
10,23,1,0.00010374805759369797
10,24,1,9.832254983396162e-5
11,1,1,9.30403836769719e-5
11,2,1,0.0024465936416947407
11,3,1,0.0006022449337742136
11,4,1,0.0006022417794917531
11,5,1,0.0006022422540506998
11,6,1,0.0006056028476681107
11,7,1,0.0024465937499209404
11,8,1,9.304041361232152e-5
11,9,1,0.001343445403450325
11,10,1,0.0015820228149545639
11,11,1,0.0005579518723921195
11,12,1,0.0005808121260110818
11,13,1,0.0016442820145665565
11,14,1,0.0006580070977954154
11,15,1,0.0013187632263504869
11,16,1,0.00054034045883782
11,17,1,0.00025360941244700197
11,18,1,0.002446593798899719
11,19,1,0.0005793864933612809
11,20,1,0.0005793851878781982
11,21,1,0.0005793886077351682
11,22,1,0.0007957133316261537
11,23,1,0.0007957805848880725
11,24,1,0.0008218824198216012
12,1,1,0.0006439580965354635
12,2,1,0.0006439581265407937
12,3,1,0.0006439580895375036
12,4,1,0.0006439580925664807
12,5,1,0.0006439581019268044
12,6,1,0.0006439580912627367
12,7,1,0.0006439581269332272
12,8,1,0.0006439581032954554
12,9,1,0.0006439581082643169
12,10,1,0.0006439581116799158
12,11,1,0.0006439581056261997
12,12,1,0.0006439581206776433
12,13,1,0.0006439581202403009
12,14,1,0.0006439581102738341
12,15,1,0.0006439581125790543
12,16,1,0.0006439581077489994
12,17,1,0.0006439580990751669
12,18,1,0.0006439581354766667
12,19,1,0.0006439580924974198
12,20,1,0.0006439580900867344
12,21,1,0.0006439580914675046
12,22,1,0.000643958094068614
12,23,1,0.0006439580979000102
12,24,1,0.0006439580918178256
13,1,1,3.615480170695099e-10
13,2,1,3.8035537234625404e-10
13,3,1,3.519064358604652e-10
13,4,1,3.514262998277354e-10
13,5,1,3.515505672975866e-10
13,6,1,3.5203848400187655e-10
13,7,1,3.834060890618197e-10
13,8,1,3.6488054318869075e-10
13,9,1,3.703847568727775e-10
13,10,1,3.704220385282519e-10
13,11,1,3.6890267520344715e-10
13,12,1,3.689429675923543e-10
13,13,1,3.7045696650454414e-10
13,14,1,3.691067237967175e-10
13,15,1,3.702529692689023e-10
13,16,1,3.608609275871327e-10
13,17,1,3.608745147966636e-10
13,18,1,3.8146989441005026e-10
13,19,1,3.506492820022004e-10
13,20,1,3.5325216540710575e-10
13,21,1,3.5306984572964763e-10
13,22,1,3.502098606428827e-10
13,23,1,3.5033540121103185e-10
13,24,1,3.51281124027993e-10
14,1,1,6.412662508397048e-5
14,2,1,6.412664506819897e-5
14,3,1,6.412661409662974e-5
14,4,1,6.41266154370321e-5
14,5,1,6.412661311147682e-5
14,6,1,6.412661716157609e-5
14,7,1,6.412664631084221e-5
14,8,1,6.412662781806887e-5
14,9,1,6.412663279107914e-5
14,10,1,6.412663398271394e-5
14,11,1,6.412663125254712e-5
14,12,1,6.41266324744245e-5
14,13,1,6.412663323495175e-5
14,14,1,6.412663054884155e-5
14,15,1,6.412663308306644e-5
14,16,1,6.412662330865643e-5
14,17,1,6.412662543418096e-5
14,18,1,6.412664401319483e-5
14,19,1,6.412661474439961e-5
14,20,1,6.41266152340658e-5
14,21,1,6.412661431849758e-5
14,22,1,6.412661455158817e-5
14,23,1,6.412661508726946e-5
14,24,1,6.412661439002355e-5
15,1,1,0.00011062736691438445
15,2,1,0.000110627387782098
15,3,1,0.00011062735799178434
15,4,1,0.00011062735515549705
15,5,1,0.00011062735433778589
15,6,1,0.0001106273566220202
15,7,1,0.00011062739058425299
15,8,1,0.00011062736794358455
15,9,1,0.00011062737615565842
15,10,1,0.00011062737450267999
15,11,1,0.00011062737307117668
15,12,1,0.00011062737448728281
15,13,1,0.00011062737588639617
15,14,1,0.00011062737397630119
15,15,1,0.00011062737581873558
15,16,1,0.0001106273646753962
15,17,1,0.00011062736468999043
15,18,1,0.00011062738764454253
15,19,1,0.00011062735545343802
15,20,1,0.00011062735501436462
15,21,1,0.00011062735312984448
15,22,1,0.00011062735474089714
15,23,1,0.00011062735572965123
15,24,1,0.00011062735433056071
16,1,1,8.988747573629286e-5
16,2,1,8.988749721859392e-5
16,3,1,8.988746739670064e-5
16,4,1,8.988746577748782e-5
16,5,1,8.988746529717999e-5
16,6,1,8.988746719554193e-5
16,7,1,8.988749946084543e-5
16,8,1,8.988747768012851e-5
16,9,1,8.988748707666158e-5
16,10,1,8.988748673969261e-5
16,11,1,8.988748328478582e-5
16,12,1,8.988748328761114e-5
16,13,1,8.988748737534314e-5
16,14,1,8.988748420381054e-5
16,15,1,8.988748577861326e-5
16,16,1,8.988747607302665e-5
16,17,1,8.988747669681786e-5
16,18,1,8.98874982535122e-5
16,19,1,8.988746615875265e-5
16,20,1,8.988746537914814e-5
16,21,1,8.988746586775398e-5
16,22,1,8.988746541982563e-5
16,23,1,8.98874657237054e-5
16,24,1,8.98874673037532e-5
17,1,1,3.645633657823715e-5
17,2,1,3.684487949998179e-5
17,3,1,2.311805021979435e-6
17,4,1,2.3115845674181e-6
17,5,1,2.3115761090305106e-6
17,6,1,2.21708427811552e-6
17,7,1,3.684483044338781e-5
17,8,1,3.6456196849256565e-5
17,9,1,5.336949126293661e-6
17,10,1,1.4078473206123173e-5
17,11,1,8.834507249460699e-6
17,12,1,7.560723632367211e-6
17,13,1,2.36679830889061e-5
17,14,1,4.118833951796517e-6
17,15,1,8.465662822631748e-6
17,16,1,1.7417950584162405e-6
17,17,1,2.2312570615472942e-5
17,18,1,3.684483042549123e-5
17,19,1,3.894636463067371e-6
17,20,1,3.8943593874685216e-6
17,21,1,3.894467505026433e-6
17,22,1,4.1034764861656624e-9
17,23,1,4.547609082259582e-9
17,24,1,3.858311100959411e-10
18,1,1,0.00894967984261359
18,2,1,0.0015738676982522393
18,3,1,0.012665244399376599
18,4,1,0.012665245583041235
18,5,1,0.012665244630198143
18,6,1,0.012659856442575631
18,7,1,0.0012232814648138145
18,8,1,0.007583042140323309
18,9,1,0.004563263017649036
18,10,1,0.004414841792915967
18,11,1,0.005210462553883474
18,12,1,0.005185887659412394
18,13,1,0.0043783612822999125
18,14,1,0.005106717445478918
18,15,1,0.004579480051862816
18,16,1,0.008539117093297015
18,17,1,0.009024371063164342
18,18,1,0.0015142194577133382
18,19,1,0.013112357701277205
18,20,1,0.013112360277165514
18,21,1,0.013112363703250085
18,22,1,0.012781992174808392
18,23,1,0.012781906876875323
18,24,1,0.012745540841363085
19,1,1,4.7502531273478905e-5
19,2,1,4.7788003374811414e-5
19,3,1,3.0069492091265904e-6
19,4,1,3.0066321304565216e-6
19,5,1,3.0066260536938056e-6
19,6,1,2.8841422703378893e-6
19,7,1,4.7788006834067306e-5
19,8,1,4.7502426297298765e-5
19,9,1,6.9319551898993955e-6
19,10,1,1.827597780437506e-5
19,11,1,1.1497936637371263e-5
19,12,1,9.839309314400883e-6
19,13,1,3.0711572080828454e-5
19,14,1,5.358596900108417e-6
19,15,1,1.09932219544061e-5
19,16,1,2.265457564485346e-6
19,17,1,2.905873729234798e-5
19,18,1,4.778800125444142e-5
19,19,1,5.066835376056881e-6
19,20,1,5.066475219811065e-6
19,21,1,5.066615940506111e-6
19,22,1,5.266566110095317e-9
19,23,1,5.857435773415014e-9
19,24,1,4.059890570330442e-10
20,1,1,0.00011869411797449471
20,2,1,0.00011869414314136539
20,3,1,0.00011869411118552366
20,4,1,0.00011869411076069418
20,5,1,0.00011869411430755329
20,6,1,0.00011869411278071254
20,7,1,0.00011869414880307064
20,8,1,0.00011869412338712265
20,9,1,0.00011869413162926945
20,10,1,0.00011869412857685986
20,11,1,0.00011869412794459064
20,12,1,0.00011869412892460982
20,13,1,0.00011869413073176813
20,14,1,0.00011869412831053521
20,15,1,0.0001186941296924946
20,16,1,0.00011869412081066213
20,17,1,0.00011869411804662435
20,18,1,0.00011869414867208681
20,19,1,0.00011869411217314043
20,20,1,0.00011869411182835635
20,21,1,0.00011869411274847027
20,22,1,0.0001186941110678414
20,23,1,0.00011869411425452008
20,24,1,0.00011869411160880641
21,1,1,0.009492375627442854
21,2,1,0.0021793558464381227
21,3,1,0.013020091689689949
21,4,1,0.013020092793295211
21,5,1,0.01302009206976606
21,6,1,0.013015004669029686
21,7,1,0.0017950175726710225
21,8,1,0.008181362646910975
21,9,1,0.0052385489024830666
21,10,1,0.005091477746882265
21,11,1,0.005876536970640551
21,12,1,0.005852402443341244
21,13,1,0.005055281350891825
21,14,1,0.005774604867275547
21,15,1,0.005254599926767594
21,16,1,0.009099496994270203
21,17,1,0.009563768530560636
21,18,1,0.0021146953158463974
21,19,1,0.013442005897164759
21,20,1,0.013442008318998288
21,21,1,0.013442011533481344
21,22,1,0.013130303097907844
21,23,1,0.013130222319532491
21,24,1,0.013095895849960137
22,1,1,0.00014159936312489616
22,2,1,0.00014159937948198342
22,3,1,0.00014159935514388718
22,4,1,0.00014159935314487555
22,5,1,0.000141599354617421
22,6,1,0.00014159935605125438
22,7,1,0.00014159938177019126
22,8,1,0.00014159936354626854
22,9,1,0.00014159936979460887
22,10,1,0.00014159937097227505
22,11,1,0.00014159936483285402
22,12,1,0.00014159936672688295
22,13,1,0.00014159937130015665
22,14,1,0.00014159936607531883
22,15,1,0.00014159937053369827
22,16,1,0.000141599359161086
22,17,1,0.00014159935868574044
22,18,1,0.00014159938217865096
22,19,1,0.00014159935568094833
22,20,1,0.00014159935264161885
22,21,1,0.00014159935652342047
22,22,1,0.00014159935308201413
22,23,1,0.0001415993526403277
22,24,1,0.00014159935479595445
23,1,1,0.01136028834315498
23,2,1,0.0027816065053819354
23,3,1,0.015469298096639548
23,4,1,0.015469299332754564
23,5,1,0.01546929854543255
23,6,1,0.0154633749833842
23,7,1,0.0023214819343418585
23,8,1,0.009831633734800326
23,9,1,0.006391866343455986
23,10,1,0.006219447810672413
23,11,1,0.007139080510722093
23,12,1,0.0071108334907486
23,13,1,0.006177002158930248
23,14,1,0.007019770004393928
23,15,1,0.006410679533424627
23,16,1,0.010902332816937222
23,17,1,0.011443495630009732
23,18,1,0.002704378667250074
23,19,1,0.01596056048687215
23,20,1,0.015960563309553616
23,21,1,0.015960566897058444
23,22,1,0.015597625502848404
23,23,1,0.01559753146654226
23,24,1,0.015557562813823568
24,1,1,0.010629310746876727
24,2,1,0.0031983082995153873
24,3,1,0.014058987658769662
24,4,1,0.014058988706630552
24,5,1,0.014058987995699695
24,6,1,0.014054069503446148
24,7,1,0.0027701061626100375
24,8,1,0.009341334324679986
24,9,1,0.006403341249673576
24,10,1,0.006254028553930533
24,11,1,0.007047695296714421
24,12,1,0.0070234115087393694
24,13,1,0.006217231711354114
24,14,1,0.006945087104234664
24,15,1,0.006419618232759227
24,16,1,0.0102443105979886
24,17,1,0.010699190719618027
24,18,1,0.0031269527699100135
24,19,1,0.014466675058265589
24,20,1,0.014466677432528606
24,21,1,0.014466680447550269
24,22,1,0.014165523618946617
24,23,1,0.01416544545125641
24,24,1,0.014132267041498224
25,1,1,3.814933526348567e-5
25,2,1,3.8149346207195694e-5
25,3,1,3.8149330108021806e-5
25,4,1,3.814932434749331e-5
25,5,1,3.814931991105558e-5
25,6,1,3.814932086472077e-5
25,7,1,3.814935016487491e-5
25,8,1,3.814933453606322e-5
25,9,1,3.814933120920038e-5
25,10,1,3.814933393810812e-5
25,11,1,3.814933036635117e-5
25,12,1,3.8149332598599876e-5
25,13,1,3.814933299192015e-5
25,14,1,3.8149333846034825e-5
25,15,1,3.814933212504876e-5
25,16,1,3.814933146538237e-5
25,17,1,3.814932549984354e-5
25,18,1,3.814934882834543e-5
25,19,1,3.814931766168491e-5
25,20,1,3.81493279951799e-5
25,21,1,3.814932025265424e-5
25,22,1,3.8149320411767014e-5
25,23,1,3.8149323386786943e-5
25,24,1,3.81493219565865e-5
26,1,1,5.0651427442534404e-5
26,2,1,5.0651439336571694e-5
26,3,1,5.065141898855595e-5
26,4,1,5.065142070918118e-5
26,5,1,5.065141892512734e-5
26,6,1,5.065141969246831e-5
26,7,1,5.065144007391475e-5
26,8,1,5.0651425651761864e-5
26,9,1,5.0651432659060854e-5
26,10,1,5.065143313451121e-5
26,11,1,5.065143017950938e-5
26,12,1,5.065143254379193e-5
26,13,1,5.065143263643692e-5
26,14,1,5.0651430232423045e-5
26,15,1,5.0651433212127426e-5
26,16,1,5.065142445979968e-5
26,17,1,5.0651424147257864e-5
26,18,1,5.065144151218063e-5
26,19,1,5.065141965973771e-5
26,20,1,5.065141751137765e-5
26,21,1,5.065141826785478e-5
26,22,1,5.06514204563238e-5
26,23,1,5.065141790336727e-5
26,24,1,5.065142155303602e-5
27,1,1,0.00012864664258658117
27,2,1,0.00012864665895748052
27,3,1,0.0001286466398342419
27,4,1,0.0001286466358310177
27,5,1,0.00012864663738637285
27,6,1,0.00012864663759071054
27,7,1,0.00012864666294097512
27,8,1,0.00012864664547677248
27,9,1,0.0001286466526854671
27,10,1,0.00012864665256129233
27,11,1,0.0001286466508048141
27,12,1,0.00012864664939850288
27,13,1,0.00012864665464879386
27,14,1,0.00012864665115228243
27,15,1,0.0001286466525370126
27,16,1,0.00012864664466567832
27,17,1,0.00012864664432819277
27,18,1,0.00012864665863277834
27,19,1,0.00012864663542321472
27,20,1,0.00012864664008387309
27,21,1,0.00012864664017591619
27,22,1,0.00012864663888523983
27,23,1,0.00012864663621884145
27,24,1,0.0001286466379500361
28,1,1,0.017149151830789102
28,2,1,0.005371241214130527
28,3,1,0.022562767491663024
28,4,1,0.022562769130110454
28,5,1,0.02256276805065991
28,6,1,0.022555005383044602
28,7,1,0.0046850682875018415
28,8,1,0.015115015774495312
28,9,1,0.01046833165888115
28,10,1,0.010231771383009089
28,11,1,0.01148861838826879
28,12,1,0.011450182414643437
28,13,1,0.010173464444253282
28,14,1,0.01132620411010449
28,15,1,0.010494116390404727
28,16,1,0.01654121894894832
28,17,1,0.017259487363427393
28,18,1,0.005257034554359086
28,19,1,0.02320620921607296
28,20,1,0.02320621292414087
28,21,1,0.02320621768450521
28,22,1,0.02273090961418734
28,23,1,0.022730786248759034
28,24,1,0.02267842185404809
29,1,1,0.021649743315451123
29,2,1,0.0070088981135783286
29,3,1,0.02837754640246658
29,4,1,0.02837754856132293
29,5,1,0.028377547173372684
29,6,1,0.028367892390889465
29,7,1,0.006150337176525469
29,8,1,0.019123925551598284
29,9,1,0.013354392189085372
29,10,1,0.013060523769826112
29,11,1,0.014621566008857709
29,12,1,0.014573836246576441
29,13,1,0.012988087163323597
29,14,1,0.014419876837979339
29,15,1,0.01338642172088079
29,16,1,0.02089478235906084
29,17,1,0.021786772485340007
29,18,1,0.006866123103261085
29,19,1,0.029177912926008368
29,20,1,0.02917791764510424
29,21,1,0.02917792355707602
29,22,1,0.028586678966238187
29,23,1,0.028586525565747957
29,24,1,0.028521394156736313
30,1,1,0.01342388213928446
30,2,1,0.004469436712810953
30,3,1,0.017547340625691032
30,4,1,0.017547341915437182
30,5,1,0.01754734107779829
30,6,1,0.01754141569221031
30,7,1,0.003942398115682662
30,8,1,0.011878395784674112
30,9,1,0.00835154646424061
30,10,1,0.008171957334235631
30,11,1,0.009125936405415615
30,12,1,0.0090967674333407
30,13,1,0.008127689249083596
30,14,1,0.009002679219694677
30,15,1,0.008371120198770602
30,16,1,0.01296181045177434
30,17,1,0.013507763048763775
30,18,1,0.004381848618559862
30,19,1,0.018038630062806982
30,20,1,0.018038632952363635
30,21,1,0.018038636578959724
30,22,1,0.017675696496860984
30,23,1,0.017675602336970915
30,24,1,0.017635626502356727
31,1,1,7.699473447798988e-5
31,2,1,7.699474971290326e-5
31,3,1,7.699472985267927e-5
31,4,1,7.699472803092519e-5
31,5,1,7.699472788369485e-5
31,6,1,7.699472986911954e-5
31,7,1,7.699475069296352e-5
31,8,1,7.699473613883998e-5
31,9,1,7.699474176430117e-5
31,10,1,7.699474330788837e-5
31,11,1,7.699474001031227e-5
31,12,1,7.699474047770038e-5
31,13,1,7.6994743391191e-5
31,14,1,7.699474162551023e-5
31,15,1,7.699474219940542e-5
31,16,1,7.699473533389795e-5
31,17,1,7.699473496766388e-5
31,18,1,7.699474904992616e-5
31,19,1,7.69947293181885e-5
31,20,1,7.699472903666021e-5
31,21,1,7.699472929321809e-5
31,22,1,7.699472934316015e-5
31,23,1,7.6994729569635e-5
31,24,1,7.699472934519032e-5
32,1,1,0.00024288946211223963
32,2,1,0.00024288948889441276
32,3,1,0.0002428894536762654
32,4,1,0.00024288945439967008
32,5,1,0.00024288945721630465
32,6,1,0.0002428894529778965
32,7,1,0.00024288949148285266
32,8,1,0.00024288946684843693
32,9,1,0.00024288947246718634
32,10,1,0.0002428894729729826
32,11,1,0.00024288947079562328
32,12,1,0.00024288947671062213
32,13,1,0.00024288947806271833
32,14,1,0.00024288947227294293
32,15,1,0.0002428894741004839
32,16,1,0.00024288946647735182
32,17,1,0.00024288946296648173
32,18,1,0.00024288949545876935
32,19,1,0.00024288945457633744
32,20,1,0.00024288945787853615
32,21,1,0.0002428894568296371
32,22,1,0.00024288945515765198
32,23,1,0.00024288945674908418
32,24,1,0.0002428894551344099
33,1,1,0.0005150128566143138
33,2,1,0.0005150128712718003
33,3,1,0.0005150128624242101
33,4,1,0.0005150128789977711
33,5,1,0.0005150128630689698
33,6,1,0.0005150128681006827
33,7,1,0.0005150128595803497
33,8,1,0.0005150128697432195
33,9,1,0.0005150128931169345
33,10,1,0.0005150128898704108
33,11,1,0.0005150128736180003
33,12,1,0.0005150128939009919
33,13,1,0.0005150128533380383
33,14,1,0.0005150128675732661
33,15,1,0.0005150128635063521
33,16,1,0.0005150128757843297
33,17,1,0.0005150128725250711
33,18,1,0.0005150128590782887
33,19,1,0.0005150128759891735
33,20,1,0.0005150128834115893
33,21,1,0.0005150128762962668
33,22,1,0.0005150128700537104
33,23,1,0.0005150128600068705
33,24,1,0.0005150128865770376
34,1,1,0.002985828575426709
34,2,1,0.00046443612353961195
34,3,1,0.003714021081072997
34,4,1,0.0037140211904880607
34,5,1,0.0037140203739617537
34,6,1,0.0037187824513696364
34,7,1,0.0004644360977905539
34,8,1,0.003414943960330397
34,9,1,0.0008952979354365215
34,10,1,0.0010057193272603447
34,11,1,0.0026757655785106583
34,12,1,0.002704295092582575
34,13,1,0.00119582326432997
34,14,1,0.0023647441293159917
34,15,1,0.0011298858640444156
34,16,1,0.0034149424939223473
34,17,1,0.0034149451747855124
34,18,1,0.0004644360914280786
34,19,1,0.0039871081478123
34,20,1,0.0039871075052110945
34,21,1,0.003987106018519547
34,22,1,0.0034635206111288106
34,23,1,0.0034635893570008117
34,24,1,0.003414929780586824
35,1,1,7.699470935501767e-5
35,2,1,7.699467948055703e-5
35,3,1,7.69947027366319e-5
35,4,1,7.699470126776128e-5
35,5,1,7.699470062743855e-5
35,6,1,7.699470172775181e-5
35,7,1,7.699468163554654e-5
35,8,1,7.69947138862781e-5
35,9,1,7.699472498606787e-5
35,10,1,7.699472399391181e-5
35,11,1,7.69947192709409e-5
35,12,1,7.699471849139927e-5
35,13,1,7.699472410501036e-5
35,14,1,7.699472013536332e-5
35,15,1,7.699472268898654e-5
35,16,1,7.699471042706547e-5
35,17,1,7.69947103707138e-5
35,18,1,7.69946789015356e-5
35,19,1,7.69946999166841e-5
35,20,1,7.699470180000295e-5
35,21,1,7.699469982779127e-5
35,22,1,7.699470104859734e-5
35,23,1,7.699470160839363e-5
35,24,1,7.69947036989321e-5
36,1,1,0.0002578058712843399
36,2,1,0.0002578058357140265
36,3,1,0.00025780585844553504
36,4,1,0.0002578058614280728
36,5,1,0.00025780585624159396
36,6,1,0.0002578058594905249
36,7,1,0.0002578058385195116
36,8,1,0.0002578058690043469
36,9,1,0.0002578058826991276
36,10,1,0.00025780588282403507
36,11,1,0.00025780587929044043
36,12,1,0.0002578058786037929
36,13,1,0.00025780588217484034
36,14,1,0.0002578058795500472
36,15,1,0.00025780588467207854
36,16,1,0.0002578058706668233
36,17,1,0.0002578058688633071
36,18,1,0.00025780583961858793
36,19,1,0.0002578058577045675
36,20,1,0.0002578058622444572
36,21,1,0.00025780586210039173
36,22,1,0.0002578058613851639
36,23,1,0.0002578058591788366
36,24,1,0.00025780586017079706
37,1,1,8.344178077933058e-5
37,2,1,8.344174892991977e-5
37,3,1,8.344177133730624e-5
37,4,1,8.344177071966153e-5
37,5,1,8.344177091240698e-5
37,6,1,8.344177082679466e-5
37,7,1,8.344175093345183e-5
37,8,1,8.34417830433614e-5
37,9,1,8.344179579796038e-5
37,10,1,8.344179525666297e-5
37,11,1,8.344178773385658e-5
37,12,1,8.344178858435289e-5
37,13,1,8.344179622737967e-5
37,14,1,8.344178842640178e-5
37,15,1,8.344179454359864e-5
37,16,1,8.34417814315956e-5
37,17,1,8.344177933950015e-5
37,18,1,8.34417485926853e-5
37,19,1,8.344176943408588e-5
37,20,1,8.344177084657683e-5
37,21,1,8.344176973206838e-5
37,22,1,8.344177259931459e-5
37,23,1,8.344177079378594e-5
37,24,1,8.344177239092557e-5
38,1,1,8.344178093834387e-5
38,2,1,8.344175327242466e-5
38,3,1,8.344176950130594e-5
38,4,1,8.344177104443552e-5
38,5,1,8.344177166334211e-5
38,6,1,8.344177076574576e-5
38,7,1,8.344175471951714e-5
38,8,1,8.344178050934238e-5
38,9,1,8.344179583759353e-5
38,10,1,8.344179741543631e-5
38,11,1,8.344178754727233e-5
38,12,1,8.344178764313348e-5
38,13,1,8.344179754946979e-5
38,14,1,8.344179017740421e-5
38,15,1,8.344179660244696e-5
38,16,1,8.34417810675529e-5
38,17,1,8.344177931728738e-5
38,18,1,8.344175379902197e-5
38,19,1,8.344177068161166e-5
38,20,1,8.344176876450959e-5
38,21,1,8.344176928376331e-5
38,22,1,8.34417698821467e-5
38,23,1,8.344177346844124e-5
38,24,1,8.344177362353478e-5
39,1,1,0.0024515130930955996
39,2,1,0.000700961158224345
39,3,1,0.0031084595197352796
39,4,1,0.003108459662892699
39,5,1,0.0031084588556422473
39,6,1,0.003112772309310586
39,7,1,0.0007009611411048964
39,8,1,0.002837974117236743
39,9,1,0.0006230811587158712
39,10,1,0.0007152500954232094
39,11,1,0.0021737082067087017
39,12,1,0.0021992121458218506
39,13,1,0.0008759408200924242
39,14,1,0.0018965305257559232
39,15,1,0.0008199493122427647
39,16,1,0.0028379728673378446
39,17,1,0.0028379752308125825
39,18,1,0.000700961110932131
39,19,1,0.003356131757823998
39,20,1,0.0033561311276668793
39,21,1,0.003356129763875181
39,22,1,0.002881848222921761
39,23,1,0.00288191044022409
39,24,1,0.002837961412587065
40,1,1,0.00012864661152065811
40,2,1,0.00012864659250159344
40,3,1,0.0001286466043204027
40,4,1,0.00012864660469627626
40,5,1,0.00012864660759212662
40,6,1,0.00012864660744309634
40,7,1,0.00012864659452706118
40,8,1,0.00012864661621893496
40,9,1,0.0001286466295857134
40,10,1,0.00012864663488404066
40,11,1,0.00012864662210159574
40,12,1,0.0001286466230542499
40,13,1,0.00012864662935456507
40,14,1,0.0001286466228982138
40,15,1,0.00012864663018981087
40,16,1,0.0001286466110471829
40,17,1,0.00012864661510290272
40,18,1,0.0001286465922923849
40,19,1,0.00012864660502641352
40,20,1,0.00012864660742902044
40,21,1,0.0001286466060371165
40,22,1,0.00012864660360665698
40,23,1,0.00012864660853144428
40,24,1,0.00012864660627212924
41,1,1,0.0014430445407683191
41,2,1,0.0008911787175750726
41,3,1,0.0018941367327052823
41,4,1,0.001894136903816343
41,5,1,0.0018941362751022292
41,6,1,0.0018971206976408964
41,7,1,0.0008911786522152877
41,8,1,0.0017075336559404903
41,9,1,0.00026117182700756213
41,10,1,0.00031500960715813013
41,11,1,0.0012547854483886398
41,12,1,0.0012719938461750243
41,13,1,0.0004115986806009051
41,14,1,0.0010688787937321888
41,15,1,0.000377599694638844
41,16,1,0.001707532836035001
41,17,1,0.001707534480910188
41,18,1,0.0008911786720013772
41,19,1,0.0020659089362800994
41,20,1,0.002065908554261476
41,21,1,0.0020659075932662942
41,22,1,0.0017377252720345165
41,23,1,0.001737768110530595
41,24,1,0.0017075249093874139
42,1,1,0.0002059623915058832
42,2,1,7.185863975605748e-8
42,3,1,0.0003203717150604191
42,4,1,0.00032036851294730797
42,5,1,0.00032037028457299196
42,6,1,0.00032037270441558297
42,7,1,7.18622480498903e-8
42,8,1,0.00020596262482221517
42,9,1,0.0004604148596232005
42,10,1,0.0004604074809098892
42,11,1,5.3120439539657634e-5
42,12,1,5.312044112396721e-5
42,13,1,0.000663497368328218
42,14,1,4.950341876226813e-5
42,15,1,0.0006027466741113517
42,16,1,0.00020596229405893643
42,17,1,0.00020596284203079718
42,18,1,7.185652297456324e-8
42,19,1,0.00020641819472476142
42,20,1,0.00020594880340895697
42,21,1,0.00020552108243409014
42,22,1,0.00020629179039552333
42,23,1,0.00020563681265580109
42,24,1,0.0002059586872266384
43,1,1,0.0010292131794730531
43,2,1,0.0009542980724642191
43,3,1,0.0012808015185315838
43,4,1,0.0010707618634003468
43,5,1,0.0012808015501364054
43,6,1,0.0012808015334149494
43,7,1,0.0009542981408373992
43,8,1,0.001280801393225598
43,9,1,4.5460340300134875e-6
43,10,1,5.2881876579982114e-6
43,11,1,0.001280801422552807
43,12,1,0.0012808014515933003
43,13,1,6.849991651941259e-7
43,14,1,0.0012808015244002964
43,15,1,2.0282760415089658e-7
43,16,1,0.0012808014277163062
43,17,1,0.0012808015586608852
43,18,1,0.0009542979202383227
43,19,1,0.0012808014450912371
43,20,1,0.0018242576802320516
43,21,1,0.00181730005830492
43,22,1,0.0012808015294286726
43,23,1,0.0013393488753849654
43,24,1,0.00128080148774929
44,1,1,7.699447237932034e-5
44,2,1,7.108107736050253e-5
44,3,1,0.00017149140815604793
44,4,1,0.00017148854477194744
44,5,1,0.00017149015597170658
44,6,1,0.00017149228282640987
44,7,1,7.108095065454974e-5
44,8,1,7.69947065558371e-5
44,9,1,0.00030360229876111647
44,10,1,0.0003035950131020648
44,11,1,2.4814222030072625e-8
44,12,1,2.4813161898607328e-8
44,13,1,0.0005129990151503017
44,14,1,2.3432262443762846e-8
44,15,1,0.00044873092767561275
44,16,1,7.699446623783229e-5
44,17,1,7.699488102955369e-5
44,18,1,7.108109603018002e-5
44,19,1,7.73343745546524e-5
44,20,1,7.698436685666395e-5
44,21,1,7.666572594023975e-5
44,22,1,7.724005749261437e-5
44,23,1,7.67519791149115e-5
44,24,1,7.699172243709811e-5
45,1,1,6.922876462664155e-5
45,2,1,6.922875543777007e-5
45,3,1,6.92287615950629e-5
45,4,1,6.922876050063761e-5
45,5,1,6.922875885272027e-5
45,6,1,6.922875997814747e-5
45,7,1,6.922875971401973e-5
45,8,1,6.922876550377297e-5
45,9,1,6.922878890694725e-5
45,10,1,6.922878580445027e-5
45,11,1,6.922877421447386e-5
45,12,1,6.922876999382682e-5
45,13,1,6.922879212267643e-5
45,14,1,6.922877541843586e-5
45,15,1,6.922878819633888e-5
45,16,1,6.922876349285853e-5
45,17,1,6.922876046090381e-5
45,18,1,6.922875995284396e-5
45,19,1,6.922875931897103e-5
45,20,1,6.922875978230494e-5
45,21,1,6.922875863097498e-5
45,22,1,6.922876299310162e-5
45,23,1,6.922875901247724e-5
45,24,1,6.922875848192287e-5
46,1,1,0.00030958548579974383
46,2,1,0.002058612371946469
46,3,1,0.00045290270700761595
46,4,1,0.00033243526545586135
46,5,1,0.0004529027685749893
46,6,1,0.0004529026931729655
46,7,1,0.0020586124157424097
46,8,1,0.00045290269515912697
46,9,1,0.00015057403256350286
46,10,1,0.00014649461393025431
46,11,1,0.000452902753149154
46,12,1,0.00045290273219744534
46,13,1,0.0001842842220102703
46,14,1,0.0004529027856025917
46,15,1,0.0001946718895105328
46,16,1,0.00045290273359034795
46,17,1,0.0004529027696019699
46,18,1,0.0020586121656195762
46,19,1,0.0004529027199163053
46,20,1,0.0007930052609109623
46,21,1,0.0007884519644588887
46,22,1,0.0004529027389545068
46,23,1,0.0004877726804627608
46,24,1,0.00045290273241698875
47,1,1,4.6691854671326215e-5
47,2,1,0.0031669994371408463
47,3,1,0.00011041710161013064
47,4,1,5.578669228157723e-5
47,5,1,0.00011041713220772595
47,6,1,0.00011041710037327029
47,7,1,0.003166999483177774
47,8,1,0.00011041709506454603
47,9,1,0.0005299124647960903
47,10,1,0.000522219906083715
47,11,1,0.00011041710628028153
47,12,1,0.0001104170952905475
47,13,1,0.0005917951011981955
47,14,1,0.0001104171255246431
47,15,1,0.0006103389729055046
47,16,1,0.00011041712054390127
47,17,1,0.00011041711978270747
47,18,1,0.003166999181264344
47,19,1,0.0001104171234742043
47,20,1,0.00030133932006491914
47,21,1,0.0002985477468713657
47,22,1,0.0001104171052002349
47,23,1,0.00012789762210618625
47,24,1,0.00011041710855991043
48,1,1,1.1649448298447484e-5
48,2,1,0.003593993963274779
48,3,1,5.0165282984040604e-5
48,4,1,1.6388655718203107e-5
48,5,1,5.016530093412766e-5
48,6,1,5.0165288960380734e-5
48,7,1,0.0035939941587792767
48,8,1,5.016528679728479e-5
48,9,1,0.0007011459013864985
48,10,1,0.0006922601606908386
48,11,1,5.01652959628338e-5
48,12,1,5.0165291495586226e-5
48,13,1,0.0007723510269388744
48,14,1,5.0165303147653246e-5
48,15,1,0.0007936003031918359
48,16,1,5.016529584588363e-5
48,17,1,5.016530070435318e-5
48,18,1,0.003593993675711514
48,19,1,5.016529891169084e-5
48,20,1,0.00019372153525311432
48,21,1,0.00019149086281486613
48,22,1,5.016529268704054e-5
48,23,1,6.213461350548068e-5
48,24,1,5.016529148647214e-5
49,1,1,3.5718299905592695e-10
49,2,1,0.00810419415779985
49,3,1,2.6824863502567968e-5
49,4,1,7.956666736950688e-7
49,5,1,2.6824871268738145e-5
49,6,1,2.6824865137433693e-5
49,7,1,0.008104194347957106
49,8,1,2.6824868217941324e-5
49,9,1,0.0017941590587169072
49,10,1,0.0017739644065984223
49,11,1,2.6824874342303334e-5
49,12,1,2.6824872247188264e-5
49,13,1,0.001955509685036491
49,14,1,2.6824878620557274e-5
49,15,1,0.0020035077080503808
49,16,1,2.682487107098448e-5
49,17,1,2.6824862454571155e-5
49,18,1,0.008104193378545546
49,19,1,2.6824866631196763e-5
49,20,1,0.00021991256284358953
49,21,1,0.00021656229489832037
49,22,1,2.6824860213738104e-5
49,23,1,3.980279232619178e-5
49,24,1,2.6824863162857426e-5
50,1,1,3.736407156134602e-5
50,2,1,3.7364071410690956e-5
50,3,1,3.736407144473618e-5
50,4,1,3.7364071591865753e-5
50,5,1,3.7364071581994276e-5
50,6,1,3.7364071599952404e-5
50,7,1,3.736407291034511e-5
50,8,1,3.736440049398438e-5
50,9,1,3.736444309406743e-5
50,10,1,3.736436938523779e-5
50,11,1,3.736441938490884e-5
50,12,1,3.736441767720491e-5
50,13,1,3.736440597960376e-5
50,14,1,3.736441859638654e-5
50,15,1,3.736423991604191e-5
50,16,1,3.736440685326652e-5
50,17,1,3.7364434886477975e-5
50,18,1,3.7364071956461104e-5
50,19,1,3.73640715215398e-5
50,20,1,3.73640713646068e-5
50,21,1,3.7364071512837254e-5
50,22,1,3.73640716173078e-5
50,23,1,3.736407144523208e-5
50,24,1,3.736407118504659e-5
51,1,1,5.2564591426954435e-5
51,2,1,5.256458929976978e-5
51,3,1,5.2564584105882416e-5
51,4,1,5.256458676339639e-5
51,5,1,5.256458886862335e-5
51,6,1,5.2564594187983965e-5
51,7,1,5.256459353123486e-5
51,8,1,5.2564919727224915e-5
51,9,1,5.256496733912516e-5
51,10,1,5.25649070502579e-5
51,11,1,5.256494119443445e-5
51,12,1,5.256494435913859e-5
51,13,1,5.2564929766721716e-5
51,14,1,5.25649408253708e-5
51,15,1,5.256475617665008e-5
51,16,1,5.25649270161994e-5
51,17,1,5.256495174986159e-5
51,18,1,5.256459448658972e-5
51,19,1,5.256458625385494e-5
51,20,1,5.2564594258039404e-5
51,21,1,5.256459095941473e-5
51,22,1,5.256459376581342e-5
51,23,1,5.256459084654349e-5
51,24,1,5.256459082642335e-5
52,1,1,0.00010501817490845021
52,2,1,0.00010501817194180761
52,3,1,0.00010501819215057368
52,4,1,0.00010501817751345633
52,5,1,0.0001050181758447094
52,6,1,0.00010501819883273724
52,7,1,0.00010501821755045544
52,8,1,0.00010501850993666646
52,9,1,0.00010501854337512547
52,10,1,0.00010501851439021843
52,11,1,0.0001050185280594234
52,12,1,0.0001050185273001891
52,13,1,0.00010501850358596725
52,14,1,0.00010501853463371859
52,15,1,0.00010501834689077486
52,16,1,0.00010501850169145862
52,17,1,0.00010501852567561152
52,18,1,0.00010501821477808917
52,19,1,0.00010501819770016351
52,20,1,0.00010501818375007619
52,21,1,0.00010501819031946717
52,22,1,0.00010501818354242231
52,23,1,0.0001050181874716939
52,24,1,0.00010501818971295794
53,1,1,0.0005761385031144414
53,2,1,0.0005761386774714727
53,3,1,0.0005761386574524639
53,4,1,0.0005761386065510697
53,5,1,0.0005761386586300505
53,6,1,0.0005761385921406303
53,7,1,0.0005761385060778914
53,8,1,0.00042563768009632385
53,9,1,0.0005371343907789407
53,10,1,0.0003806876180459869
53,11,1,0.00015897236160449885
53,12,1,0.0001582095437981883
53,13,1,0.0002763697924459609
53,14,1,0.00019800514238223083
53,15,1,0.00042158709754982446
53,16,1,0.0003040844092112668
53,17,1,0.0005279927765960285
53,18,1,0.0005761385926436271
53,19,1,0.0005761387194240617
53,20,1,0.0005761386171387945
53,21,1,0.0005761386717211054
53,22,1,0.0005761386212210606
53,23,1,0.0005761385556942874
53,24,1,0.0005761387091160247
54,1,1,2.6220161070329962e-5
54,2,1,2.6220161036506754e-5
54,3,1,2.6220161104457153e-5
54,4,1,2.6220160926766873e-5
54,5,1,2.6220161280154135e-5
54,6,1,2.622016131530786e-5
54,7,1,2.62201618585606e-5
54,8,1,2.6220460033651333e-5
54,9,1,2.6220531809210408e-5
54,10,1,2.6220353815305453e-5
54,11,1,2.6220509138643856e-5
54,12,1,2.6220510576770184e-5
54,13,1,2.6220489951531748e-5
54,14,1,2.622050676734031e-5
54,15,1,2.6220352644249488e-5
54,16,1,2.6220497464058116e-5
54,17,1,2.6220525980069937e-5
54,18,1,2.6220161145418532e-5
54,19,1,2.6220161079194582e-5
54,20,1,2.6220161129688798e-5
54,21,1,2.6220161340471375e-5
54,22,1,2.6220161079401787e-5
54,23,1,2.622016109424045e-5
54,24,1,2.6220160993273295e-5
55,1,1,0.00052762974363234
55,2,1,0.0005276297435353402
55,3,1,0.0005276297436137144
55,4,1,0.0005276297437387693
55,5,1,0.0005276297437496369
55,6,1,0.0005276297442452704
55,7,1,0.000527629759577712
55,8,1,0.0005276300782708639
55,9,1,0.0005276301332235197
55,10,1,0.0005276299395020088
55,11,1,0.0005276301013396877
55,12,1,0.0005276301056426987
55,13,1,0.000527630082021792
55,14,1,0.0005276301015276164
55,15,1,0.0005276299363808704
55,16,1,0.0005276300893430311
55,17,1,0.0005276301188943168
55,18,1,0.000527629745318714
55,19,1,0.0005276297436239021
55,20,1,0.0005276297436694772
55,21,1,0.0005276297436022226
55,22,1,0.0005276297436427307
55,23,1,0.0005276297436746842
55,24,1,0.0005276297436898402
56,1,1,9.224170252132874e-5
56,2,1,9.224179359978425e-5
56,3,1,9.224179944280766e-5
56,4,1,9.224178622732824e-5
56,5,1,9.224176553527794e-5
56,6,1,9.224172604182021e-5
56,7,1,9.22416900253251e-5
56,8,1,2.1991835854615577e-5
56,9,1,7.055254409058843e-5
56,10,1,9.343412333706221e-6
56,11,1,4.9234371202923336e-5
56,12,1,4.9856998788051395e-5
56,13,1,1.333079433708461e-6
56,14,1,2.3820311245879786e-5
56,15,1,2.0666614040146873e-5
56,16,1,1.1609046381407877e-9
56,17,1,6.578689297667463e-5
56,18,1,9.224169581098625e-5
56,19,1,9.224176513287905e-5
56,20,1,9.224177305165287e-5
56,21,1,9.224178096376234e-5
56,22,1,9.22417729072182e-5
56,23,1,9.224172562014572e-5
56,24,1,9.224182460531204e-5
57,1,1,0.00013104178223508008
57,2,1,0.00013104178205688722
57,3,1,0.0001310417822125869
57,4,1,0.00013104178225457522
57,5,1,0.0001310417822778248
57,6,1,0.00013104178237934093
57,7,1,0.00013104178705902254
57,8,1,0.0001310421030638148
57,9,1,0.0001310421530309085
57,10,1,0.00013104209890091388
57,11,1,0.0001310421291295411
57,12,1,0.00013104212949819843
57,13,1,0.00013104210962221872
57,14,1,0.0001310421276917809
57,15,1,0.00013104195827928804
57,16,1,0.000131042112343712
57,17,1,0.0001310421320076304
57,18,1,0.00013104178269768158
57,19,1,0.00013104178223508168
57,20,1,0.00013104178223801322
57,21,1,0.00013104178220248535
57,22,1,0.00013104178230085626
57,23,1,0.00013104178220901922
57,24,1,0.00013104178221974333
58,1,1,5.240571772594921e-7
58,2,1,5.240562891039562e-7
58,3,1,5.240571875123213e-7
58,4,1,5.240564481737622e-7
58,5,1,5.24057027531756e-7
58,6,1,5.240571302496518e-7
58,7,1,5.240565713327722e-7
58,8,1,5.241997871667762e-7
58,9,1,5.242437554787276e-7
58,10,1,5.241998143725423e-7
58,11,1,5.242413779684212e-7
58,12,1,5.242419187080721e-7
58,13,1,5.242230724593729e-7
58,14,1,5.242417779549747e-7
58,15,1,5.241646565073546e-7
58,16,1,5.242380241348254e-7
58,17,1,5.242417876272594e-7
58,18,1,5.240570905888158e-7
58,19,1,5.240568833882934e-7
58,20,1,5.240565332563716e-7
58,21,1,5.240573753549776e-7
58,22,1,5.24056606878779e-7
58,23,1,5.24057435648071e-7
58,24,1,5.240581218100345e-7
59,1,1,0.0005008495332799775
59,2,1,0.0005008498654365819
59,3,1,0.0005008498144941456
59,4,1,0.0005008498293439861
59,5,1,0.0005008498215055519
59,6,1,0.0005078849250900577
59,7,1,0.0008050693937190712
59,8,1,0.0009477786461090861
59,9,1,0.0009477788394089942
59,10,1,0.0009477786550892329
59,11,1,0.0009477788224270635
59,12,1,0.000947778819803462
59,13,1,0.0009477788015783868
59,14,1,0.0009477788154198578
59,15,1,0.0009477786447630402
59,16,1,0.0009477787963777202
59,17,1,0.0009477788268113359
59,18,1,0.0005451282799986349
59,19,1,0.000500849716966417
59,20,1,0.0005008496902594072
59,21,1,0.000500849655291378
59,22,1,0.0005008497211478993
59,23,1,0.0005008495687164655
59,24,1,0.0005008497983346933
60,1,1,0.00031305763704062527
60,2,1,0.0003130578569000381
60,3,1,0.00031305782203204106
60,4,1,0.0003130578327570184
60,5,1,0.0003130578271318057
60,6,1,0.00031767251544660274
60,7,1,0.0005134859535784968
60,8,1,0.0006079114776811903
60,9,1,0.000607911658730556
60,10,1,0.0006079114820158186
60,11,1,0.0006079116428291165
60,12,1,0.0006079116419018425
60,13,1,0.0006079116222430734
60,14,1,0.0006079116408122917
60,15,1,0.0006079114740280017
60,16,1,0.0006079116230404669
60,17,1,0.0006079116476580517
60,18,1,0.0003421230413501396
60,19,1,0.00031305775803892996
60,20,1,0.00031305774166587877
60,21,1,0.00031305771847851013
60,22,1,0.0003130577607265054
60,23,1,0.00031305766239519696
60,24,1,0.00031305781211842535
61,1,1,0.0005572698837200769
61,2,1,0.000557270296571598
61,3,1,0.0005572702307717275
61,4,1,0.0005572702509298844
61,5,1,0.0005572702401543761
61,6,1,0.0005659301016374733
61,7,1,0.000935486532586499
61,8,1,0.0011146782075587985
61,9,1,0.0011146783890903242
61,10,1,0.0011146782192711616
61,11,1,0.0011146783766602315
61,12,1,0.001114678375908741
61,13,1,0.0011146783527892726
61,14,1,0.0011146783726744484
61,15,1,0.0011146782135260205
61,16,1,0.0011146783582614993
61,17,1,0.0011146783858708793
61,18,1,0.0006118622108013103
61,19,1,0.0005572701101349093
61,20,1,0.0005572700794598133
61,21,1,0.0005572700364366255
61,22,1,0.0005572701156564494
61,23,1,0.0005572699307104242
61,24,1,0.0005572702115798262
62,1,1,0.0002882937180850897
62,2,1,0.00028829404130749164
62,3,1,0.00028829398994028216
62,4,1,0.00028829400605235184
62,5,1,0.0002882939973694011
62,6,1,0.0002950981906986258
62,7,1,0.0006039986164651425
62,8,1,0.0007627938395253237
62,9,1,0.0007627940146475566
62,10,1,0.0007627938368755463
62,11,1,0.0007627939979492143
62,12,1,0.0007627939978856873
62,13,1,0.000762793977887516
62,14,1,0.0007627939989158856
62,15,1,0.0007627938338007649
62,16,1,0.0007627939839793764
62,17,1,0.000762794007783292
62,18,1,0.0003316088289986279
62,19,1,0.0002882938953986195
62,20,1,0.0002882938713777746
62,21,1,0.00028829383769269756
62,22,1,0.00028829389973395874
62,23,1,0.0002882937547370568
62,24,1,0.00028829397493895185
63,1,1,6.093592589510439e-11
63,2,1,6.083083223176315e-11
63,3,1,6.087738950401756e-11
63,4,1,6.093494843400822e-11
63,5,1,6.086079429051253e-11
63,6,1,6.085447113000082e-11
63,7,1,6.079521502319528e-11
63,8,1,1.682302175490233e-6
63,9,1,1.6824839169916501e-6
63,10,1,1.6823027461747977e-6
63,11,1,1.6824776953075548e-6
63,12,1,1.6824774490054441e-6
63,13,1,1.6824225596549676e-6
63,14,1,1.6824766114467647e-6
63,15,1,1.6823019374723588e-6
63,16,1,1.6824645712646725e-6
63,17,1,1.6824748091072856e-6
63,18,1,6.081092313932419e-11
63,19,1,6.084174746726573e-11
63,20,1,6.087586435574028e-11
63,21,1,6.091865114305193e-11
63,22,1,6.088480097227873e-11
63,23,1,6.087965002918131e-11
63,24,1,6.084968562959652e-11
64,1,1,1.675372681839778e-5
64,2,1,9.755131571774648e-5
64,3,1,2.4215474061148807e-5
64,4,1,0.0001415286790616508
64,5,1,4.734492496693762e-5
64,6,1,4.664747333830134e-5
64,7,1,9.755081945757932e-5
64,8,1,6.863978950923295e-5
64,9,1,4.640914444445966e-6
64,10,1,3.596703032834857e-6
64,11,1,7.50982009703532e-5
64,12,1,7.56405461810316e-5
64,13,1,5.118232813767849e-6
64,14,1,4.527842918587026e-5
64,15,1,4.338560571130094e-6
64,16,1,5.194137452999442e-5
64,17,1,5.074741817842976e-5
64,18,1,9.755122871602281e-5
64,19,1,1.6753540920154002e-5
64,20,1,4.5431643392673034e-5
64,21,1,4.956953685588346e-5
64,22,1,2.1602951200346614e-6
64,23,1,4.226012448980308e-5
64,24,1,2.8672755383562837e-6
65,1,1,3.709227598771192e-7
65,2,1,0.0009127599418505004
65,3,1,6.584824143382885e-5
65,4,1,3.3814290847182043e-6
65,5,1,4.02043761979527e-5
65,6,1,3.778288154310529e-5
65,7,1,0.0006420740717762725
65,8,1,7.420461857229614e-5
65,9,1,0.00014708128606704914
65,10,1,0.000124190135752758
65,11,1,2.6491154556123228e-5
65,12,1,2.3004091971915254e-5
65,13,1,0.00010125148433550445
65,14,1,4.297685556877996e-5
65,15,1,0.00010030681900149854
65,16,1,3.35466485572912e-5
65,17,1,2.996331035138819e-5
65,18,1,0.0006140009210099104
65,19,1,5.069305579220938e-5
65,20,1,3.7153829264437167e-6
65,21,1,2.1758501616831483e-6
65,22,1,3.864914779330125e-5
65,23,1,2.0655418086508237e-6
65,24,1,5.38618213898312e-6
66,1,1,0.00032577025880322047
66,2,1,0.0002839457386253749
66,3,1,0.00012741324992919097
66,4,1,0.0004245238387860032
66,5,1,0.00019363982314435474
66,6,1,0.00019813518307500397
66,7,1,0.00014895018811782843
66,8,1,0.0001542164776712184
66,9,1,4.2229537926868313e-8
66,10,1,3.726424112610713e-7
66,11,1,0.0001770222067627048
66,12,1,0.00017440849379301679
66,13,1,3.2987581193352818e-6
66,14,1,0.00010810214710827707
66,15,1,3.151959702512408e-6
66,16,1,0.0002130005517786397
66,17,1,0.00022076096369558513
66,18,1,0.00013619899031242196
66,19,1,0.00014020555363444153
66,20,1,0.0004722831428563816
66,21,1,0.00045984882667059407
66,22,1,0.00010089451155347479
66,23,1,0.0004473276697271712
66,24,1,0.00023318595844153204
67,1,1,1.2947345581027267e-5
67,2,1,0.00016381276992411925
67,3,1,2.0861233523414902e-5
67,4,1,0.0001618899697187542
67,5,1,4.707182497212808e-5
67,6,1,4.625884187031516e-5
67,7,1,0.00016381203685418382
67,8,1,7.230332747669293e-5
67,9,1,1.7614974481589138e-6
67,10,1,1.0509688069174643e-6
67,11,1,8.007771209093811e-5
67,12,1,8.07326270418637e-5
67,13,1,2.113748397650049e-6
67,14,1,4.4665945293216235e-5
67,15,1,1.5469288122428578e-6
67,16,1,5.245465542830251e-5
67,17,1,5.10524911404079e-5
67,18,1,0.00016381267870945704
67,19,1,1.294716172457952e-5
67,20,1,4.484400144872958e-5
67,21,1,4.967185968304194e-5
67,22,1,8.537258579782216e-6
67,23,1,4.11694127535729e-5
67,24,1,6.196250005512978e-7
68,1,1,6.794192421606313e-6
68,2,1,0.0002326210357219004
68,3,1,1.3384234679936331e-5
68,4,1,0.00015611513444654224
68,5,1,3.777385087348288e-5
68,6,1,3.6985079744983646e-5
68,7,1,0.0002326200758437952
68,8,1,6.281977619716161e-5
68,9,1,1.99265943552594e-8
68,10,1,3.588750845968312e-8
68,11,1,7.070279028992705e-5
68,12,1,7.136960539167628e-5
68,13,1,7.749600933744302e-8
68,14,1,3.544370150411243e-5
68,15,1,2.5468563554275163e-9
68,16,1,4.303092820580253e-5
68,17,1,4.165612996546026e-5
68,18,1,0.00023262090624125763
68,19,1,6.794022869583265e-6
68,20,1,3.5615720374283056e-5
68,21,1,4.0306074702919594e-5
68,22,1,2.007593528597695e-5
68,23,1,3.208145303547108e-5
68,24,1,2.0007849075815558e-7
69,1,1,1.436300673442558e-6
69,2,1,1.4362858679187752e-6
69,3,1,1.4362909353259744e-6
69,4,1,1.436293216099686e-6
69,5,1,1.4362914597216737e-6
69,6,1,1.436294852021105e-6
69,7,1,1.4362874430686942e-6
69,8,1,1.4362890387234692e-6
69,9,1,1.4362892924588327e-6
69,10,1,1.4362894119572249e-6
69,11,1,1.436289489645417e-6
69,12,1,1.4362888116029906e-6
69,13,1,1.4362867442631241e-6
69,14,1,1.4362897266734686e-6
69,15,1,1.4362893862961313e-6
69,16,1,1.436291368085724e-6
69,17,1,1.4362910473979542e-6
69,18,1,1.4362863884306822e-6
69,19,1,1.4362912424166457e-6
69,20,1,1.436294461167152e-6
69,21,1,1.4362943945340427e-6
69,22,1,1.4362970077726056e-6
69,23,1,1.436294710766914e-6
69,24,1,1.4362974111601406e-6
70,1,1,0.0003269708764462891
70,2,1,0.0003269708521721453
70,3,1,0.0003269708659406389
70,4,1,0.00032697087137991505
70,5,1,0.0003269708728184914
70,6,1,0.0003269708646919356
70,7,1,0.00032697085762705417
70,8,1,0.00032697086632353564
70,9,1,0.000326970860090805
70,10,1,0.00032697085886265764
70,11,1,0.00032697086470209736
70,12,1,0.000326970867291713
70,13,1,0.0003269708564769346
70,14,1,0.00032697086257813576
70,15,1,0.00032697086258825256
70,16,1,0.00032697086348045033
70,17,1,0.00032697086794249326
70,18,1,0.0003269708541337386
70,19,1,0.000326970857149801
70,20,1,0.00032697087642226684
70,21,1,0.0003269708780634211
70,22,1,0.0003269708690577279
70,23,1,0.00032697087630007585
70,24,1,0.00032697086853464394
71,1,1,8.631662809412938e-5
71,2,1,0.0011974449734596007
71,3,1,0.0002463891709629236
71,4,1,0.00010691265579763348
71,5,1,0.00020112802931966054
71,6,1,0.0001964595413612206
71,7,1,0.0009259051251267256
71,8,1,0.00025996452711531646
71,9,1,0.0003657739450303556
71,10,1,0.0003343283129228394
71,11,1,0.00017326111877739633
71,12,1,0.00016547019222188516
71,13,1,0.00030138559940161037
71,14,1,0.00020636768080529175
71,15,1,0.00029999153934599847
71,16,1,0.00018805934094723827
71,17,1,0.00018068584930559664
71,18,1,0.0008969384871947724
71,19,1,0.00022044167034094176
71,20,1,5.0805033836712816e-5
71,21,1,5.6453204288638275e-5
71,22,1,0.0001981399229514271
71,23,1,5.693955909210241e-5
71,24,1,0.00011558488131878108
72,1,1,0.00018410345210904635
72,2,1,0.00018410343366963045
72,3,1,0.00018410344523306677
72,4,1,0.00018410345372914857
72,5,1,0.00018410345005988668
72,6,1,0.00018410344617064171
72,7,1,0.00018410344135425064
72,8,1,0.00018410344755118827
72,9,1,0.00018410344027842084
72,10,1,0.00018410344022784105
72,11,1,0.00018410344146471653
72,12,1,0.00018410344719729373
72,13,1,0.00018410344096208168
72,14,1,0.00018410344240245093
72,15,1,0.00018410344120369545
72,16,1,0.00018410344235469435
72,17,1,0.0001841034466188246
72,18,1,0.00018410343505072043
72,19,1,0.00018410344064747694
72,20,1,0.00018410345492660344
72,21,1,0.0001841034509065474
72,22,1,0.00018410344946836446
72,23,1,0.00018410345095643866
72,24,1,0.00018410344772884336
73,1,1,5.237106826410058e-5
73,2,1,5.237105522444749e-5
73,3,1,5.2371067372507994e-5
73,4,1,5.237106793752516e-5
73,5,1,5.237106861113681e-5
73,6,1,5.237106763988476e-5
73,7,1,5.237105519142085e-5
73,8,1,5.2371065607911774e-5
73,9,1,5.2371060988617453e-5
73,10,1,5.237106066527835e-5
73,11,1,5.237106462977293e-5
73,12,1,5.237106470593252e-5
73,13,1,5.2371061020533316e-5
73,14,1,5.237106316887816e-5
73,15,1,5.237106040409057e-5
73,16,1,5.237106335890136e-5
73,17,1,5.237106310071319e-5
73,18,1,5.237105314030181e-5
73,19,1,5.237106246127987e-5
73,20,1,5.2371065324710245e-5
73,21,1,5.237106613941078e-5
73,22,1,5.2371064831126996e-5
73,23,1,5.237106625252499e-5
73,24,1,5.237106573586455e-5
74,1,1,1.1348644153294254e-6
74,2,1,1.0130278794450816e-6
74,3,1,2.8112651694279234e-6
74,4,1,4.123440033671105e-6
74,5,1,3.2206809165242822e-6
74,6,1,4.6170486025446565e-6
74,7,1,2.14172659387479e-5
74,8,1,2.7445832590821522e-5
74,9,1,5.733949823160554e-5
74,10,1,9.633507588062564e-5
74,11,1,0.00012126768158466702
74,12,1,0.00013218827925498843
74,13,1,0.00013067507311816424
74,14,1,0.0001260840352589465
74,15,1,0.0001255558093083486
74,16,1,0.00012714412528275904
74,17,1,0.00012502873191997128
74,18,1,0.00011797476728108336
74,19,1,0.00010108305050177513
74,20,1,8.641027871926018e-5
74,21,1,6.784724886424103e-5
74,22,1,6.011540546792707e-5
74,23,1,6.149152796194407e-5
74,24,1,7.134347146127334e-5
75,1,1,0.0006011130431991334
75,2,1,0.005176261875295419
75,3,1,0.001393720075601835
75,4,1,0.0007706360238719555
75,5,1,0.0012005231305895288
75,6,1,0.001211504863815574
75,7,1,0.004745692768934647
75,8,1,0.0018356939227024127
75,9,1,0.0026586277805871633
75,10,1,0.002803916362734502
75,11,1,0.0020188996135075154
75,12,1,0.0020261615813177503
75,13,1,0.0028469436262789495
75,14,1,0.0022536839237079806
75,15,1,0.0028071135777333325
75,16,1,0.002144895272104455
75,17,1,0.0020866107940831374
75,18,1,0.005811636474733265
75,19,1,0.0021923154438597036
75,20,1,0.0009831127528631424
75,21,1,0.000941044567490785
75,22,1,0.0017921035586380661
75,23,1,0.000912886020581336
75,24,1,0.001370355000180669
76,1,1,7.518695333166592e-9
76,2,1,1.3316037279331073e-8
76,3,1,4.9103254180379764e-8
76,4,1,1.5849068598596994e-7
76,5,1,7.860412299198798e-8
76,6,1,2.0883187895319983e-7
76,7,1,2.87489834527125e-6
76,8,1,4.002836236175467e-6
76,9,1,1.00222446183068e-5
76,10,1,1.8362083543580634e-5
76,11,1,2.383727313901023e-5
76,12,1,2.6258923286434366e-5
76,13,1,2.5922636566000527e-5
76,14,1,2.4903761757331545e-5
76,15,1,2.478667276475621e-5
76,16,1,2.513882781014053e-5
76,17,1,2.4669869506796723e-5
76,18,1,2.310960227528998e-5
76,19,1,1.9398124185873844e-5
76,20,1,1.620837082780449e-5
76,21,1,1.2232948503616836e-5
76,22,1,1.060289740476745e-5
76,23,1,1.0891693881292227e-5
76,24,1,1.2975541405178803e-5
77,1,1,8.576743264741184e-7
77,2,1,8.576634081624588e-7
77,3,1,8.576712841395672e-7
77,4,1,8.576740591662282e-7
77,5,1,8.576715043190538e-7
77,6,1,8.576719362054259e-7
77,7,1,8.57663847294069e-7
77,8,1,8.57670488810241e-7
77,9,1,8.576680994723044e-7
77,10,1,8.576672377533122e-7
77,11,1,8.576690398862355e-7
77,12,1,8.576686380170731e-7
77,13,1,8.576670386906499e-7
77,14,1,8.576689512752803e-7
77,15,1,8.576665731918856e-7
77,16,1,8.57669357267613e-7
77,17,1,8.576685893889759e-7
77,18,1,8.576617533917414e-7
77,19,1,8.57667740003092e-7
77,20,1,8.576734810952198e-7
77,21,1,8.576734506890719e-7
77,22,1,8.576699954286228e-7
77,23,1,8.576736122500918e-7
77,24,1,8.57671327291816e-7
78,1,1,8.269584541691149e-6
78,2,1,8.64218053898444e-6
78,3,1,4.8822531409849186e-6
78,4,1,3.327142702458436e-6
78,5,1,4.331005738073663e-6
78,6,1,2.8744137900929896e-6
78,7,1,1.0086358344568577e-6
78,8,1,2.786287842955882e-6
78,9,1,1.7705863446380805e-5
78,10,1,4.417518939368173e-5
78,11,1,6.316303431760412e-5
78,12,1,7.182044614622246e-5
78,13,1,7.061017539988987e-5
78,14,1,6.695888533394413e-5
78,15,1,6.654076639591331e-5
78,16,1,6.779915588564496e-5
78,17,1,6.61240214321863e-5
78,18,1,6.058952810625904e-5
78,19,1,4.769541204783202e-5
78,20,1,3.6989322264923454e-5
78,21,1,2.4311633155508866e-5
78,22,1,1.9402523131112727e-5
78,23,1,2.0257203701391166e-5
78,24,1,2.6610780522534037e-5
79,1,1,1.7824728878338952e-5
79,2,1,1.8370181722087836e-5
79,3,1,1.2641134135019438e-5
79,4,1,1.0047088014043035e-5
79,5,1,1.174361988036626e-5
79,6,1,9.24778209870275e-6
79,7,1,1.1685497571086742e-7
79,8,1,1.0495826002826412e-7
79,9,1,8.182645637558282e-6
79,10,1,2.804928471120881e-5
79,11,1,4.349538786305602e-5
79,12,1,5.0713027970831055e-5
79,13,1,4.9698774906048357e-5
79,14,1,4.664890481883754e-5
79,15,1,4.6300662630136925e-5
79,16,1,4.734940987010857e-5
79,17,1,4.5953766941110004e-5
79,18,1,4.136806695715479e-5
79,19,1,3.086366777757871e-5
79,20,1,2.239568933177417e-5
79,21,1,1.283527241979372e-5
79,22,1,9.34730450980182e-6
79,23,1,9.942736523134495e-6
79,24,1,1.4518053287952524e-5
80,1,1,1.9314811304272595e-5
80,2,1,1.931480539694452e-5
80,3,1,1.9314808101514468e-5
80,4,1,1.9314815929011375e-5
80,5,1,1.9314814486363295e-5
80,6,1,1.9314812067452713e-5
80,7,1,1.9314794560297076e-5
80,8,1,1.9314810285679006e-5
80,9,1,1.9314804778976473e-5
80,10,1,1.9314807590294404e-5
80,11,1,1.9314808677631754e-5
80,12,1,1.9314806624654835e-5
80,13,1,1.931480167932622e-5
80,14,1,1.931480830627513e-5
80,15,1,1.9314805117294806e-5
80,16,1,1.931481325475713e-5
80,17,1,1.931480950500305e-5
80,18,1,1.9314793522331487e-5
80,19,1,1.9314803718287546e-5
80,20,1,1.9314815048652737e-5
80,21,1,1.9314816951775904e-5
80,22,1,1.931481651105294e-5
80,23,1,1.9314812764077508e-5
80,24,1,1.9314818210643754e-5
81,1,1,0.001052427832673657
81,2,1,0.0010640781941414549
81,3,1,0.0009351256323440486
81,4,1,0.0008704117904305545
81,5,1,0.0009133017160817415
81,6,1,0.0008493372812418876
81,7,1,0.00046690884802875137
81,8,1,0.00039018601656501005
81,9,1,0.00016070153046403798
81,10,1,3.465702063885607e-5
81,11,1,5.141699534439318e-6
81,12,1,6.425759457954115e-7
81,13,1,1.0021405611269368e-6
81,14,1,2.6022210153629586e-6
81,15,1,2.8368358137018992e-6
81,16,1,2.1633222785939436e-6
81,17,1,3.0815545859477496e-6
81,18,1,7.412002590418302e-6
81,19,1,2.6669514650410794e-5
81,20,1,5.5625433709214115e-5
81,21,1,0.00011370833635925115
81,22,1,0.00014708945392911336
81,23,1,0.00014067646787282014
81,24,1,0.00010057706014808542
82,1,1,1.1677528937463394e-5
82,2,1,1.167751758022332e-5
82,3,1,1.1677523246888279e-5
82,4,1,1.1677530535549625e-5
82,5,1,1.1677523749902552e-5
82,6,1,1.1677528534042673e-5
82,7,1,1.1677518694692576e-5
82,8,1,1.167752226709964e-5
82,9,1,1.1677519630670127e-5
82,10,1,1.1677519472005918e-5
82,11,1,1.1677521922963956e-5
82,12,1,1.1677522541527235e-5
82,13,1,1.1677518300027736e-5
82,14,1,1.167752094230142e-5
82,15,1,1.1677515277370541e-5
82,16,1,1.1677524729852477e-5
82,17,1,1.167752019139456e-5
82,18,1,1.1677515052554558e-5
82,19,1,1.1677519394708863e-5
82,20,1,1.1677526212739988e-5
82,21,1,1.1677523965709149e-5
82,22,1,1.167752422406909e-5
82,23,1,1.1677527423014978e-5
82,24,1,1.1677523625512462e-5
83,1,1,0.000938379517188183
83,2,1,0.0009477914763075184
83,3,1,0.0008433859253928884
83,4,1,0.000790778027306462
83,5,1,0.000825662054176978
83,6,1,0.0007736106939325344
83,7,1,0.0004576868721115313
83,8,1,0.00039274265503606924
83,9,1,0.00019106395448489035
83,10,1,6.552718525491964e-5
83,11,1,2.551695956866764e-5
83,12,1,1.4598086032898568e-5
83,13,1,1.5904609513719826e-5
83,14,1,2.0267065587538172e-5
83,15,1,2.080853110586828e-5
83,16,1,1.9205500401853536e-5
83,17,1,2.1357118689307977e-5
83,18,1,2.9524219347405908e-5
83,19,1,5.604917908849743e-5
83,20,1,8.87021814811022e-5
83,21,1,0.0001469334592848579
83,22,1,0.00017845657835839176
83,23,1,0.00017247222318091492
83,24,1,0.00013423364241923
84,1,1,0.0004419643715599422
84,2,1,0.00354399462597233
84,3,1,0.0009846636479804113
84,4,1,0.000558857663013706
84,5,1,0.0008530671862709789
84,6,1,0.0008605554741559677
84,7,1,0.003252922717444043
84,8,1,0.0012848817960034095
84,9,1,0.0018421909194099987
84,10,1,0.0019404605342280188
84,11,1,0.001409093424876869
84,12,1,0.0014140148176282517
84,13,1,0.0019695586562891955
84,14,1,0.0015681378352726475
84,15,1,0.001942622794428498
84,16,1,0.0014944605237501465
84,17,1,0.0014549756302663953
84,18,1,0.003973670480793512
84,19,1,0.0015265792322465338
84,20,1,0.0007045748937853161
84,21,1,0.0006757787398112782
84,22,1,0.0012553111944370687
84,23,1,0.0006564903315860499
84,24,1,0.0009687630366317532
85,1,1,3.6557627503639688e-6
85,2,1,3.6557561014428615e-6
85,3,1,3.6557611309305614e-6
85,4,1,3.6557624093746407e-6
85,5,1,3.65576164111885e-6
85,6,1,3.6557613075159017e-6
85,7,1,3.6557565478861695e-6
85,8,1,3.6557601655447816e-6
85,9,1,3.6557585510899527e-6
85,10,1,3.655758468945163e-6
85,11,1,3.6557605660668844e-6
85,12,1,3.655760611931775e-6
85,13,1,3.655758721771959e-6
85,14,1,3.65576003883151e-6
85,15,1,3.655758429019941e-6
85,16,1,3.65575992651153e-6
85,17,1,3.6557599060469437e-6
85,18,1,3.6557555553905754e-6
85,19,1,3.6557595891429623e-6
85,20,1,3.655762121586188e-6
85,21,1,3.655761821071369e-6
85,22,1,3.6557607110953205e-6
85,23,1,3.6557623302473782e-6
85,24,1,3.6557608932422346e-6
86,1,1,0.00034325745325174974
86,2,1,0.0023920901116786645
86,3,1,0.0007114572015400029
86,4,1,0.0004237046331937205
86,5,1,0.000623161213080052
86,6,1,0.0006281978553372906
86,7,1,0.0022025413459590567
86,8,1,0.0009115269287613562
86,9,1,0.0012796886072012265
86,10,1,0.0013443082458207782
86,11,1,0.0009938826124284764
86,12,1,0.0009971415275681294
86,13,1,0.0013634290018516625
86,14,1,0.0010990556654033464
86,15,1,0.0013457292290698518
86,16,1,0.001050369820451964
86,17,1,0.001024253395281038
86,18,1,0.0026715821027446774
86,19,1,0.001071600989119349
86,20,1,0.0005229199819395937
86,21,1,0.0005033891108837487
86,22,1,0.0008918889397341982
86,23,1,0.00049028767664943
86,24,1,0.000700811292218567
87,1,1,2.573049730816199e-5
87,2,1,2.5730493410699755e-5
87,3,1,2.573049616486988e-5
87,4,1,2.5730496352294328e-5
87,5,1,2.5730496378644232e-5
87,6,1,2.5730495486071093e-5
87,7,1,2.5730493593803894e-5
87,8,1,2.5730495365212018e-5
87,9,1,2.573049393083409e-5
87,10,1,2.5730493822942105e-5
87,11,1,2.5730496038019605e-5
87,12,1,2.5730495612225155e-5
87,13,1,2.573049463255777e-5
87,14,1,2.573049579416046e-5
87,15,1,2.573049383929413e-5
87,16,1,2.573049541388528e-5
87,17,1,2.5730494686951896e-5
87,18,1,2.5730493326646067e-5
87,19,1,2.5730495075562905e-5
87,20,1,2.5730497802392958e-5
87,21,1,2.573049573819064e-5
87,22,1,2.5730495475829415e-5
87,23,1,2.573049675848871e-5
87,24,1,2.5730496020416177e-5
88,1,1,0.0004011168320001195
88,2,1,0.0022721969052760505
88,3,1,0.0007521116306368917
88,4,1,0.00047937526631651575
88,5,1,0.0006693145964825213
88,6,1,0.0006740551044740426
88,7,1,0.0021035044411261083
88,8,1,0.0009377426336126751
88,9,1,0.0012744503337695496
88,10,1,0.001333078439893518
88,11,1,0.0010135281864013146
88,12,1,0.001016520744158118
88,13,1,0.0013504044293031537
88,14,1,0.0011098860132909196
88,15,1,0.001334366411215912
88,16,1,0.0010653358753106514
88,17,1,0.001041399464008816
88,18,1,0.002520267484193496
88,19,1,0.001084774715906402
88,20,1,0.0005744499534511401
88,21,1,0.0005558382470059737
88,22,1,0.0009196231419548303
88,23,1,0.0005433268202274294
88,24,1,0.0007421615080987335
89,1,1,3.924158617765303e-5
89,2,1,1.412572896855539e-7
89,3,1,4.2728901939519316e-5
89,4,1,0.00010274357231710724
89,5,1,5.6980505832764394e-5
89,6,1,5.607679346234786e-5
89,7,1,1.412029778608767e-7
89,8,1,7.7340449334456e-5
89,9,1,2.2080844087785848e-5
89,10,1,2.8108056265573427e-5
89,11,1,8.827781067371427e-5
89,12,1,8.786393048972554e-5
89,13,1,2.4593619426934516e-5
89,14,1,6.372022352291294e-5
89,15,1,1.9603170270569066e-5
89,16,1,6.268399132957025e-5
89,17,1,4.1597847354101824e-5
89,18,1,1.4123478302590803e-7
89,19,1,3.924192720711595e-5
89,20,1,5.717306493099041e-5
89,21,1,6.109032499698128e-5
89,22,1,1.1686316961912733e-5
89,23,1,5.693482192304503e-5
89,24,1,2.4835474348729033e-5
90,1,1,0.0006096755323623742
90,2,1,0.002501888861605237
90,3,1,0.0010378859044550054
90,4,1,0.0007838352639278065
90,5,1,0.0009629042205574004
90,6,1,0.0009672276256338801
90,7,1,0.0023234619183017382
90,8,1,0.0013150663816668417
90,9,1,0.0015881303763800043
90,10,1,0.001672055933490303
90,11,1,0.0014217085087904675
90,12,1,0.0014246539516364106
90,13,1,0.0016811547441493455
90,14,1,0.001495299254807947
90,15,1,0.0016471471380204775
90,16,1,0.0014414231810495645
90,17,1,0.0013728803764921625
90,18,1,0.0027638922472859174
90,19,1,0.001417701811473026
90,20,1,0.0008482460088454445
90,21,1,0.0008309395937454827
90,22,1,0.0011543692359023301
90,23,1,0.000809864149447247
90,24,1,0.0009896524709420444
91,1,1,0.014351760061587067
91,2,1,0.014351760013480253
91,3,1,0.014351760013773177
91,4,1,0.014351760061600787
91,5,1,0.014351760062113491
91,6,1,0.014351760013732706
91,7,1,0.01435176006190078
91,8,1,0.01264793696767681
91,9,1,0.013923561753199152
91,10,1,0.01210701907017589
91,11,1,0.009043873136050986
91,12,1,0.009031454730390926
91,13,1,0.010769369161107573
91,14,1,0.00965432460514013
91,15,1,0.012599907920597724
91,16,1,0.011138107549655213
91,17,1,0.013821982726891316
91,18,1,0.014351760013480461
91,19,1,0.014351760013710307
91,20,1,0.014351760013709658
91,21,1,0.014351760013757642
91,22,1,0.01435176006178606
91,23,1,0.014351760013683868
91,24,1,0.014351760013742774
92,1,1,0.007174090652771761
92,2,1,0.013022150578142381
92,3,1,0.008728610791427047
92,4,1,0.007837986990630182
92,5,1,0.00847345671388943
92,6,1,0.008488327510463052
92,7,1,0.012544243528768026
92,8,1,0.008996898910726627
92,9,1,0.01030000818834042
92,10,1,0.009829081123301536
92,11,1,0.007881465619272091
92,12,1,0.00788434122906517
92,13,1,0.0093081823016519
92,14,1,0.008336730213985576
92,15,1,0.009955251866328164
92,16,1,0.008786847941371136
92,17,1,0.009612885837042543
92,18,1,0.013709359559655541
92,19,1,0.009947694046559083
92,20,1,0.008071265156397785
92,21,1,0.008009145685386004
92,22,1,0.009114419275357612
92,23,1,0.007932951245367822
92,24,1,0.008565139564910186
93,1,1,2.614051839023561e-5
93,2,1,2.614052247969726e-5
93,3,1,2.6140521965297953e-5
93,4,1,2.6140519109057373e-5
93,5,1,2.6140520833214983e-5
93,6,1,2.6140521284132156e-5
93,7,1,2.6140521416932628e-5
93,8,1,2.6140521260157746e-5
93,9,1,2.6140515101495824e-5
93,10,1,2.6140515716464037e-5
93,11,1,2.614052194801008e-5
93,12,1,2.6140521578840174e-5
93,13,1,2.6140517183699787e-5
93,14,1,2.6140521230071617e-5
93,15,1,2.6140517132541064e-5
93,16,1,2.6140521468277427e-5
93,17,1,2.614052137387451e-5
93,18,1,2.6140523302937262e-5
93,19,1,2.6140521556245024e-5
93,20,1,2.6140518731005216e-5
93,21,1,2.614051958150943e-5
93,22,1,2.614052123750493e-5
93,23,1,2.6140519769572923e-5
93,24,1,2.614052057567134e-5
94,1,1,0.0005080468677591417
94,2,1,0.0045706700617066725
94,3,1,0.0011864548300827083
94,4,1,0.0006364408094526032
94,5,1,0.0010147078181767203
94,6,1,0.0010170149589248572
94,7,1,0.0040443757611296005
94,8,1,0.0014520248103890368
94,9,1,0.0021904621341397317
94,10,1,0.0022076513820572215
94,11,1,0.0014097488160537126
94,12,1,0.0014080813966317707
94,13,1,0.0021527056495186906
94,14,1,0.0016118986656785692
94,15,1,0.0021731312742469143
94,16,1,0.0015236202120250634
94,17,1,0.0015282582975125625
94,18,1,0.004710100266292302
94,19,1,0.0016684892471087885
94,20,1,0.0006977504132920925
94,21,1,0.0006818298042381662
94,22,1,0.0013957033591186971
94,23,1,0.0006657691399447882
94,24,1,0.001029208678502641
95,1,1,0.0013693250233815103
95,2,1,0.01024723725079474
95,3,1,0.002907639421164219
95,4,1,0.001666364047589794
95,5,1,0.002523889581135682
95,6,1,0.0025290630673258066
95,7,1,0.009118775079673831
95,8,1,0.0034965087147482967
95,9,1,0.005115065499689941
95,10,1,0.005152505097485981
95,11,1,0.003403076111705509
95,12,1,0.0033993889458869384
95,13,1,0.005032797482271121
95,14,1,0.0038489405333430736
95,15,1,0.005077308275267932
95,16,1,0.003654504865599375
95,17,1,0.0036647303533803395
95,18,1,0.010545815485070123
95,19,1,0.0039733796668552585
95,20,1,0.001806883697559027
95,21,1,0.0017704650012757485
95,22,1,0.0033720108227828925
95,23,1,0.0017336767216030763
95,24,1,0.0025563969867558657
96,1,1,0.0009731025545947112
96,2,1,0.0063074934257225795
96,3,1,0.0019207961375946156
96,4,1,0.0011587202208709567
96,5,1,0.0016868807323445287
96,6,1,0.0016900422375899264
96,7,1,0.005637378458006917
96,8,1,0.00227780785877522
96,9,1,0.003251315052198638
96,10,1,0.0032737397562625265
96,11,1,0.0022212940823790957
96,12,1,0.0022190630163099515
96,13,1,0.003202028504483068
96,14,1,0.002490604065726695
96,15,1,0.0032286968825015346
96,16,1,0.0023732754454596234
96,17,1,0.002379449975559991
96,18,1,0.006484715949862794
96,19,1,0.0025656107690864723
96,20,1,0.0012459471214459957
96,21,1,0.0012233717500250711
96,22,1,0.0022024939106320544
96,23,1,0.0012005455602364101
96,24,1,0.001706742158330799
97,1,1,0.003270959108162301
97,2,1,0.01869195688937495
97,3,1,0.006077499303567232
97,4,1,0.0038273687890377985
97,5,1,0.0053912417410276105
97,6,1,0.005400538201531314
97,7,1,0.016780206971891094
97,8,1,0.007119649314331424
97,9,1,0.009939357580105779
97,10,1,0.010004028503703103
97,11,1,0.006955043751678044
97,12,1,0.006948542760041495
97,13,1,0.009797182387718163
97,14,1,0.007738393577538019
97,15,1,0.009874117800759355
97,16,1,0.00739743854367347
97,17,1,0.007415393610554261
97,18,1,0.019197114376853147
97,19,1,0.007956121235892955
97,20,1,0.004087389255747515
97,21,1,0.004020171946041456
97,22,1,0.00690025697624261
97,23,1,0.003952152679199096
97,24,1,0.005449635332591922
98,1,1,9.267591023221687e-6
98,2,1,9.26761927260079e-6
98,3,1,9.267638373071916e-6
98,4,1,9.267581399225323e-6
98,5,1,9.26764058212978e-6
98,6,1,9.267639754142353e-6
98,7,1,9.267621898576047e-6
98,8,1,9.267637329015412e-6
98,9,1,9.26763169295152e-6
98,10,1,9.267630575902959e-6
98,11,1,9.267637808016313e-6
98,12,1,9.267637451961294e-6
98,13,1,9.26763189209143e-6
98,14,1,9.267635861041995e-6
98,15,1,9.267631388406965e-6
98,16,1,9.267637033281443e-6
98,17,1,9.26763644798105e-6
98,18,1,9.267619816766154e-6
98,19,1,9.26763573450836e-6
98,20,1,9.267574860848346e-6
98,21,1,9.267574937825909e-6
98,22,1,9.267637754177149e-6
98,23,1,9.267580660851444e-6
98,24,1,9.267640093379025e-6
99,1,1,8.027704680039456e-5
99,2,1,0.005218678987833119
99,3,1,0.0001007185002168243
99,4,1,8.027699955337642e-5
99,5,1,2.2038203115530317e-5
99,6,1,2.0812474285492495e-5
99,7,1,0.00402834358770248
99,8,1,0.00015629724023345022
99,9,1,0.0011800824230677304
99,10,1,0.0011346921193970713
99,11,1,0.00012133634179280029
99,12,1,0.00012313180942039086
99,13,1,0.0010139499615043832
99,14,1,0.00027741095728953265
99,15,1,0.001030634535885143
99,16,1,0.00012424165330091841
99,17,1,0.0001194494197057136
99,18,1,0.004609778537478889
99,19,1,0.00025091617068128904
99,20,1,8.02770329625238e-5
99,21,1,8.027703355815291e-5
99,22,1,0.00020290702276141263
99,23,1,8.027703175376263e-5
99,24,1,1.224043562859211e-5
100,1,1,6.796733433947617e-6
100,2,1,6.796762247295428e-6
100,3,1,6.796779994882607e-6
100,4,1,6.796725028743822e-6
100,5,1,6.796781937314605e-6
100,6,1,6.796783030227949e-6
100,7,1,6.79676482689851e-6
100,8,1,6.796779062633411e-6
100,9,1,6.796773520785305e-6
100,10,1,6.796773369491705e-6
100,11,1,6.7967792238677645e-6
100,12,1,6.79677918128204e-6
100,13,1,6.796773463400337e-6
100,14,1,6.796777424213299e-6
100,15,1,6.796773770240355e-6
100,16,1,6.79677850162255e-6
100,17,1,6.79677825405801e-6
100,18,1,6.796762172773698e-6
100,19,1,6.796777323811833e-6
100,20,1,6.796718912514055e-6
100,21,1,6.796718729443872e-6
100,22,1,6.79677926916202e-6
100,23,1,6.7967237359808784e-6
100,24,1,6.796781844343815e-6
101,1,1,3.6580032721899653e-6
101,2,1,3.65803363834237e-6
101,3,1,3.6580528450147194e-6
101,4,1,3.657994363870037e-6
101,5,1,3.658053231760447e-6
101,6,1,3.6580540653932023e-6
101,7,1,3.658035801964797e-6
101,8,1,3.6580506878380757e-6
101,9,1,3.6580445118066263e-6
101,10,1,3.6580446750793288e-6
101,11,1,3.658050974687456e-6
101,12,1,3.658050786435968e-6
101,13,1,3.658044516577693e-6
101,14,1,3.6580491364057503e-6
101,15,1,3.6580447160224688e-6
101,16,1,3.658050497112945e-6
101,17,1,3.6580496559450874e-6
101,18,1,3.6580331213183393e-6
101,19,1,3.6580483198703217e-6
101,20,1,3.657987172947482e-6
101,21,1,3.6579874124328843e-6
101,22,1,3.6580517527642796e-6
101,23,1,3.6579922708793503e-6
101,24,1,3.658054087626363e-6
102,1,1,4.1149790124964e-6
102,2,1,4.115002503686873e-6
102,3,1,4.1150258672536435e-6
102,4,1,4.1149699483541346e-6
102,5,1,4.1150281104224315e-6
102,6,1,4.115026927035386e-6
102,7,1,4.115005430078052e-6
102,8,1,4.115023825066261e-6
102,9,1,4.115016425932064e-6
102,10,1,4.115016662041151e-6
102,11,1,4.115025003763594e-6
102,12,1,4.115024870836163e-6
102,13,1,4.1150167322981985e-6
102,14,1,4.115022728913022e-6
102,15,1,4.115016807148475e-6
102,16,1,4.11502426177102e-6
102,17,1,4.1150239728577264e-6
102,18,1,4.115002449823162e-6
102,19,1,4.115022358357652e-6
102,20,1,4.114963299755272e-6
102,21,1,4.114963348051348e-6
102,22,1,4.115023996872406e-6
102,23,1,4.114968069440196e-6
102,24,1,4.115028126057292e-6
103,1,1,5.899016920816228e-7
103,2,1,0.005833124288890235
103,3,1,8.729502978022914e-6
103,4,1,5.898982488361099e-7
103,5,1,8.214271705234281e-6
103,6,1,6.76086947678232e-6
103,7,1,0.0062624137383979935
103,8,1,7.817378976341704e-8
103,9,1,0.0016439795970295875
103,10,1,0.0017677326621372807
103,11,1,1.6501165212868824e-5
103,12,1,1.9600392617751236e-5
103,13,1,0.0020281803049554694
103,14,1,1.7851582178624e-5
103,15,1,0.0020536669972831866
103,16,1,1.8152344570817847e-5
103,17,1,1.7553381938178746e-5
103,18,1,0.007038016412600377
103,19,1,1.1164132348744857e-5
103,20,1,2.4723515513160853e-5
103,21,1,3.222526657332083e-5
103,22,1,2.59546919819513e-6
103,23,1,5.898950483206271e-7
103,24,1,4.546409798104854e-6
104,1,1,3.0041990226683624e-6
104,2,1,3.0042349267880556e-6
104,3,1,3.0042602915188765e-6
104,4,1,3.0041897593946735e-6
104,5,1,3.0042621918835137e-6
104,6,1,3.0042619300296304e-6
104,7,1,3.0042276753579448e-6
104,8,1,3.004257610393859e-6
104,9,1,3.0042388352957567e-6
104,10,1,3.004239961614959e-6
104,11,1,3.0042466458972905e-6
104,12,1,3.004247429450796e-6
104,13,1,3.0042390646793346e-6
104,14,1,3.0042446909662987e-6
104,15,1,3.004239188542174e-6
104,16,1,3.004246310783911e-6
104,17,1,3.0042565391669123e-6
104,18,1,3.004235233820368e-6
104,19,1,3.0042559693811386e-6
104,20,1,3.0041828189584014e-6
104,21,1,3.0041830148281932e-6
104,22,1,3.0042583446769045e-6
104,23,1,3.0041873636872702e-6
104,24,1,3.00426249658909e-6
105,1,1,0.00043677845607587425
105,2,1,0.0004418811793203768
105,3,1,0.00038550017809970316
105,4,1,0.0003572767360413507
105,5,1,0.0003759802491102407
105,6,1,0.0003481010485182414
105,7,1,0.00018297991589919863
105,8,1,0.00015036704154494513
105,9,1,5.523643399756047e-5
105,10,1,7.77536044752412e-6
105,11,1,9.597338549174468e-8
105,12,1,4.839423963544971e-7
105,13,1,3.1249724977879957e-7
105,14,1,1.9716291149716018e-8
105,15,1,8.473120283808209e-9
105,16,1,5.63853135191291e-8
105,17,1,1.7824354912542098e-9
105,18,1,3.858479004537803e-7
105,19,1,5.260613785949826e-6
105,20,1,1.4929034212308553e-5
105,21,1,3.667418224798486e-5
105,22,1,4.980369464740063e-5
105,23,1,4.725658834951766e-5
105,24,1,3.160809218262035e-5
106,1,1,5.383331210072112e-5
106,2,1,0.01934828583144025
106,3,1,4.169803160936861e-10
106,4,1,3.678380792596558e-5
106,5,1,4.192566232835941e-10
106,6,1,4.1237681175749274e-10
106,7,1,0.019348287360935457
106,8,1,4.1357105557097273e-10
106,9,1,0.004661186809703423
106,10,1,0.004613640740959392
106,11,1,4.1262170321733873e-10
106,12,1,4.1277402410834945e-10
106,13,1,0.005040490035094494
106,14,1,4.1018935698751616e-10
106,15,1,0.005153141638951739
106,16,1,4.122952791035127e-10
106,17,1,4.128665001712255e-10
106,18,1,0.01934828430572903
106,19,1,4.119010003674596e-10
106,20,1,0.0001845792370578474
106,21,1,0.00018028096819692
106,22,1,4.1385535099916834e-10
106,23,1,2.5444150649640283e-6
106,24,1,4.1414823323956797e-10
107,1,1,0.00033876467437225864
107,2,1,0.0003424723222741816
107,3,1,0.00030143850261029085
107,4,1,0.0002808350510765657
107,5,1,0.0002944939849537908
107,6,1,0.0002741263842526301
107,7,1,0.00015211648213525361
107,8,1,0.00012756072679138798
107,9,1,5.373956019183005e-5
107,10,1,1.2457175046033628e-5
107,11,1,2.261619733812155e-6
107,12,1,4.673131055359777e-7
107,13,1,6.322889859245719e-7
107,14,1,1.294437868278251e-6
107,15,1,1.386593145614137e-6
107,16,1,1.119596692185872e-6
107,17,1,1.481934753465867e-6
107,18,1,3.092114745166714e-6
107,19,1,9.765232870905902e-6
107,20,1,1.9438942730514918e-5
107,21,1,3.8480342960001555e-5
107,22,1,4.932908409550515e-5
107,23,1,4.7247230257252654e-5
107,24,1,3.419920655930385e-5
108,1,1,3.0042061888773753e-6
108,2,1,3.004226754170326e-6
108,3,1,3.004267657314744e-6
108,4,1,3.0041966688655255e-6
108,5,1,3.0042694962621966e-6
108,6,1,3.0042692751208778e-6
108,7,1,3.004227435962053e-6
108,8,1,3.004252342394602e-6
108,9,1,3.004250593686102e-6
108,10,1,3.004248380467816e-6
108,11,1,3.0042582318854327e-6
108,12,1,3.0042577528768496e-6
108,13,1,3.004246820851209e-6
108,14,1,3.004245488069897e-6
108,15,1,3.004246989020396e-6
108,16,1,3.00425745904334e-6
108,17,1,3.0042573246896614e-6
108,18,1,3.004219329715352e-6
108,19,1,3.0042565328884436e-6
108,20,1,3.0041848845902733e-6
108,21,1,3.0041856165634267e-6
108,22,1,3.0042605596052727e-6
108,23,1,3.004189983931268e-6
108,24,1,3.004264104943891e-6
109,1,1,0.0001833979956606193
109,2,1,0.00018517196994216774
109,3,1,0.00016547693268152068
109,4,1,0.00015553119985587828
109,5,1,0.00016212926335817983
109,6,1,0.00015228361825501721
109,7,1,9.211690701150348e-5
109,8,1,7.96303668833703e-5
109,9,1,4.0387525341408014e-5
109,10,1,1.5177221273623612e-5
109,11,1,6.691726568111509e-6
109,12,1,4.231739091953304e-6
109,13,1,4.533287830346698e-6
109,14,1,5.524068052396094e-6
109,15,1,5.645588900034667e-6
109,16,1,5.284959366637838e-6
109,17,1,5.768443170123465e-6
109,18,1,7.569611568704121e-6
109,19,1,1.3208130343925936e-5
109,20,1,1.9931375564352566e-5
109,21,1,3.164356375378979e-5
109,22,1,3.789859829613718e-5
109,23,1,3.671390777415131e-5
109,24,1,2.911004406792956e-5
110,1,1,0.0008678089754261142
110,2,1,0.0008757448677062045
110,3,1,0.0007875231013328518
110,4,1,0.0007428678345628259
110,5,1,0.0007725007797704411
110,6,1,0.0007282693644727658
110,7,1,0.0004557994464212359
110,8,1,0.0003985780435582734
110,9,1,0.00021579518740483648
110,10,1,9.298819241419773e-5
110,11,1,4.841630796566842e-5
110,12,1,3.4479337104162625e-5
110,13,1,3.623584418868686e-5
110,14,1,4.19020337566162e-5
110,15,1,4.258745191024704e-5
110,16,1,4.054776704006388e-5
110,17,1,4.327842108175495e-5
110,18,1,5.322376750682136e-5
110,19,1,8.293013113679602e-5
110,20,1,0.000116850548605044
110,21,1,0.00017402484032401
110,22,1,0.0002039640760265822
110,23,1,0.00019831763338346977
110,24,1,0.00016179891594038246
111,1,1,0.000608585180209479
111,2,1,0.000613898888547876
111,3,1,0.0005547850888157798
111,4,1,0.0005248234409825288
111,5,1,0.0005447090891484989
111,6,1,0.0005150219237183501
111,7,1,0.00033122577695301466
111,8,1,0.0002923211982128013
111,9,1,0.00016660753932796904
111,10,1,7.938708516446058e-5
111,11,1,4.6073612561159604e-5
111,12,1,3.516516874798551e-5
111,13,1,3.656168864352356e-5
111,14,1,4.1020521317598184e-5
111,15,1,4.155559820024185e-5
111,16,1,3.996072893362399e-5
111,17,1,4.209414988821599e-5
111,18,1,4.976142315887271e-5
111,19,1,7.200668345892766e-5
111,20,1,9.669015259568987e-5
111,21,1,0.00013735433348950894
111,22,1,0.00015835127994841093
111,23,1,0.00015440326670889814
111,24,1,0.00012873007809117455
112,1,1,0.00808795220663446
112,2,1,1.750430679455563e-5
112,3,1,0.009563983838393611
112,4,1,0.00956398405886116
112,5,1,0.00956398229522273
112,6,1,0.009573526282267868
112,7,1,1.750430843791973e-5
112,8,1,0.008961938390078694
112,9,1,0.0035047395596701446
112,10,1,0.003772613622763055
112,11,1,0.007447583749813085
112,12,1,0.007506856860384267
112,13,1,0.0042221783910200514
112,14,1,0.00679618833983574
112,15,1,0.0040677298577554135
112,16,1,0.008961935320394071
112,17,1,0.008961941214445436
112,18,1,1.7504306890194986e-5
112,19,1,0.010109339016462757
112,20,1,0.010109337832858584
112,21,1,0.010109334864679884
112,22,1,0.009060091110199498
112,23,1,0.009060229739026406
112,24,1,0.00896190999977681
113,1,1,1.8671994043340406e-5
113,2,1,1.8671993961055936e-5
113,3,1,1.8671994100410345e-5
113,4,1,1.867199404511641e-5
113,5,1,1.8671994092554488e-5
113,6,1,1.8671994108478283e-5
113,7,1,1.867199512825051e-5
113,8,1,1.867230592787528e-5
113,9,1,1.867236051493276e-5
113,10,1,1.8672191840891748e-5
113,11,1,1.8672342605322906e-5
113,12,1,1.8672342434643263e-5
113,13,1,1.867233019391637e-5
113,14,1,1.8672341816793217e-5
113,15,1,1.867219137021814e-5
113,16,1,1.867233186068632e-5
113,17,1,1.867235433459404e-5
113,18,1,1.8671993741632685e-5
113,19,1,1.867199406659307e-5
113,20,1,1.8671994053227476e-5
113,21,1,1.8671994078569686e-5
113,22,1,1.8671994067396715e-5
113,23,1,1.8671994052990537e-5
113,24,1,1.8671994071403187e-5
114,1,1,1.1670778235777384e-5
114,2,1,0.0055440347984368225
114,3,1,0.0002164655709196793
114,4,1,1.167077478527355e-5
114,5,1,9.234539761132152e-5
114,6,1,8.993103281818346e-5
114,7,1,0.004355772447813932
114,8,1,0.0002913925617622309
114,9,1,0.0014438784425960134
114,10,1,0.0013956472740685106
114,11,1,0.00024488985968728293
114,12,1,0.0002473252822670574
114,13,1,0.0012667152271251222
114,14,1,0.00044281492400135935
114,15,1,0.0012845901755752236
114,16,1,0.00024882776850581825
114,17,1,0.00024232402269816695
114,18,1,0.0049372947041040885
114,19,1,0.0004105945384541662
114,20,1,1.167076723175668e-5
114,21,1,1.1670771370978116e-5
114,22,1,0.0003510640181660269
114,23,1,1.167077083676666e-5
114,24,1,7.170229372713369e-5
115,1,1,0.0
115,2,1,3.306666219484142e-10
115,3,1,0.0
115,4,1,6.322823586624542e-10
115,5,1,3.1391503937987843e-10
115,6,1,0.0
115,7,1,6.156488822886363e-10
115,8,1,0.0
115,9,1,1.7772789642024796e-10
115,10,1,0.0
115,11,1,3.470502969551443e-10
115,12,1,3.71584497706066e-10
115,13,1,1.498180779259168e-9
115,14,1,4.910123618171192e-11
115,15,1,1.989698420666509e-10
115,16,1,2.8605567540652506e-10
115,17,1,4.687718661087936e-10
115,18,1,5.056666550747437e-10
115,19,1,1.361536393990013e-9
115,20,1,0.0
115,21,1,4.6045746094169605e-10
115,22,1,1.0915149207633351e-10
115,23,1,9.68003594875598e-10
115,24,1,4.1463086458442965e-10
116,1,1,1.1486369355662163e-9
116,2,1,0.0
116,3,1,2.2676077751637713e-9
116,4,1,2.4273202441082997e-9
116,5,1,0.0
116,6,1,1.9693155751954183e-9
116,7,1,0.0
116,8,1,2.6041416939515116e-10
116,9,1,2.543581002073525e-9
116,10,1,2.134770200890035e-9
116,11,1,2.129550827345561e-9
116,12,1,0.0
116,13,1,2.942618419765619e-9
116,14,1,3.334227654389066e-9
116,15,1,0.0
116,16,1,0.0
116,17,1,0.0
116,18,1,1.8138670773715226e-9
116,19,1,0.0
116,20,1,0.0
116,21,1,0.0
116,22,1,1.1950478315259083e-9
116,23,1,0.0
116,24,1,0.0
117,1,1,7.228176925055951e-9
117,2,1,5.611306631153612e-9
117,3,1,5.861893609404589e-11
117,4,1,2.2401308655273233e-9
117,5,1,1.714360878951604e-9
117,6,1,2.0761262257973367e-9
117,7,1,1.719734268185169e-9
117,8,1,4.270259364863582e-9
117,9,1,2.922651690107081e-9
117,10,1,2.9318687824742007e-9
117,11,1,5.442088300833259e-9
117,12,1,3.769508340883965e-9
117,13,1,1.9903628745154833e-9
117,14,1,6.604387349506968e-10
117,15,1,5.035078531195891e-9
117,16,1,7.192991702265061e-9
117,17,1,4.818730796329884e-10
117,18,1,5.0947387905675434e-9
117,19,1,2.3443654344201814e-9
117,20,1,6.284621947849622e-9
117,21,1,1.3292127121200537e-10
117,22,1,4.043968399730646e-9
117,23,1,4.075840283335186e-9
117,24,1,2.162443068359776e-9
118,1,1,4.449646526238915e-9
118,2,1,3.133204543037671e-9
118,3,1,2.5303896478146015e-9
118,4,1,0.0
118,5,1,0.0
118,6,1,0.0
118,7,1,0.0
118,8,1,3.750649554823404e-9
118,9,1,0.0
118,10,1,0.0
118,11,1,8.03089440781779e-9
118,12,1,6.8372402323158e-9
118,13,1,0.0
118,14,1,0.0
118,15,1,1.0697305846685268e-8
118,16,1,0.0
118,17,1,3.926373615126266e-9
118,18,1,5.382697260136737e-9
118,19,1,0.0
118,20,1,4.7487247745170436e-9
118,21,1,0.0
118,22,1,0.0
118,23,1,3.6461110797247898e-9
118,24,1,1.1131607330350235e-8
119,1,1,6.439059202500985e-9
119,2,1,6.606233893258207e-10
119,3,1,0.0
119,4,1,0.0
119,5,1,0.0
119,6,1,5.105116912540453e-9
119,7,1,4.178960767708961e-9
119,8,1,1.0362675773034624e-8
119,9,1,1.2172517896424928e-8
119,10,1,0.0
119,11,1,0.0
119,12,1,2.1292980309506326e-8
119,13,1,0.0
119,14,1,1.4833664747915254e-8
119,15,1,0.0
119,16,1,0.0
119,17,1,6.311636151223876e-9
119,18,1,1.8562399881072444e-9
119,19,1,0.0
119,20,1,6.72396727879887e-9
119,21,1,0.0
119,22,1,1.6692785313743297e-8
119,23,1,1.536176631039554e-8
119,24,1,1.655687814627882e-8
120,1,1,2.3309846171326587e-8
120,2,1,0.0
120,3,1,0.0
120,4,1,6.996349248208911e-9
120,5,1,0.0
120,6,1,0.0
120,7,1,2.8462049784724885e-8
120,8,1,5.907393874418632e-9
120,9,1,0.0
120,10,1,4.207515461041034e-9
120,11,1,1.6951619755470326e-8
120,12,1,2.480769108539893e-8
120,13,1,1.6256527863439674e-8
120,14,1,2.4649936166895592e-8
120,15,1,0.0
120,16,1,0.0
120,17,1,0.0
120,18,1,8.489974001602008e-9
120,19,1,0.0
120,20,1,5.591439441662849e-9
120,21,1,0.0
120,22,1,0.0
120,23,1,1.676730542604643e-8
120,24,1,0.0
121,1,1,0.0
121,2,1,0.0
121,3,1,0.0
121,4,1,0.0
121,5,1,0.0
121,6,1,5.485485288225789e-9
121,7,1,5.925862273103988e-9
121,8,1,2.332709130026256e-9
121,9,1,8.76006320260636e-9
121,10,1,9.617002430517552e-9
121,11,1,6.66101677287978e-9
121,12,1,8.46039109603236e-9
121,13,1,7.882212917087461e-9
121,14,1,1.152367189172221e-8
121,15,1,0.0
121,16,1,6.537147524687814e-9
121,17,1,0.0
121,18,1,8.304139584303094e-9
121,19,1,0.0
121,20,1,0.0
121,21,1,2.4590991049011635e-10
121,22,1,0.0
121,23,1,0.0
121,24,1,0.0
122,1,1,5.667212046867043e-10
122,2,1,8.96494330160369e-9
122,3,1,1.589100531718124e-9
122,4,1,3.6271174813640172e-9
122,5,1,0.0
122,6,1,6.469544504283942e-9
122,7,1,0.0
122,8,1,0.0
122,9,1,1.1304854455329583e-8
122,10,1,0.0
122,11,1,1.0316157164624862e-9
122,12,1,1.3637508740338422e-8
122,13,1,3.6422571070282572e-9
122,14,1,1.3922087593876142e-8
122,15,1,1.4373958391600272e-8
122,16,1,0.0
122,17,1,6.340613381561333e-10
122,18,1,1.245811222932991e-8
122,19,1,1.0117326282310657e-9
122,20,1,1.4203155387915167e-9
122,21,1,1.407436868439138e-8
122,22,1,2.518614293511856e-8
122,23,1,1.7395277995824188e-9
122,24,1,7.619662838187491e-9
123,1,1,0.0
123,2,1,0.0
123,3,1,1.5576863513305236e-9
123,4,1,4.252481555026811e-10
123,5,1,7.040817770341241e-9
123,6,1,0.0
123,7,1,3.8346331457383975e-9
123,8,1,0.0
123,9,1,0.0
123,10,1,0.0
123,11,1,3.6237821124062547e-10
123,12,1,6.675509147075525e-9
123,13,1,1.2171163836331711e-8
123,14,1,0.0
123,15,1,0.0
123,16,1,8.744523065956505e-9
123,17,1,0.0
123,18,1,0.0
123,19,1,5.599158499393519e-9
123,20,1,0.0
123,21,1,0.0
123,22,1,2.893594869932203e-9
123,23,1,0.0
123,24,1,9.85596080274072e-9
124,1,1,4.5131791460558965e-10
124,2,1,4.513046933745952e-10
124,3,1,4.512117648113767e-10
124,4,1,4.513511702171785e-10
124,5,1,4.512446016989479e-10
124,6,1,4.5124539243700815e-10
124,7,1,4.5098031651266393e-10
124,8,1,4.510388859988013e-10
124,9,1,4.50960724403054e-10
124,10,1,4.5097060183796397e-10
124,11,1,4.5097498200187743e-10
124,12,1,4.509734108961969e-10
124,13,1,4.510443035711577e-10
124,14,1,4.5104868611771777e-10
124,15,1,4.5100009203125835e-10
124,16,1,4.510472923713502e-10
124,17,1,4.510015369893021e-10
124,18,1,4.511102507285867e-10
124,19,1,4.51168833864631e-10
124,20,1,4.5110298898668075e-10
124,21,1,4.5127474166383705e-10
124,22,1,4.511125747161085e-10
124,23,1,4.513516201598648e-10
124,24,1,4.5119268894854587e-10
