circuit_code,hour,scen,flow
1,1,1,0.06611087866427005
1,2,1,0.06611087866427005
1,3,1,0.06611087866427005
1,4,1,0.06611087866427005
1,5,1,0.06611087866427005
1,6,1,0.06611087866427005
1,7,1,0.06611087866427005
1,8,1,0.06611087866427005
1,9,1,0.06611087866427005
1,10,1,0.06611087866427005
1,11,1,0.06611087866427005
1,12,1,0.06611087866427005
1,13,1,0.06611087866427005
1,14,1,0.06611087866427005
1,15,1,0.06611087866427005
1,16,1,0.06611087866427005
1,17,1,0.06611087866427005
1,18,1,0.06611087866427005
1,19,1,0.06611087866427005
1,20,1,0.06611087866427005
1,21,1,0.06611087866427005
1,22,1,0.06611087866427005
1,23,1,0.06611087866427005
1,24,1,0.06611087866427005
2,1,1,0.08770296595867992
2,2,1,0.08770296595867992
2,3,1,0.08770296595867992
2,4,1,0.08770296595867992
2,5,1,0.08770296595867992
2,6,1,0.08770296595867992
2,7,1,0.08770296595867992
2,8,1,0.08770296595867992
2,9,1,0.08770296595867992
2,10,1,0.08770296595867992
2,11,1,0.08770296595867992
2,12,1,0.08770296595867992
2,13,1,0.08770296595867992
2,14,1,0.08770296595867992
2,15,1,0.08770296595867992
2,16,1,0.08770296595867992
2,17,1,0.08770296595867992
2,18,1,0.08770296595867992
2,19,1,0.08770296595867992
2,20,1,0.08770296595867992
2,21,1,0.08770296595867992
2,22,1,0.08770296595867992
2,23,1,0.08770296595867992
2,24,1,0.08770296595867992
3,1,1,0.30518615537704996
3,2,1,0.30518615537704996
3,3,1,0.30518615537704996
3,4,1,0.30518615537704996
3,5,1,0.30518615537704996
3,6,1,0.30518615537704996
3,7,1,0.30518615537704996
3,8,1,0.30518615537704996
3,9,1,0.30518615537704996
3,10,1,0.30518615537704996
3,11,1,0.30518615537704996
3,12,1,0.30518615537704996
3,13,1,0.30518615537704996
3,14,1,0.30518615537704996
3,15,1,0.30518615537704996
3,16,1,0.30518615537704996
3,17,1,0.30518615537704996
3,18,1,0.30518615537704996
3,19,1,0.30518615537704996
3,20,1,0.30518615537704996
3,21,1,0.30518615537704996
3,22,1,0.30518615537704996
3,23,1,0.30518615537704996
3,24,1,0.30518615537704996
4,1,1,0.0
4,2,1,0.0
4,3,1,0.0
4,4,1,0.0
4,5,1,0.0
4,6,1,0.0
4,7,1,0.0
4,8,1,0.0
4,9,1,0.0
4,10,1,0.0
4,11,1,0.0
4,12,1,0.0
4,13,1,0.0
4,14,1,0.0
4,15,1,0.0
4,16,1,0.0
4,17,1,0.0
4,18,1,0.0
4,19,1,0.0
4,20,1,0.0
4,21,1,0.0
4,22,1,0.0
4,23,1,0.0
4,24,1,0.0
5,1,1,0.08742421728142416
5,2,1,0.08742421728142416
5,3,1,0.08742421728142416
5,4,1,0.08742421728142416
5,5,1,0.08742421728142416
5,6,1,0.08742421728142416
5,7,1,0.08742421728142416
5,8,1,0.08742421728142416
5,9,1,0.08742421728142416
5,10,1,0.08742421728142416
5,11,1,0.08742421728142416
5,12,1,0.08742421728142416
5,13,1,0.08742421728142416
5,14,1,0.08742421728142416
5,15,1,0.08742421728142416
5,16,1,0.08742421728142416
5,17,1,0.08742421728142416
5,18,1,0.08742421728142416
5,19,1,0.08742421728142416
5,20,1,0.08742421728142416
5,21,1,0.08742421728142416
5,22,1,0.08742421728142416
5,23,1,0.08742421728142416
5,24,1,0.08742421728142416
6,1,1,0.04206412610890888
6,2,1,0.04206412610890888
6,3,1,0.04206412610890888
6,4,1,0.04206412610890888
6,5,1,0.04206412610890888
6,6,1,0.04206412610890888
6,7,1,0.04206412610890888
6,8,1,0.04206412610890888
6,9,1,0.04206412610890888
6,10,1,0.04206412610890888
6,11,1,0.04206412610890888
6,12,1,0.04206412610890888
6,13,1,0.04206412610890888
6,14,1,0.04206412610890888
6,15,1,0.04206412610890888
6,16,1,0.04206412610890888
6,17,1,0.04206412610890888
6,18,1,0.04206412610890888
6,19,1,0.04206412610890888
6,20,1,0.04206412610890888
6,21,1,0.04206412610890888
6,22,1,0.04206412610890888
6,23,1,0.04206412610890888
6,24,1,0.04206412610890888
7,1,1,0.3044467281155348
7,2,1,0.3044467281155348
7,3,1,0.3044467281155348
7,4,1,0.3044467281155348
7,5,1,0.3044467281155348
7,6,1,0.3044467281155348
7,7,1,0.3044467281155348
7,8,1,0.3044467281155348
7,9,1,0.3044467281155348
7,10,1,0.30444673337387645
7,11,1,0.3044467281155348
7,12,1,0.3044467281155348
7,13,1,0.3044467281155348
7,14,1,0.3044467281155348
7,15,1,0.3044467281155348
7,16,1,0.3044467281155348
7,17,1,0.3044467281155348
7,18,1,0.3044467281155348
7,19,1,0.3044467281155348
7,20,1,0.30444673337387645
7,21,1,0.3044467281155348
7,22,1,0.30444673337387645
7,23,1,0.3044467281155348
7,24,1,0.3044467281155348
8,1,1,0.0963289533077704
8,2,1,0.0963289533077704
8,3,1,0.0963289533077704
8,4,1,0.0963289533077704
8,5,1,0.0963289533077704
8,6,1,0.0963289533077704
8,7,1,0.0963289533077704
8,8,1,0.0963289533077704
8,9,1,0.0963289533077704
8,10,1,0.0963289533077704
8,11,1,0.0963289533077704
8,12,1,0.0963289533077704
8,13,1,0.0963289533077704
8,14,1,0.0963289533077704
8,15,1,0.0963289533077704
8,16,1,0.0963289533077704
8,17,1,0.0963289533077704
8,18,1,0.0963289533077704
8,19,1,0.0963289533077704
8,20,1,0.0963289533077704
8,21,1,0.0963289533077704
8,22,1,0.0963289533077704
8,23,1,0.0963289533077704
8,24,1,0.0963289533077704
9,1,1,0.04205046554407676
9,2,1,0.04205046554407676
9,3,1,0.04205046554407676
9,4,1,0.04205046554407676
9,5,1,0.04205046554407676
9,6,1,0.04205046554407676
9,7,1,0.04205046554407676
9,8,1,0.04205046554407676
9,9,1,0.04205046554407676
9,10,1,0.04205046554407676
9,11,1,0.04205046554407676
9,12,1,0.04205046554407676
9,13,1,0.04205046554407676
9,14,1,0.04205046554407676
9,15,1,0.04205046554407676
9,16,1,0.04205046554407676
9,17,1,0.04205046554407676
9,18,1,0.04205046554407676
9,19,1,0.04205046554407676
9,20,1,0.04205046554407676
9,21,1,0.04205046554407676
9,22,1,0.04205046554407676
9,23,1,0.04205046554407676
9,24,1,0.04205046554407676
10,1,1,0.10557671557794202
10,2,1,0.10557671557794202
10,3,1,0.23697671557794206
10,4,1,0.083138612293157
10,5,1,-0.0033851811372729995
10,6,1,0.23697671557794206
10,7,1,-0.02582328442205801
10,8,1,0.23697671557794206
10,9,1,0.10557671557794202
10,10,1,0.08096138654940137
10,11,1,0.10623708487035455
10,12,1,0.05596210048278877
10,13,1,0.09625907663580785
10,14,1,0.1043435876160198
10,15,1,0.10619172605157394
10,16,1,0.1890820464295986
10,17,1,-0.02582328442205801
10,18,1,0.12073196467065844
10,19,1,0.1196889829208813
10,20,1,0.12701450399117734
10,21,1,0.13105324768069776
10,22,1,0.12220784559951842
10,23,1,0.12251706518634116
10,24,1,0.1272234036911853
11,1,1,-0.19459910676140055
11,2,1,-0.1945986783987495
11,3,1,-0.06355645356203961
11,4,1,-0.2169995963336203
11,5,1,-0.30347251220323307
11,6,1,-0.06348806914272045
11,7,1,-0.3259106154880181
11,8,1,-0.06355645356203961
11,9,1,-0.19459909508665846
11,10,1,-0.21917317229041877
11,11,1,-0.19393984481370982
11,12,1,-0.24413055087750035
11,13,1,-0.20390112644359695
11,14,1,-0.19583016790943242
11,15,1,-0.19398512759536649
11,16,1,-0.11128601309918529
11,17,1,-0.3259106154880181
11,18,1,-0.17946974877923513
11,19,1,-0.1805120098801781
11,20,1,-0.1732007132503762
11,21,1,-0.169165768057972
11,22,1,-0.17799785436535473
11,23,1,-0.1776874455260584
11,24,1,-0.17299229528118784
12,1,1,0.17208733106596008
12,2,1,0.17208733106596008
12,3,1,0.17208733106596008
12,4,1,0.17208733106596005
12,5,1,0.17208733106596008
12,6,1,0.17208733106596008
12,7,1,0.17208733106596008
12,8,1,0.17208733106596008
12,9,1,0.17208733106596008
12,10,1,0.17208733106596008
12,11,1,0.17208733106596014
12,12,1,0.17208733106596014
12,13,1,0.17208733106596008
12,14,1,0.17208733106596014
12,15,1,0.17208733106596005
12,16,1,0.17208733106596008
12,17,1,0.17208733106596008
12,18,1,0.17208733106596014
12,19,1,0.17208733106596008
12,20,1,0.17208733106596014
12,21,1,0.17208733106596008
12,22,1,0.17208733106596014
12,23,1,0.17208733106596005
12,24,1,0.17208733106596014
13,1,1,0.0
13,2,1,0.0
13,3,1,0.0
13,4,1,0.0
13,5,1,0.0
13,6,1,0.0
13,7,1,0.0
13,8,1,0.0
13,9,1,0.0
13,10,1,0.0
13,11,1,0.0
13,12,1,0.0
13,13,1,0.0
13,14,1,0.0
13,15,1,0.0
13,16,1,0.0
13,17,1,0.0
13,18,1,0.0
13,19,1,0.0
13,20,1,0.0
13,21,1,0.0
13,22,1,0.0
13,23,1,0.0
13,24,1,0.0
14,1,1,0.04206412610890888
14,2,1,0.04206412610890888
14,3,1,0.04206412610890888
14,4,1,0.04206412610890888
14,5,1,0.04206412610890888
14,6,1,0.04206412610890888
14,7,1,0.04206412610890888
14,8,1,0.04206412610890888
14,9,1,0.04206412610890888
14,10,1,0.04206412610890888
14,11,1,0.04206412610890888
14,12,1,0.04206412610890888
14,13,1,0.04206412610890888
14,14,1,0.04206412610890888
14,15,1,0.04206412610890888
14,16,1,0.04206412610890888
14,17,1,0.04206412610890888
14,18,1,0.04206412610890888
14,19,1,0.04206412610890888
14,20,1,0.04206412610890888
14,21,1,0.04206412610890888
14,22,1,0.04206412610890888
14,23,1,0.04206412610890888
14,24,1,0.04206412610890888
15,1,1,0.04511062633314137
15,2,1,0.04511062633314137
15,3,1,0.04511062633314137
15,4,1,0.04511062633314137
15,5,1,0.04511062633314137
15,6,1,0.04511062633314137
15,7,1,0.04511062633314137
15,8,1,0.04511062633314137
15,9,1,0.04511062633314137
15,10,1,0.04511062633314137
15,11,1,0.04511062633314137
15,12,1,0.04511062633314137
15,13,1,0.04511062633314137
15,14,1,0.04511062633314137
15,15,1,0.04511062633314137
15,16,1,0.04511062633314137
15,17,1,0.04511062633314137
15,18,1,0.04511062633314137
15,19,1,0.04511062633314137
15,20,1,0.04511062633314137
15,21,1,0.04511062633314137
15,22,1,0.04511062633314137
15,23,1,0.04511062633314137
15,24,1,0.04511062633314137
16,1,1,0.042089886699946566
16,2,1,0.042089886699946566
16,3,1,0.042089886699946566
16,4,1,0.04208988669994656
16,5,1,0.042089886699946566
16,6,1,0.042089886699946566
16,7,1,0.042089886699946566
16,8,1,0.042089886699946566
16,9,1,0.042089886699946566
16,10,1,0.042089886699946566
16,11,1,0.042089886699946566
16,12,1,0.042089886699946566
16,13,1,0.042089886699946566
16,14,1,0.042089886699946566
16,15,1,0.04208988669994656
16,16,1,0.042089886699946566
16,17,1,0.042089886699946566
16,18,1,0.042089886699946566
16,19,1,0.042089886699946566
16,20,1,0.042089886699946566
16,21,1,0.042089886699946566
16,22,1,0.042089886699946566
16,23,1,0.04208988669994656
16,24,1,0.042089886699946566
17,1,1,0.0
17,2,1,0.0
17,3,1,-0.03171604193103187
17,4,1,0.0159
17,5,1,0.0159
17,6,1,-0.031794282472224905
17,7,1,0.0318
17,8,1,-0.03171604193103186
17,9,1,0.0
17,10,1,0.0
17,11,1,0.028801399695734364
17,12,1,-0.005931396576877638
17,13,1,-0.009296412863656595
17,14,1,0.004777500823788399
17,15,1,0.013448908921011471
17,16,1,-0.03171604193103187
17,17,1,0.0318
17,18,1,-0.005831833715492684
17,19,1,0.005831833715492684
17,20,1,-0.003457636467566496
17,21,1,-0.009997820814883792
17,22,1,-0.001676728946568864
17,23,1,-0.015899999999999997
17,24,1,-0.0007636695019672615
18,1,1,-0.28047133879879355
18,2,1,-1.4121749430986834
18,3,1,-1.0663632649247998
18,4,1,-0.31897263569252776
18,5,1,-0.4062202855846918
18,6,1,-1.2292779951933168
18,7,1,-0.392049476983123
18,8,1,-0.9653881185705394
18,9,1,-0.7172113658418034
18,10,1,-0.6881090437249615
18,11,1,-0.6483615203678212
18,12,1,-0.6506809446026232
18,13,1,-0.6220878847373766
18,14,1,-0.6363496763727945
18,15,1,-0.6892331054914944
18,16,1,-0.9673396250454902
18,17,1,-0.3532134739883745
18,18,1,-0.2508571747631815
18,19,1,-0.2720941682053371
18,20,1,-0.255433479709509
18,21,1,-0.24481358893897973
18,22,1,-0.2620503125070207
18,23,1,-0.24750880857611435
18,24,1,-0.25791754012268564
19,1,1,0.0
19,2,1,0.0
19,3,1,-0.031752497768501725
19,4,1,0.0159
19,5,1,0.0159
19,6,1,-0.03179676823016173
19,7,1,0.0318
19,8,1,-0.031752497768501725
19,9,1,0.0
19,10,1,0.0
19,11,1,0.028801399695734364
19,12,1,-0.005931396576877638
19,13,1,-0.009296412863656595
19,14,1,0.004777500823788399
19,15,1,0.013448908921011471
19,16,1,-0.031752497768501725
19,17,1,0.0318
19,18,1,-0.005831833715492684
19,19,1,0.005831833715492684
19,20,1,-0.003457636467566496
19,21,1,-0.00999953189207729
19,22,1,-0.0016768195167752645
19,23,1,-0.015899999999999997
19,24,1,-0.0007636695019672616
20,1,1,0.04211869279780813
20,2,1,0.04211869279780813
20,3,1,0.04211869279780813
20,4,1,0.04211869279780813
20,5,1,0.04211869279780813
20,6,1,0.04211869279780813
20,7,1,0.04211869279780813
20,8,1,0.04211869279780813
20,9,1,0.04211869279780813
20,10,1,0.042118692797808124
20,11,1,0.042118692797808124
20,12,1,0.042118692797808124
20,13,1,0.042118692797808124
20,14,1,0.042118692797808124
20,15,1,0.04211869279780813
20,16,1,0.04211869279780813
20,17,1,0.04211869279780813
20,18,1,0.04211869279780813
20,19,1,0.04211869279780813
20,20,1,0.042118692797808124
20,21,1,0.04211869279780813
20,22,1,0.042118692797808124
20,23,1,0.04211869279780813
20,24,1,0.04211869279780813
21,1,1,-0.40821246604140354
21,2,1,-1.5517076319848613
21,3,1,-1.2023933591890898
21,4,1,-0.4460913284903359
21,5,1,-0.5344090633465363
21,6,1,-1.3679255258099219
21,7,1,-0.5201741364985291
21,8,1,-1.0999051532510182
21,9,1,-0.8483955638373499
21,10,1,-0.818959338463572
21,11,1,-0.7788017805998777
21,12,1,-0.7811533929462637
21,13,1,-0.7522767167418274
21,14,1,-0.7666808024744098
21,15,1,-0.8200932002486234
21,16,1,-1.1013214699466423
21,17,1,-0.48110834964179927
21,18,1,-0.3784726261576447
21,19,1,-0.3997978208569157
21,20,1,-0.3830696036836656
21,21,1,-0.3724005974482951
21,22,1,-0.38971361280921907
21,23,1,-0.375105430971061
21,24,1,-0.3855643212782595
22,1,1,0.0421415973705845
22,2,1,0.0421415973705845
22,3,1,0.0421415973705845
22,4,1,0.0421415973705845
22,5,1,0.0421415973705845
22,6,1,0.0421415973705845
22,7,1,0.0421415973705845
22,8,1,0.0421415973705845
22,9,1,0.0421415973705845
22,10,1,0.0421415973705845
22,11,1,0.0421415973705845
22,12,1,0.0421415973705845
22,13,1,0.0421415973705845
22,14,1,0.0421415973705845
22,15,1,0.0421415973705845
22,16,1,0.0421415973705845
22,17,1,0.0421415973705845
22,18,1,0.0421415973705845
22,19,1,0.0421415973705845
22,20,1,0.0421415973705845
22,21,1,0.0421415973705845
22,22,1,0.0421415973705845
22,23,1,0.0421415973705845
22,24,1,0.0421415973705845
23,1,1,-0.4514546669540895
23,2,1,-1.606820735457658
23,3,1,-1.2540002041246578
23,4,1,-0.4888763578686389
23,5,1,-0.5782385789784392
23,6,1,-1.4220434174417431
23,7,1,-0.5639260337009574
23,8,1,-1.1500501866162811
23,9,1,-0.8952812101072801
23,10,1,-0.8655148155568112
23,11,1,-0.8249427950584807
23,12,1,-0.8273256883558191
23,13,1,-0.7981605755515302
23,14,1,-0.812709247257361
23,15,1,-0.8666588378880575
23,16,1,-1.1509912314295319
23,17,1,-0.5246016441439768
23,18,1,-0.4215596676429438
23,19,1,-0.442994548342273
23,20,1,-0.4261815984650934
23,21,1,-0.4154536568820681
23,22,1,-0.4328595502399073
23,23,1,-0.4181707036215673
23,24,1,-0.4286894308497704
24,1,1,-0.6092299058593726
24,2,1,-1.7785205345892716
24,3,1,-1.421624877392455
24,4,1,-0.6461725962460887
24,5,1,-0.7367421967568674
24,6,1,-1.5925947987103126
24,7,1,-0.7223349498977278
24,8,1,-1.3159686543993103
24,9,1,-1.0573847108925718
24,10,1,-1.0272341913535223
24,11,1,-0.9861744246908086
24,12,1,-0.9885938192495476
24,13,1,-0.9590888105842064
24,14,1,-0.9738078354162351
24,15,1,-1.028390225046151
24,16,1,-1.3163597996398877
24,17,1,-0.6826994501742029
24,18,1,-0.5791451013084146
24,19,1,-0.6007144307666067
24,20,1,-0.5837972424485292
24,21,1,-0.5729978488128401
24,22,1,-0.590516931888744
24,23,1,-0.5757296306545462
24,24,1,-0.586321173628326
25,1,1,0.0721667937855495
25,2,1,0.0721667937855495
25,3,1,0.0721667937855495
25,4,1,0.0721667937855495
25,5,1,0.0721667937855495
25,6,1,0.0721667937855495
25,7,1,0.0721667937855495
25,8,1,0.0721667937855495
25,9,1,0.0721667937855495
25,10,1,0.07216679378554947
25,11,1,0.07216679378554947
25,12,1,0.07216679378554947
25,13,1,0.07216679378554947
25,14,1,0.0721667937855495
25,15,1,0.0721667937855495
25,16,1,0.0721667937855495
25,17,1,0.0721667937855495
25,18,1,0.0721667937855495
25,19,1,0.0721667937855495
25,20,1,0.07216679378554947
25,21,1,0.0721667937855495
25,22,1,0.07216679378554947
25,23,1,0.0721667937855495
25,24,1,0.0721667937855495
26,1,1,0.042127644661002245
26,2,1,0.042127644661002245
26,3,1,0.042127644661002245
26,4,1,0.042127644661002245
26,5,1,0.042127644661002245
26,6,1,0.042127644661002245
26,7,1,0.042127644661002245
26,8,1,0.042127644661002245
26,9,1,0.042127644661002245
26,10,1,0.04212764466100224
26,11,1,0.04212764466100224
26,12,1,0.04212764466100224
26,13,1,0.04212764466100224
26,14,1,0.042127644661002245
26,15,1,0.042127644661002245
26,16,1,0.042127644661002245
26,17,1,0.042127644661002245
26,18,1,0.042127644661002245
26,19,1,0.042127644661002245
26,20,1,0.04212764466100224
26,21,1,0.042127644661002245
26,22,1,0.04212764466100224
26,23,1,0.042127644661002245
26,24,1,0.042127644661002245
27,1,1,0.04212864505146448
27,2,1,0.04212864505146448
27,3,1,0.04212864505146448
27,4,1,0.04212864505146448
27,5,1,0.04212864505146448
27,6,1,0.04212864505146448
27,7,1,0.04212864505146448
27,8,1,0.04212864505146448
27,9,1,0.04212864505146448
27,10,1,0.04212864505146447
27,11,1,0.04212864505146447
27,12,1,0.04212864505146447
27,13,1,0.04212864505146447
27,14,1,0.04212864505146448
27,15,1,0.04212864505146448
27,16,1,0.04212864505146448
27,17,1,0.04212864505146448
27,18,1,0.04212864505146448
27,19,1,0.04212864505146448
27,20,1,0.04212864505146447
27,21,1,0.04212864505146448
27,22,1,0.04212864505146447
27,23,1,0.04212864505146448
27,24,1,0.04212864505146448
28,1,1,-0.6531924710563751
28,2,1,-1.8346877804841457
28,3,1,-1.4742372293012547
28,4,1,-0.6898496427674089
28,5,1,-0.7814502138784983
28,6,1,-1.647673528748794
28,7,1,-0.7669497241979241
28,8,1,-1.367134422702776
28,9,1,-1.1052815244806373
28,10,1,-1.0747997087020646
28,11,1,-1.0333108941109583
28,12,1,-1.035761408311621
28,13,1,-1.005956034478639
28,14,1,-1.0208263546710357
28,15,1,-1.0759665180263769
28,16,1,-1.367109100475574
28,17,1,-0.7270198900207033
28,18,1,-0.622919037194591
28,19,1,-0.6446225160699586
28,20,1,-0.6276008146589034
28,21,1,-0.6167315011155801
28,22,1,-0.6343622652740093
28,23,1,-0.6194781765630164
28,24,1,-0.6301407442222667
29,1,1,-0.6985761077508145
29,2,1,-1.899389984158832
29,3,1,-1.5333608097773506
29,4,1,-0.7348367501199731
29,5,1,-0.82804767660974
29,6,1,-1.710691168090739
29,7,1,-0.8133965372827288
29,8,1,-1.4239720463182175
29,9,1,-1.1569442939777872
29,10,1,-1.1259405477222681
29,11,1,-1.0837704149451293
29,12,1,-1.0862701762769604
29,13,1,-1.0559875109765375
29,14,1,-1.071099021445234
29,15,1,-1.1271245110469685
29,16,1,-1.4232994450247993
29,17,1,-0.7729939200231241
29,18,1,-0.6679977899288465
29,19,1,-0.6899185325820594
29,20,1,-0.6727272741612194
29,21,1,-0.6617456412802082
29,22,1,-0.6795564494658867
29,23,1,-0.664515848339655
29,24,1,-0.6752931150866208
30,1,1,-0.7450903751486349
30,2,1,-1.9698090757863724
30,3,1,-1.596978333649551
30,4,1,-0.7809326541997585
30,5,1,-0.8760997814773454
30,6,1,-1.7791412811395826
30,7,1,-0.8612592660812479
30,8,1,-1.4847515130100573
30,9,1,-1.2112984069777717
30,10,1,-1.1796457971575145
30,11,1,-1.1366285699780307
30,12,1,-1.1391892782037198
30,13,1,-1.1083128019777988
30,14,1,-1.1237248754864282
30,15,1,-1.1808511137121132
30,16,1,-1.4832805982082995
30,17,1,-0.8202642519623334
30,18,1,-0.7141290216240481
30,19,1,-0.7363236245275072
30,20,1,-0.7189182098152223
30,21,1,-0.7077964868986802
30,22,1,-0.7258333385297724
30,23,1,-0.7105951461201465
30,24,1,-0.7215167485029507
31,1,1,0.04207699409079774
31,2,1,0.04207699409079774
31,3,1,0.04207699409079774
31,4,1,0.04207699409079774
31,5,1,0.04207699409079774
31,6,1,0.04207699409079774
31,7,1,0.04207699409079774
31,8,1,0.04207699409079774
31,9,1,0.04207699409079774
31,10,1,0.04207699409079774
31,11,1,0.04207699409079774
31,12,1,0.04207699409079774
31,13,1,0.04207699409079774
31,14,1,0.04207699409079774
31,15,1,0.04207699409079774
31,16,1,0.04207699409079774
31,17,1,0.04207699409079774
31,18,1,0.04207699409079774
31,19,1,0.04207699409079774
31,20,1,0.04207699409079774
31,21,1,0.04207699409079774
31,22,1,0.04207699409079774
31,23,1,0.04207699409079774
31,24,1,0.04207699409079774
32,1,1,0.12944339926816206
32,2,1,0.12944339926816206
32,3,1,0.12944339926816206
32,4,1,0.12944339926816203
32,5,1,0.12944339926816206
32,6,1,0.12944339926816206
32,7,1,0.12944339926816206
32,8,1,0.12944339926816206
32,9,1,0.12944339926816206
32,10,1,0.12944339926816206
32,11,1,0.1294433992681621
32,12,1,0.1294433992681621
32,13,1,0.12944339926816206
32,14,1,0.1294433992681621
32,15,1,0.12944339926816203
32,16,1,0.12944339926816206
32,17,1,0.12944339926816206
32,18,1,0.1294433992681621
32,19,1,0.12944339926816206
32,20,1,0.1294433992681621
32,21,1,0.12944339926816206
32,22,1,0.1294433992681621
32,23,1,0.12944339926816203
32,24,1,0.1294433992681621
33,1,1,0.17193323365202062
33,2,1,0.17193323365202062
33,3,1,0.17193323365202062
33,4,1,0.17193323365202062
33,5,1,0.17193323365202062
33,6,1,0.17193323365202062
33,7,1,0.17193323365202062
33,8,1,0.17193323365202062
33,9,1,0.17193323365202062
33,10,1,0.17193323365202062
33,11,1,0.17193323365202062
33,12,1,0.17193323365202062
33,13,1,0.17193323365202062
33,14,1,0.17193323365202062
33,15,1,0.17193323365202062
33,16,1,0.17193323365202062
33,17,1,0.17193323365202062
33,18,1,0.17193323365202062
33,19,1,0.17193323365202062
33,20,1,0.17193323365202062
33,21,1,0.17193323365202062
33,22,1,0.17193323365202062
33,23,1,0.17193323365202062
33,24,1,0.17193323365202062
34,1,1,-0.2649507378240206
34,2,1,0.866772049781074
34,3,1,0.6764710320802405
34,4,1,-0.2649332336520206
34,5,1,-0.2649507378240206
34,6,1,0.8392655948513835
34,7,1,-0.2649507378240206
34,8,1,0.7067339582662142
34,9,1,0.3862574211489817
34,10,1,0.39531712612294867
34,11,1,0.39477987834318296
34,12,1,0.3909414985740959
34,13,1,0.40370393438685426
34,14,1,0.3926944269131092
34,15,1,0.39086181275157855
34,16,1,0.716292643839859
34,17,1,-0.2649507378240206
34,18,1,-0.2649507378240206
34,19,1,-0.2649507378240206
34,20,1,-0.2649507378240206
34,21,1,-0.2649507378240206
34,22,1,-0.2649507378240206
34,23,1,-0.2649507378240206
34,24,1,-0.2649507378240206
35,1,1,0.04207699409079774
35,2,1,0.04207699409079774
35,3,1,0.04207699409079774
35,4,1,0.04207699409079774
35,5,1,0.04207699409079774
35,6,1,0.04207699409079774
35,7,1,0.04207699409079774
35,8,1,0.04207699409079774
35,9,1,0.04207699409079774
35,10,1,0.04207699409079774
35,11,1,0.04207699409079774
35,12,1,0.04207699409079774
35,13,1,0.04207699409079774
35,14,1,0.04207699409079774
35,15,1,0.04207699409079774
35,16,1,0.04207699409079774
35,17,1,0.04207699409079774
35,18,1,0.04207699409079774
35,19,1,0.04207699409079774
35,20,1,0.04207699409079774
35,21,1,0.04207699409079774
35,22,1,0.04207699409079774
35,23,1,0.04207699409079774
35,24,1,0.04207699409079774
36,1,1,0.08434124235075645
36,2,1,0.08434124235075645
36,3,1,0.08434124235075645
36,4,1,0.08434124235075645
36,5,1,0.08434124235075645
36,6,1,0.08434124235075645
36,7,1,0.08434124235075645
36,8,1,0.08434124235075645
36,9,1,0.08434124235075645
36,10,1,0.08434124235075645
36,11,1,0.08434124235075645
36,12,1,0.08434124235075645
36,13,1,0.08434124235075645
36,14,1,0.08434124235075645
36,15,1,0.08434124235075645
36,16,1,0.08434124235075645
36,17,1,0.08434124235075645
36,18,1,0.08434124235075645
36,19,1,0.08434124235075645
36,20,1,0.08434124235075645
36,21,1,0.08434124235075645
36,22,1,0.08434124235075645
36,23,1,0.08434124235075645
36,24,1,0.08434124235075645
37,1,1,0.04208344109147007
37,2,1,0.04208344109147007
37,3,1,0.04208344109147007
37,4,1,0.04208344109147007
37,5,1,0.04208344109147007
37,6,1,0.04208344109147007
37,7,1,0.04208344109147007
37,8,1,0.04208344109147007
37,9,1,0.04208344109147007
37,10,1,0.04208344109147007
37,11,1,0.04208344109147007
37,12,1,0.04208344109147007
37,13,1,0.04208344109147007
37,14,1,0.04208344109147007
37,15,1,0.04208344109147007
37,16,1,0.04208344109147007
37,17,1,0.04208344109147007
37,18,1,0.04208344109147007
37,19,1,0.04208344109147007
37,20,1,0.04208344109147007
37,21,1,0.04208344109147007
37,22,1,0.04208344109147007
37,23,1,0.04208344109147007
37,24,1,0.04208344109147007
38,1,1,0.04208344109147007
38,2,1,0.04208344109147007
38,3,1,0.04208344109147007
38,4,1,0.04208344109147007
38,5,1,0.04208344109147007
38,6,1,0.04208344109147007
38,7,1,0.04208344109147007
38,8,1,0.04208344109147007
38,9,1,0.04208344109147007
38,10,1,0.04208344109147007
38,11,1,0.04208344109147007
38,12,1,0.04208344109147007
38,13,1,0.04208344109147007
38,14,1,0.04208344109147007
38,15,1,0.04208344109147007
38,16,1,0.04208344109147007
38,17,1,0.04208344109147007
38,18,1,0.04208344109147007
38,19,1,0.04208344109147007
38,20,1,0.04208344109147007
38,21,1,0.04208344109147007
38,22,1,0.04208344109147007
38,23,1,0.04208344109147007
38,24,1,0.04208344109147007
39,1,1,-0.3254986147926842
39,2,1,0.8066886086896039
39,3,1,0.6134539218161561
39,4,1,-0.32501667474349066
39,5,1,-0.325498608814493
39,6,1,0.775584135715877
39,7,1,-0.32549861479268416
39,8,1,0.6433462595128718
39,9,1,0.3252124110591631
39,10,1,0.33420052308226433
39,11,1,0.3336666827434347
39,12,1,0.32984843347402104
39,13,1,0.34254372041517434
39,14,1,0.33159129071442794
39,15,1,0.32976915711588184
39,16,1,0.6532240591867605
39,17,1,-0.325498608814493
39,18,1,-0.325498608814493
39,19,1,-0.325498608814493
39,20,1,-0.3254986147926842
39,21,1,-0.325498608814493
39,22,1,-0.325498608814493
39,23,1,-0.325498608814493
39,24,1,-0.325498608814493
40,1,1,0.04212864505146447
40,2,1,0.04212864505146448
40,3,1,0.04212864505146448
40,4,1,0.04212864505146448
40,5,1,0.04212864505146447
40,6,1,0.04212864505146448
40,7,1,0.04212864505146448
40,8,1,0.04212864505146448
40,9,1,0.04212864505146448
40,10,1,0.04212864505146447
40,11,1,0.04212864505146447
40,12,1,0.04212864505146447
40,13,1,0.04212864505146447
40,14,1,0.04212864505146448
40,15,1,0.04212864505146448
40,16,1,0.04212864505146448
40,17,1,0.04212864505146447
40,18,1,0.04212864505146447
40,19,1,0.04212864505146447
40,20,1,0.04212864505146447
40,21,1,0.04212864505146447
40,22,1,0.04212864505146447
40,23,1,0.04212864505146447
40,24,1,0.04212864505146447
41,1,1,-0.4103282191953781
41,2,1,0.7225599636381395
41,3,1,0.5269280244046189
41,4,1,-0.40914531979495516
41,5,1,-0.4103281998697115
41,6,1,0.6885237255593274
41,7,1,-0.4103282191953781
41,8,1,0.5564794310590301
41,9,1,0.24040961523513785
41,10,1,0.24933368658113786
41,11,1,0.24880279761712337
41,12,1,0.2450014852944981
41,13,1,0.2576402306406286
41,14,1,0.24673573636087298
41,15,1,0.24492255713594374
41,16,1,0.5666753703036707
41,17,1,-0.410328214728112
41,18,1,-0.410328214728112
41,19,1,-0.410328214728112
41,20,1,-0.4103282191953781
41,21,1,-0.4103281998697115
41,22,1,-0.410328214728112
41,23,1,-0.410328214728112
41,24,1,-0.410328214728112
42,1,1,0.0015711522333275944
42,2,1,0.16749073524351984
42,3,1,0.0842829540215732
42,4,1,0.0842829540215732
42,5,1,0.0015000000000000013
42,6,1,0.16749073524351984
42,7,1,0.0015711522333275946
42,8,1,0.0842829540215732
42,9,1,0.0842829540215732
42,10,1,0.10366295299215203
42,11,1,0.06490295505099435
42,12,1,0.1281361214870129
42,13,1,0.07342145610168599
42,14,1,0.13449906569796735
42,15,1,0.0842829540215732
42,16,1,0.0842829540215732
42,17,1,0.06310279152871405
42,18,1,0.07379029152871405
42,19,1,0.0755023015704896
42,20,1,0.07365418729307108
42,21,1,0.07877569788217847
42,22,1,0.0769180323211758
42,23,1,0.07365418729307108
42,24,1,0.07566377713253333
43,1,1,-0.37979054244931854
43,2,1,0.43806922839461954
43,3,1,0.3992485029603168
43,4,1,-0.5356296259566228
43,5,1,-0.3797193495218304
43,6,1,0.402352375120052
43,7,1,-0.3797905424493184
43,8,1,0.4285574475867885
43,9,1,0.11384129617164956
43,10,1,0.10334227633594438
43,11,1,0.09375838918032134
43,12,1,0.12236371622582488
43,13,1,0.06686857255072227
43,14,1,0.09101064761269032
43,15,1,0.09722752034561978
43,16,1,0.43901066601572436
43,17,1,-0.5112879212735786
43,18,1,-0.5198700521686607
43,19,1,-0.5156420865225879
43,20,1,-0.5212814196449883
43,21,1,-0.5206634738934313
43,22,1,-0.5214457612101296
43,23,1,-0.5177537491233847
43,24,1,-0.5138719299551261
44,1,1,-0.04042891919213597
44,2,1,0.12487947087607454
44,3,1,0.04207699409079774
44,4,1,0.04207699409079774
44,5,1,-0.0405
44,6,1,0.12487947087607454
44,7,1,-0.04042891919213597
44,8,1,0.04207699409079774
44,9,1,0.04207699409079774
44,10,1,0.061362593241430875
44,11,1,0.02279139494016459
44,12,1,0.08571655312833862
44,13,1,0.03126840244038631
44,14,1,0.09204850348894508
44,15,1,0.04207699409079774
44,16,1,0.04207699409079774
44,17,1,0.021000000000000008
44,18,1,0.03163544127300001
44,19,1,0.033339112127558156
44,20,1,0.031500000000000014
44,21,1,0.03659656375199996
44,22,1,0.03474794686508361
44,23,1,0.031500000000000014
44,24,1,0.03349778756547291
45,1,1,0.13206922839461954
45,2,1,0.13206922839461954
45,3,1,0.13206922839461954
45,4,1,0.13206922839461954
45,5,1,0.13206922839461954
45,6,1,0.13206922839461954
45,7,1,0.13206922839461954
45,8,1,0.13206922839461954
45,9,1,0.13206922839461954
45,10,1,0.13206922839461954
45,11,1,0.13206922839461954
45,12,1,0.13206922839461954
45,13,1,0.13206922839461954
45,14,1,0.13206922839461954
45,15,1,0.13206922839461954
45,16,1,0.13206922839461954
45,17,1,0.13206922839461954
45,18,1,0.13206922839461954
45,19,1,0.13206922839461954
45,20,1,0.13206922839461954
45,21,1,0.13206922839461954
45,22,1,0.13206922839461954
45,23,1,0.13206922839461954
45,24,1,0.13206922839461954
46,1,1,-0.5578140398876223
46,2,1,0.261
46,3,1,0.22113465898721046
46,4,1,-0.7137401832265844
46,5,1,-0.557585040215604
46,6,1,0.2245804439997614
46,7,1,-0.5578140683146259
46,8,1,0.25027313794508327
46,9,1,-0.06328784902596377
46,10,1,-0.07379709452875162
46,11,1,-0.08336764565350466
46,12,1,-0.05480317392826292
46,13,1,-0.11021497153866233
46,14,1,-0.08611047188899465
46,15,1,-0.07990346735734719
46,16,1,0.26106003465081296
46,17,1,-0.6900832607596701
46,18,1,-0.6987207829476769
46,19,1,-0.6944702945433852
46,20,1,-0.7001467014992873
46,21,1,-0.6995250599842727
46,22,1,-0.7003128748555346
46,23,1,-0.6965965080976697
46,24,1,-0.6926881636605297
47,1,1,-0.691872590637827
47,2,1,0.129
47,3,1,0.08882164747939583
47,4,1,-0.8482487780875226
47,5,1,-0.6914862465738705
47,6,1,0.0925804439997614
47,7,1,-0.6918726795930842
47,8,1,0.1178587367517131
47,9,1,-0.19528847234147903
47,10,1,-0.2058326126659691
47,11,1,-0.21541227836836796
47,12,1,-0.18682165059579486
47,13,1,-0.2422801175773893
47,14,1,-0.218156613342326
47,15,1,-0.2119449260828487
47,16,1,0.129
47,17,1,-0.8252310040169005
47,18,1,-0.8339440971569865
47,19,1,-0.8296609895871867
47,20,1,-0.8353881613627128
47,21,1,-0.8347616312354019
47,22,1,-0.8355568578311575
47,23,1,-0.8318068864311737
47,24,1,-0.8278625871168444
48,1,1,-0.737039417141188
48,2,1,0.087
48,3,1,0.046780132178307114
48,4,1,-0.8941353792747917
48,5,1,-0.7364978286802335
48,6,1,0.050580443999761394
48,7,1,-0.7370396770906911
48,8,1,0.07576683638449343
48,9,1,-0.2375149150434935
48,10,1,-0.24811239935063908
48,11,1,-0.257717923903803
48,12,1,-0.22905116917227675
48,13,1,-0.2846532286232636
48,14,1,-0.26046855494410337
48,15,1,-0.2542413373482506
48,16,1,0.087
48,17,1,-0.8717344521847634
48,18,1,-0.8805384384715207
48,19,1,-0.8762148997078588
48,20,1,-0.8820035194252079
48,21,1,-0.8813713895089013
48,22,1,-0.8821754865201564
48,23,1,-0.8783845005557552
48,24,1,-0.8743968595479433
49,1,1,-0.7826329569434743
49,2,1,0.045
49,3,1,0.00477635614262556
49,4,1,-0.9405321539537573
49,5,1,-0.7819406373333843
49,6,1,0.008580443999761392
49,7,1,-0.7826336681275473
49,8,1,0.03372885663237185
49,9,1,-0.27986217910734
49,10,1,-0.2905191619857574
49,11,1,-0.30015598756885703
49,12,1,-0.27139687229333465
49,13,1,-0.32717398191625247
49,14,1,-0.3029144493759708
49,15,1,-0.29666819797391336
49,16,1,0.045
49,17,1,-0.9187609249748716
49,18,1,-0.9276611193602085
49,19,1,-0.9232942177694721
49,20,1,-0.9291484932949393
49,21,1,-0.9285107139188952
49,22,1,-0.9293242271634632
49,23,1,-0.9254891226027174
49,24,1,-0.9214552068569981
50,1,1,-0.08401867194000001
50,2,1,-0.08401867194000001
50,3,1,-0.08401867194000001
50,4,1,-0.08401867194000001
50,5,1,-0.08401867194000001
50,6,1,-0.08401867194000001
50,7,1,-0.08401867194000001
50,8,1,-0.08401867194000001
50,9,1,-0.08401867194000001
50,10,1,-0.08401867194000001
50,11,1,-0.08401867194000001
50,12,1,-0.08401867194000001
50,13,1,-0.08401867194000001
50,14,1,-0.08401867194000001
50,15,1,-0.08401867194000001
50,16,1,-0.08401867194000001
50,17,1,-0.08401867194000001
50,18,1,-0.08401867194000001
50,19,1,-0.08401867194000001
50,20,1,-0.08401867194000001
50,21,1,-0.08401867194000001
50,22,1,-0.08401867194000001
50,23,1,-0.08401867194000001
50,24,1,-0.08401867194000001
51,1,1,-0.1260560359515372
51,2,1,-0.1260560359515372
51,3,1,-0.1260560359515372
51,4,1,-0.1260560359515372
51,5,1,-0.1260560359515372
51,6,1,-0.1260560359515372
51,7,1,-0.1260560359515372
51,8,1,-0.1260560359515372
51,9,1,-0.1260560359515372
51,10,1,-0.1260560359515372
51,11,1,-0.1260560359515372
51,12,1,-0.1260560359515372
51,13,1,-0.1260560359515372
51,14,1,-0.1260560359515372
51,15,1,-0.1260560359515372
51,16,1,-0.1260560359515372
51,17,1,-0.1260560359515372
51,18,1,-0.1260560359515372
51,19,1,-0.1260560359515372
51,20,1,-0.12605603595338255
51,21,1,-0.1260560359515372
51,22,1,-0.1260560359515372
51,23,1,-0.1260560359515372
51,24,1,-0.1260560359515372
52,1,1,0.12013123810115592
52,2,1,0.12013123810115592
52,3,1,0.12013123810115592
52,4,1,0.12013123810115592
52,5,1,0.12013123810115592
52,6,1,0.12013123810115592
52,7,1,0.12013123810115592
52,8,1,0.12013123810115592
52,9,1,0.12013123810115592
52,10,1,0.12013123810115592
52,11,1,0.12013123810115592
52,12,1,0.12013123810115592
52,13,1,0.12013123810115592
52,14,1,0.12013123810115592
52,15,1,0.12013123810115592
52,16,1,0.12013123810115592
52,17,1,0.12013123810115592
52,18,1,0.12013123810115592
52,19,1,0.12013123810115592
52,20,1,0.12013123810115592
52,21,1,0.12013123810115592
52,22,1,0.12013123810115592
52,23,1,0.12013123823096192
52,24,1,0.12013123810115592
53,1,1,0.24940840142684104
53,2,1,0.24940840142684104
53,3,1,0.24940840142684104
53,4,1,0.24940840142684104
53,5,1,0.24940840142684104
53,6,1,0.24940840142684104
53,7,1,0.24940840142684104
53,8,1,0.21437161311585917
53,9,1,0.24081797063167187
53,10,1,0.20273641520265445
53,11,1,0.17711050885515062
53,12,1,0.17127202865353996
53,13,1,0.17273988718049604
53,14,1,0.18446408463328706
53,15,1,0.21334923793172061
53,16,1,0.18698271913584844
53,17,1,0.24941339711505836
53,18,1,0.24940840142684104
53,19,1,0.24940840142684104
53,20,1,0.24940840141464318
53,21,1,0.24940840142684104
53,22,1,0.24940840142684104
53,23,1,0.24940840129703498
53,24,1,0.24940840142684104
54,1,1,0.06002622009643701
54,2,1,0.06002622009643701
54,3,1,0.06002622009643701
54,4,1,0.06002622009643701
54,5,1,0.06002622009643701
54,6,1,0.06002622009643701
54,7,1,0.06002622009643701
54,8,1,0.06002622009643701
54,9,1,0.06002622009643701
54,10,1,0.06002622009643701
54,11,1,0.06002622009643701
54,12,1,0.06002622009643701
54,13,1,0.06002622009643701
54,14,1,0.06002622009643701
54,15,1,0.06002622009643701
54,16,1,0.06002622009643701
54,17,1,0.06002622009643701
54,18,1,0.06002622009643701
54,19,1,0.06002622009643701
54,20,1,0.06002622009643701
54,21,1,0.06002622009643701
54,22,1,0.06002622009643701
54,23,1,0.060026220101292826
54,24,1,0.06002622009643701
55,1,1,0.12065865493632714
55,2,1,0.12065865493632714
55,3,1,0.12065865493632714
55,4,1,0.12065865493632714
55,5,1,0.12065865493632714
55,6,1,0.12065865493632714
55,7,1,0.12065865493632714
55,8,1,0.12065865493632714
55,9,1,0.12065865493632714
55,10,1,0.12065865493632716
55,11,1,0.12065865493632714
55,12,1,0.12065865493632714
55,13,1,0.12065865493632716
55,14,1,0.12065865493632714
55,15,1,0.12065865493632714
55,16,1,0.12065865493632714
55,17,1,0.12065865493632714
55,18,1,0.12065865493632714
55,19,1,0.12065865493632714
55,20,1,0.12065865493632714
55,21,1,0.12065867077667712
55,22,1,0.12065867077667712
55,23,1,0.12065865493632714
55,24,1,0.12065865493632714
56,1,1,0.06817360794190924
56,2,1,0.06817360794190924
56,3,1,0.06817360794190924
56,4,1,0.06817360794190924
56,5,1,0.06817360794190924
56,6,1,0.06817360794190924
56,7,1,0.06817360794193762
56,8,1,0.033287321234444056
56,9,1,0.059622181966214285
56,10,1,0.021697073091476875
56,11,1,-0.003838677684989981
56,12,1,-0.009658318749404232
56,13,1,-0.00819513720941695
56,14,1,0.0034902716366846344
56,15,1,0.032268996296864985
56,16,1,0.006001202271355072
56,17,1,0.06817963200790236
56,18,1,0.06817360794190924
56,19,1,0.06817360794190924
56,20,1,0.06817360793003703
56,21,1,0.06817359210155927
56,22,1,0.06817359210155927
56,23,1,0.06817360781348152
56,24,1,0.06817360794190924
57,1,1,0.06013104110299858
57,2,1,0.06013104110299858
57,3,1,0.06013104110299858
57,4,1,0.06013104110299858
57,5,1,0.06013104110299858
57,6,1,0.06013104110299858
57,7,1,0.06013104110299858
57,8,1,0.06013104110299858
57,9,1,0.06013104110299858
57,10,1,0.060131041102998585
57,11,1,0.06013104110299858
57,12,1,0.06013104110299858
57,13,1,0.060131041102998585
57,14,1,0.06013104110299858
57,15,1,0.06013104110299858
57,16,1,0.06013104110299858
57,17,1,0.06013104110299858
57,18,1,0.06013104110299858
57,19,1,0.06013104110299858
57,20,1,0.06013104110299858
57,21,1,0.060131041102998585
57,22,1,0.060131041102998585
57,23,1,0.06013104110299858
57,24,1,0.06013104110299858
58,1,1,0.006000524035521755
58,2,1,0.006000524035521755
58,3,1,0.006000524035521755
58,4,1,0.006000524035521755
58,5,1,0.006000524035521755
58,6,1,0.006000524035521755
58,7,1,0.006000524035521755
58,8,1,0.006000524035521755
58,9,1,0.006000524035521755
58,10,1,0.006000524035521756
58,11,1,0.006000524035521755
58,12,1,0.006000524035521755
58,13,1,0.006000524035521756
58,14,1,0.006000524035521755
58,15,1,0.006000524035521755
58,16,1,0.006000524035521755
58,17,1,0.006000524035521755
58,18,1,0.006000524035521755
58,19,1,0.006000524035521755
58,20,1,0.006000524035521755
58,21,1,0.006000524035521755
58,22,1,0.006000524035521755
58,23,1,0.006000524035521755
58,24,1,0.006000524035521755
59,1,1,0.11808084217911374
59,2,1,0.11808084217911374
59,3,1,0.11808084217903657
59,4,1,0.1180808603703219
59,5,1,0.1180808603703219
59,6,1,0.11890729341585325
59,7,1,0.14970714217917258
59,8,1,0.16243480582510672
59,9,1,0.16243480582510672
59,10,1,0.16243480582510672
59,11,1,0.16243480582510667
59,12,1,0.16243480582510672
59,13,1,0.16243480582510667
59,14,1,0.16243480582510672
59,15,1,0.16243480582510672
59,16,1,0.16243480582510672
59,17,1,0.16243480582510672
59,18,1,0.12318993217911374
59,19,1,0.11808084217911374
59,20,1,0.11808084217504135
59,21,1,0.11808082639496639
59,22,1,0.11808082639496639
59,23,1,0.11808084206204572
59,24,1,0.11808084217911374
60,1,1,0.11157999261414979
60,2,1,0.11157999261414979
60,3,1,0.11157999261323256
60,4,1,0.11158911371344478
60,5,1,0.11158911371344478
60,6,1,0.1124085114754544
60,7,1,0.14290207252269277
60,8,1,0.15548702786418953
60,9,1,0.15548702786418953
60,10,1,0.15548702786418953
60,11,1,0.1554870278641895
60,12,1,0.15548702786418953
60,13,1,0.1554870278641895
60,14,1,0.15548702786418953
60,15,1,0.15548702786418953
60,16,1,0.15548702786418953
60,17,1,0.15548702786418953
60,18,1,0.11664480372778335
60,19,1,0.11157999261414979
60,20,1,0.11157999270881468
60,21,1,0.1115799770870721
60,22,1,0.1115799770870721
60,23,1,0.11157999261148786
60,24,1,0.1115799926565362
61,1,1,0.10526693498803177
61,2,1,0.10526693498803177
61,3,1,0.10526693506649377
61,4,1,0.10528277687777768
61,5,1,0.10528277687777768
61,6,1,0.10609756526787217
61,7,1,0.13638858642032559
61,8,1,0.14887911691704547
61,9,1,0.14887911691704547
61,10,1,0.14887911691704547
61,11,1,0.14887911691704547
61,12,1,0.14887911691704547
61,13,1,0.14887911691704547
61,14,1,0.14887911691704547
61,15,1,0.14887911691704547
61,16,1,0.14887911691704547
61,17,1,0.14887911691704547
61,18,1,0.11030268067080376
61,19,1,0.1052669350945014
61,20,1,0.10526693539352429
61,21,1,0.10526691989439002
61,22,1,0.10526691989439002
61,23,1,0.1052669353179905
61,24,1,0.10526693524969317
62,1,1,0.06870966510673752
62,2,1,0.06870966510673752
62,3,1,0.06870966560916497
62,4,1,0.06873939355057691
62,5,1,0.06873939355057691
62,6,1,0.0695455400946664
62,7,1,0.09945309956415649
62,8,1,0.1117644394968255
62,9,1,0.1117644394968255
62,10,1,0.1117644394968255
62,11,1,0.1117644394968255
62,12,1,0.1117644394968255
62,13,1,0.1117644394968255
62,14,1,0.1117644394968255
62,15,1,0.1117644394968255
62,16,1,0.1117644394968255
62,17,1,0.1117644394968255
62,18,1,0.07369081863481802
62,19,1,0.06870966579066151
62,20,1,0.06870966668554686
62,21,1,0.06870965144526234
62,22,1,0.06870965144526234
62,23,1,0.06870966666857403
62,24,1,0.06870966628646571
63,1,1,-0.0011875
63,2,1,-0.00059375
63,3,1,-0.0045411214604649
63,4,1,-0.00475
63,5,1,-0.0025937499999999997
63,6,1,-0.0025808367343749996
63,7,1,0.00037499999999999995
63,8,1,0.00600168207059199
63,9,1,0.00600168207059199
63,10,1,0.00600168207059199
63,11,1,0.00600168207059199
63,12,1,0.00600168207059199
63,13,1,0.00600168207059199
63,14,1,0.00600168207059199
63,15,1,0.00600168207059199
63,16,1,0.00600168207059199
63,17,1,0.00600168207059199
63,18,1,0.00037499999999999995
63,19,1,0.0007499999999999999
63,20,1,0.00037499999999999995
63,21,1,-0.0005660450633106482
63,22,1,-0.036578638438354634
63,23,1,-0.0011430819815838723
63,24,1,0.00037499999999999995
64,1,1,-0.058004594966488646
64,2,1,0.024037930036739555
64,3,1,0.10767141947290756
64,4,1,-0.05835425836442265
64,5,1,0.024037930036739555
64,6,1,0.10686530160953607
64,7,1,-0.058004594966488646
64,8,1,0.10686530160953607
64,9,1,0.024037930036739555
64,10,1,0.022073570305597784
64,11,1,0.021080109870856338
64,12,1,0.018214528832572616
64,13,1,0.018008361909369615
64,14,1,0.03862571793145267
64,15,1,0.02099661024259308
64,16,1,0.02926662137229806
64,17,1,0.018012679634470875
64,18,1,0.012005288317523935
64,19,1,0.016549647191244184
64,20,1,0.009002448112452818
64,21,1,0.012726945941757006
64,22,1,0.01350950972585316
64,23,1,0.015004180954684806
64,24,1,0.012754569678470608
65,1,1,-0.31397385787559057
65,2,1,-0.1336509915120584
65,3,1,-0.02811239823709211
65,4,1,-0.45216368006774593
65,5,1,-0.20343490275354012
65,6,1,0.03949781713775222
65,7,1,-0.4586001202399395
65,8,1,-0.010153244255382346
65,9,1,-0.1501118136785049
65,10,1,-0.15209441952270644
65,11,1,-0.13584721130599126
65,12,1,-0.13176703963912587
65,13,1,-0.11748989376219121
65,14,1,-0.125729736897753
65,15,1,-0.12207983679707773
65,16,1,-0.07019950668198133
65,17,1,-0.3435468209939302
65,18,1,-0.41950547746471023
65,19,1,-0.480485445892061
65,20,1,-0.4083540241095886
65,21,1,-0.4481626064407799
65,22,1,-0.43401719513378306
65,23,1,-0.5389187464922458
65,24,1,-0.4288175217190221
66,1,1,0.16697845284207918
66,2,1,-0.09538693852468116
66,3,1,-0.28455902123581545
66,4,1,0.30551793843216857
66,5,1,-0.025603027283199437
66,6,1,-0.3513631187472883
66,7,1,0.31160471520642813
66,8,1,-0.30171205735415374
66,9,1,-0.0009261163582346618
66,10,1,0.0030208492171086565
66,11,1,-0.012232898564865084
66,12,1,-0.013447489193446752
66,13,1,-0.027518468147178343
66,14,1,-0.039895981033699686
66,15,1,-0.02591677344551524
66,16,1,-0.15829734227959014
66,17,1,0.131116318614211
66,18,1,0.2025001891471863
66,19,1,0.2589357987008168
66,20,1,0.19435157599713576
66,21,1,0.23043566049902287
66,22,1,0.21550768540792986
66,23,1,0.318914565537561
66,24,1,0.21106295204055148
67,1,1,-0.06410213916267331
67,2,1,0.018021176705052266
67,3,1,0.1013353279153975
67,4,1,-0.06436478335597497
67,5,1,0.018021176705052266
67,6,1,0.10073327643090246
67,7,1,-0.06410213916267331
67,8,1,0.10073327643090246
67,9,1,0.018021176705052266
67,10,1,0.016059550796920643
67,11,1,0.015067472972987751
67,12,1,0.012205879998221977
67,13,1,0.012000000000000004
67,14,1,0.03258866138258014
67,15,1,0.014984089552159142
67,16,1,0.023242590769680785
67,17,1,0.012004311716071426
67,18,1,0.006002155858035712
67,19,1,0.0105417752519266
67,20,1,0.003000358965726331
67,21,1,0.006722329398133786
67,22,1,0.007504806078122621
67,23,1,0.009000000000000001
67,24,1,0.006750000000000001
68,1,1,-0.07026594565014173
68,2,1,0.012008229728753417
68,3,1,0.09492597781117977
68,4,1,-0.07040861405223153
68,5,1,0.012008229728753414
68,6,1,0.09460162303416746
68,7,1,-0.07026594565014173
68,8,1,0.09460162303416746
68,9,1,0.012008229728753417
68,10,1,0.01004941909904612
68,11,1,0.00905876508139627
68,12,1,0.006201278996189648
68,13,1,0.0059956944720000035
68,14,1,0.02655480583180239
68,15,1,0.008975501330452032
68,16,1,0.01722214954511858
68,17,1,0.006
68,18,1,2.155858035712138e-6
68,19,1,0.004537439746507122
68,20,1,-0.002999641034273669
68,21,1,0.0007206377099646666
68,22,1,0.00150336784985073
68,23,1,0.003000000000000001
68,24,1,0.0007483854270000006
69,1,1,0.006001435862905327
69,2,1,0.006001435862905327
69,3,1,0.006001435862905327
69,4,1,0.006001435862905327
69,5,1,0.006001435862905327
69,6,1,0.006001435862905327
69,7,1,0.006001435862905327
69,8,1,0.006001435862905327
69,9,1,0.006001435862905327
69,10,1,0.006001435862905327
69,11,1,0.006001435862905327
69,12,1,0.006001435862905327
69,13,1,0.006001435862905327
69,14,1,0.006001435862905327
69,15,1,0.006001435862905327
69,16,1,0.006001435862905327
69,17,1,0.006001435862905327
69,18,1,0.006001435862905327
69,19,1,0.006001435862905327
69,20,1,0.006001435862905327
69,21,1,0.006001435862905327
69,22,1,0.006001435862905327
69,23,1,0.006001435862905327
69,24,1,0.006001435862905327
70,1,1,0.09056342839752961
70,2,1,0.09056342839752961
70,3,1,0.09056342839752961
70,4,1,0.09056342839752961
70,5,1,0.09056342839752961
70,6,1,0.09056342839752961
70,7,1,0.09056342839752961
70,8,1,0.09056342839752961
70,9,1,0.09056342839752961
70,10,1,0.09056342839752961
70,11,1,0.09056342839752961
70,12,1,0.09056342839752961
70,13,1,0.09056342839752961
70,14,1,0.09056342839752961
70,15,1,0.09056342839752961
70,16,1,0.09056342839752961
70,17,1,0.09056342839752961
70,18,1,0.09056342839752961
70,19,1,0.09056342839752961
70,20,1,0.09056342839752961
70,21,1,0.09056342839752961
70,22,1,0.09056342839752961
70,23,1,0.09056342839752961
70,24,1,0.09056342839752961
71,1,1,-0.435065156639301
71,2,1,-0.2542906643287809
71,3,1,-0.14868033116379145
71,4,1,-0.5737836860540804
71,5,1,-0.3242989706346969
71,6,1,-0.08106561125977739
71,7,1,-0.5805200373432036
71,8,1,-0.13071667265291195
71,9,1,-0.2708314803769824
71,10,1,-0.27282350629958335
71,11,1,-0.25654412172369184
71,12,1,-0.2524550394483457
71,13,1,-0.23815248130478828
71,14,1,-0.2464081958029254
71,15,1,-0.2427517097183995
71,16,1,-0.19078091456043442
71,17,1,-0.46495011188288066
71,18,1,-0.5413429688850645
71,19,1,-0.602692012598441
71,20,1,-0.5301299743758353
71,21,1,-0.5701839985009047
71,22,1,-0.5559509107735238
71,23,1,-0.6615010612375927
71,24,1,-0.5507186775213944
72,1,1,0.06023647070296035
72,2,1,0.06023647070296035
72,3,1,0.06023647070296035
72,4,1,0.06023647070296035
72,5,1,0.06023647070296035
72,6,1,0.06023647070296035
72,7,1,0.06023647070296035
72,8,1,0.06023647070296035
72,9,1,0.06023647070296035
72,10,1,0.06023647070296035
72,11,1,0.06023647070296035
72,12,1,0.06023647070296035
72,13,1,0.06023647070296035
72,14,1,0.06023647070296035
72,15,1,0.06023647070296035
72,16,1,0.06023647070296035
72,17,1,0.06023647070296035
72,18,1,0.06023647070296035
72,19,1,0.06023647070296035
72,20,1,0.06023647070296035
72,21,1,0.06023647070296035
72,22,1,0.06023647070296035
72,23,1,0.06023647070296035
72,24,1,0.06023647070296035
73,1,1,0.030052370508520655
73,2,1,0.030052370508520655
73,3,1,0.030052370508520655
73,4,1,0.030052370508520655
73,5,1,0.030052370508520655
73,6,1,0.030052370508520655
73,7,1,0.030052370508520655
73,8,1,0.030052370508520655
73,9,1,0.030052370508520655
73,10,1,0.030052370508520655
73,11,1,0.030052370508520655
73,12,1,0.030052370508520655
73,13,1,0.030052370508520655
73,14,1,0.030052370508520655
73,15,1,0.030052370508520655
73,16,1,0.030052370508520655
73,17,1,0.030052370508520655
73,18,1,0.030052370508520655
73,19,1,0.030052370508520655
73,20,1,0.030052370508520655
73,21,1,0.030052370508520655
73,22,1,0.030052370508520655
73,23,1,0.030052370508520655
73,24,1,0.030052370508520655
74,1,1,0.010352383437302897
74,2,1,0.00978075512558122
74,3,1,0.016295733109680226
74,4,1,0.019736184961169242
74,5,1,0.017442175896733
74,6,1,0.020884235506661814
74,7,1,0.04498133588756931
74,8,1,0.05092008906533231
74,9,1,0.07360035296498096
74,10,1,0.09539944908499196
74,11,1,0.10703511683419471
74,12,1,0.11175071630689264
74,13,1,0.11110925825065933
74,14,1,0.10914000978836591
74,15,1,0.10891112412937905
74,16,1,0.10959784517679111
74,17,1,0.10868225982181763
74,18,1,0.10557192306033879
74,19,1,0.09772210275390063
74,20,1,0.09035167265679651
74,21,1,0.08006070276378209
74,22,1,0.07536085233908885
74,23,1,0.07621856101511318
74,24,1,0.0820975944526685
75,1,1,-0.4882806750000001
75,2,1,-0.30637466444977246
75,3,1,-0.2070921631855353
75,4,1,-0.6369460927376596
75,5,1,-0.3842974553087727
75,6,1,-0.1439498467664392
75,7,1,-0.6691574740969788
75,8,1,-0.22372101851386117
75,9,1,-0.3868144222174935
75,10,1,-0.4106149692808346
75,11,1,-0.4059270042577874
75,12,1,-0.4065417996625855
75,13,1,-0.39156099819158635
75,14,1,-0.39786957745575185
75,15,1,-0.3939747358861114
75,16,1,-0.3425584141921223
75,17,1,-0.6167628971507209
75,18,1,-0.6904611757904211
75,19,1,-0.7443091630945242
75,20,1,-0.6639684881265262
75,21,1,-0.6939627079288446
75,22,1,-0.6749473716764042
75,23,1,-0.7819655827568528
75,24,1,-0.6764212523833222
76,1,1,-0.0016487509766498418
76,2,1,-0.002220257469078007
76,3,1,0.0042929222532199565
76,4,1,0.00773206192375967
76,5,1,0.005438955627477506
76,6,1,0.008879618845230234
76,7,1,0.032959929243206836
76,8,1,0.03889265132145736
76,9,1,0.06154301630033057
76,10,1,0.08330311549582299
76,11,1,0.09491385065525289
76,12,1,0.09961852960996058
76,13,1,0.09897858471919098
76,14,1,0.09701392719831722
76,15,1,0.09678556981944733
76,16,1,0.09747070255111082
76,17,1,0.09655723263396217
76,18,1,0.09345394970307097
76,19,1,0.08562102117975438
76,20,1,0.07826526401630636
76,21,1,0.067992857695337
76,22,1,0.06330073960170624
76,23,1,0.06415707202258124
76,24,1,0.07002625302105299
77,1,1,0.01200085749853311
77,2,1,0.01200085749853311
77,3,1,0.01200085749853311
77,4,1,0.01200085749853311
77,5,1,0.01200085749853311
77,6,1,0.01200085749853311
77,7,1,0.01200085749853311
77,8,1,0.01200085749853311
77,9,1,0.01200085749853311
77,10,1,0.01200085749853311
77,11,1,0.01200085749853311
77,12,1,0.01200085749853311
77,13,1,0.01200085749853311
77,14,1,0.01200085749853311
77,15,1,0.01200085749853311
77,16,1,0.01200085749853311
77,17,1,0.01200085749853311
77,18,1,0.01200085749853311
77,19,1,0.01200085749853311
77,20,1,0.01200085749853311
77,21,1,0.01200085749853311
77,22,1,0.01200085749853311
77,23,1,0.01200085749853311
77,24,1,0.01200085749853311
78,1,1,-0.025649608475182953
78,2,1,-0.026221128011181646
78,3,1,-0.019707975167848155
78,4,1,-0.01626894605921791
78,5,1,-0.018561971696423443
78,6,1,-0.015121439930145322
78,7,1,0.008956199684956593
78,8,1,0.014887793168254934
78,9,1,0.037532137429082145
78,10,1,0.05928389645206968
78,11,1,0.07088915639636503
78,12,1,0.07559141370203676
78,13,1,0.07495180509367971
78,14,1,0.07298816643489879
78,15,1,0.0727599261560916
78,16,1,0.07344470672848605
78,17,1,0.07253170578440904
78,18,1,0.06942998309063632
78,19,1,0.061600766082505753
78,20,1,0.0542481987406849
78,21,1,0.04397976797209935
78,22,1,0.03928928004096375
78,23,1,0.04014532363874839
78,24,1,0.04601242066775418
79,1,1,-0.03765787765063251
79,2,1,-0.038229769796386266
79,3,1,-0.031712857021306676
79,4,1,-0.02827227280461338
79,5,1,-0.03056630230506574
79,6,1,-0.027124313931861432
79,7,1,-0.00304479701460323
79,8,1,0.002885015680258507
79,9,1,0.025514434063528525
79,10,1,0.04723972221127282
79,11,1,0.05882599410242316
79,12,1,0.06351959401693243
79,13,1,0.06288119565936584
79,14,1,0.06092120830010405
79,15,1,0.06069338613647928
79,16,1,0.061376908324701655
79,17,1,0.06046558253423673
79,18,1,0.05736939430542533
79,19,1,0.049553071536207756
79,20,1,0.04221121053686919
79,21,1,0.031955458119596825
79,22,1,0.027269879800959018
79,23,1,0.02812506860862444
79,24,1,0.03398581148320433
80,1,1,0.05403099151379012
80,2,1,0.05403099151379012
80,3,1,0.05403099151379012
80,4,1,0.05403099151379012
80,5,1,0.05403099151379012
80,6,1,0.05403099151379012
80,7,1,0.05403099151379012
80,8,1,0.05403099151379012
80,9,1,0.05403099151379012
80,10,1,0.05403099151379012
80,11,1,0.05403099151379012
80,12,1,0.05403099151379012
80,13,1,0.05403099151379012
80,14,1,0.05403099151379012
80,15,1,0.05403099151379012
80,16,1,0.05403099151379012
80,17,1,0.05403099151379012
80,18,1,0.05403099151379012
80,19,1,0.05403099151379012
80,20,1,0.05403099151379012
80,21,1,0.05403099151379012
80,22,1,0.05403099151379012
80,23,1,0.05403099151379012
80,24,1,0.05403099151379012
81,1,1,-0.10370669346127068
81,2,1,-0.10427913109596242
81,3,1,-0.09775648924501627
81,4,1,-0.09431331098919851
81,5,1,-0.09660903702093136
81,6,1,-0.09316455281598866
81,7,1,-0.06907590505293838
81,8,1,-0.06314607212079384
81,9,1,-0.040524737776725946
81,10,1,-0.01881931785560757
81,11,1,-0.00724849226652301
81,12,1,-0.002562110011012237
81,13,1,-0.003199494123389012
81,14,1,-0.005156431593134199
81,15,1,-0.005383905512676797
81,16,1,-0.004701432056690752
81,17,1,-0.005611362203734329
81,18,1,-0.008702964746832954
81,19,1,-0.016508782981088016
81,20,1,-0.02384217575754725
81,21,1,-0.03408836707984839
81,22,1,-0.03877045692114609
81,23,1,-0.0379158636533557
81,24,1,-0.03205969668270106
82,1,1,0.04201167711348576
82,2,1,0.04201167711348575
82,3,1,0.04201167711348575
82,4,1,0.04201167711348576
82,5,1,0.04201167711348576
82,6,1,0.04201167711348576
82,7,1,0.04201167711348575
82,8,1,0.04201167711348575
82,9,1,0.04201167711348575
82,10,1,0.04201167711348576
82,11,1,0.04201167711348575
82,12,1,0.04201167711348575
82,13,1,0.04201167711348575
82,14,1,0.04201167711348575
82,15,1,0.04201167711348575
82,16,1,0.04201167711348575
82,17,1,0.04201167711348575
82,18,1,0.04201167711348576
82,19,1,0.04201167711348575
82,20,1,0.04201167711348575
82,21,1,0.04201167711348575
82,22,1,0.04201167711348575
82,23,1,0.04201167711348575
82,24,1,0.04201167711348575
83,1,1,-0.11675912089015429
83,2,1,-0.11734320891576284
83,3,1,-0.11069161447722263
83,4,1,-0.10718372238081239
83,5,1,-0.1095223383495823
83,6,1,-0.10601388971176817
83,7,1,-0.08154281352133176
83,8,1,-0.0755362577461153
83,9,1,-0.052685438936031136
83,10,1,-0.030853973504163766
83,11,1,-0.019253633486350414
83,12,1,-0.014562752341836845
83,13,1,-0.015200495803593414
83,14,1,-0.017159033361101125
83,15,1,-0.01738674189693014
83,16,1,-0.01670359492431764
83,17,1,-0.017614443311943607
83,18,1,-0.02071037623141403
83,19,1,-0.02853545143245362
83,20,1,-0.035897798761489956
83,21,1,-0.0462020684217015
83,22,1,-0.05091754599781762
83,23,1,-0.050056530213111426
83,24,1,-0.044160267992265634
84,1,1,-0.5042064130956653
84,2,1,-0.3199778330072654
84,3,1,-0.21988342138389771
84,4,1,-0.6553410871583355
84,5,1,-0.39903208410191904
84,6,1,-0.15594984676643922
84,7,1,-0.6890011959811497
84,8,1,-0.23662641627859654
84,9,1,-0.40156619805796645
84,10,1,-0.4257313054038203
84,11,1,-0.42097724315240226
84,12,1,-0.42159881602388455
84,13,1,-0.40639778447670233
84,14,1,-0.41280191843489966
84,15,1,-0.40884993788652874
84,16,1,-0.3566869806923607
84,17,1,-0.6357615558134452
84,18,1,-0.7112751122355181
84,19,1,-0.7664727107641603
84,20,1,-0.6841324210834431
84,21,1,-0.7148733113266899
84,22,1,-0.6953847807862408
84,23,1,-0.8050427143740889
84,24,1,-0.6968955061598321
85,1,1,0.012003655361588835
85,2,1,0.012003655361588835
85,3,1,0.012003655361588835
85,4,1,0.012003655361588835
85,5,1,0.012003655361588835
85,6,1,0.012003655361588835
85,7,1,0.012003655361588835
85,8,1,0.012003655361588835
85,9,1,0.012003655361588835
85,10,1,0.012003655361588835
85,11,1,0.012003655361588835
85,12,1,0.012003655361588835
85,13,1,0.012003655361588835
85,14,1,0.012003655361588835
85,15,1,0.012003655361588835
85,16,1,0.012003655361588835
85,17,1,0.012003655361588835
85,18,1,0.012003655361588835
85,19,1,0.012003655361588835
85,20,1,0.012003655361588835
85,21,1,0.012003655361588835
85,22,1,0.012003655361588835
85,23,1,0.012003655361588835
85,24,1,0.012003655361588835
86,1,1,-0.5309344304521577
86,2,1,-0.3451157199952228
86,3,1,-0.24446020728225804
86,4,1,-0.6837716572083067
86,5,1,-0.42492977280892724
86,6,1,-0.1799917235610472
86,7,1,-0.7183519857761564
86,8,1,-0.26128149320774935
86,9,1,-0.42747518202438806
86,10,1,-0.4518866845728998
86,11,1,-0.44708793649717704
86,12,1,-0.4477140939558085
86,13,1,-0.432364150098185
86,14,1,-0.4388328776611153
86,15,1,-0.4348422614151788
86,16,1,-0.38217768455138845
86,17,1,-0.6645432364069984
86,18,1,-0.7412860454277658
86,19,1,-0.7973964556927733
86,20,1,-0.7137026618641034
86,21,1,-0.7449490832704491
86,22,1,-0.7251404912822906
86,23,1,-0.8365852468496342
86,24,1,-0.7266758915567321
87,1,1,0.03002573006015501
87,2,1,0.030025730060155003
87,3,1,0.030025730060155003
87,4,1,0.03002573006015501
87,5,1,0.03002573006015501
87,6,1,0.030025730060155003
87,7,1,0.03002573006015501
87,8,1,0.030025730060155003
87,9,1,0.030025730060155003
87,10,1,0.03002573006015501
87,11,1,0.030025730060155003
87,12,1,0.030025730060155003
87,13,1,0.03002573006015501
87,14,1,0.030025730060155003
87,15,1,0.030025730060155003
87,16,1,0.030025730060155003
87,17,1,0.030025730060155003
87,18,1,0.030025730060155003
87,19,1,0.030025730060155003
87,20,1,0.030025730060155003
87,21,1,0.03002573006015501
87,22,1,0.030025730060155003
87,23,1,0.030025730060155003
87,24,1,0.03002573006015501
88,1,1,-0.5748341491222173
88,2,1,-0.3879582629046323
88,3,1,-0.2869195354208075
88,4,1,-0.7287975339075722
88,5,1,-0.46826941092052404
88,6,1,-0.2220976636206397
88,7,1,-0.7639443022007951
88,8,1,-0.30379467183293374
88,9,1,-0.4708224965145009
88,10,1,-0.4953955316292432
88,11,1,-0.4905673866770588
88,12,1,-0.4911966132723604
88,13,1,-0.475748869886021
88,14,1,-0.4822599642299016
88,15,1,-0.4782439747501501
88,16,1,-0.4252510555432599
88,17,1,-0.7097639020908444
88,18,1,-0.787303216228481
88,19,1,-0.8440043877865862
88,20,1,-0.7594340435569567
88,21,1,-0.7910078938525318
88,22,1,-0.770992134818674
88,23,1,-0.8835943055904334
88,24,1,-0.7725433876820954
89,1,1,0.002207923145009395
89,2,1,0.026021523435696987
89,3,1,0.06192243376798212
89,4,1,0.011905710991876739
89,5,1,0.016305777377521063
89,6,1,0.06192243376798212
89,7,1,-0.0017998591209355786
89,8,1,0.06192243376798212
89,9,1,0.017759150012145522
89,10,1,0.02609400569822501
89,11,1,0.027333720397577883
89,12,1,0.02730831172697199
89,13,1,0.041236760650304946
89,14,1,0.04050970235199935
89,15,1,0.030039241592301962
89,16,1,0.030039241592301962
89,17,1,0.030039241592301962
89,18,1,0.022500000000000003
89,19,1,0.028871538346302114
89,20,1,0.02556095845645422
89,21,1,0.0275980616598761
89,22,1,0.027489831554532006
89,23,1,0.023045706844906085
89,24,1,0.02332781952758829
90,1,1,-0.6088678936185703
90,2,1,-0.4448358953558464
90,3,1,-0.3793310639112965
90,4,1,-0.7735450512693425
90,5,1,-0.5158807420058251
90,6,1,-0.3141854485797339
90,7,1,-0.79546246883921
90,8,1,-0.39625891705874977
90,9,1,-0.5198947200566112
90,10,1,-0.5529483776164457
90,11,1,-0.5493332602401001
90,12,1,-0.5499399117402904
90,13,1,-0.548332111622547
90,14,1,-0.5541543246087713
90,15,1,-0.5396449920314782
90,16,1,-0.4863551075346998
90,17,1,-0.7727872618199283
90,18,1,-0.8434892140380427
90,19,1,-0.9070792048663627
90,20,1,-0.8184280394619031
90,21,1,-0.8523267193257691
90,22,1,-0.8320207429270252
90,23,1,-0.9411962389982351
90,24,1,-0.8294238489854832
91,1,1,0.6
91,2,1,0.6
91,3,1,0.6
91,4,1,0.6
91,5,1,0.6
91,6,1,0.6
91,7,1,0.6
91,8,1,0.5632593836883418
91,9,1,0.5909813558230073
91,10,1,0.5510832613800831
91,11,1,0.5243095224807974
91,12,1,0.5182178644883242
91,13,1,0.5197490918466003
91,14,1,0.5319863802788001
91,15,1,0.562188974034918
91,16,1,0.5345970749999998
91,17,1,0.6
91,18,1,0.6
91,19,1,0.6
91,20,1,0.6
91,21,1,0.6
91,22,1,0.6
91,23,1,0.6
91,24,1,0.6
92,1,1,-1.2408896781292493
92,2,1,-1.075970882852052
92,3,1,-1.010187398407696
92,4,1,-1.4067593718812001
92,5,1,-1.147464110580002
92,6,1,-0.9447130684752588
92,7,1,-1.429081128819289
92,8,1,-0.9904521766162223
92,9,1,-1.1424830857456396
92,10,1,-1.1358486606017228
92,11,1,-1.1054394534835503
92,12,1,-1.099958073769238
92,13,1,-1.0998712869011875
92,14,1,-1.11796764439248
92,15,1,-1.1335675557452138
92,16,1,-1.0523492077435768
92,17,1,-1.4063354272859188
92,18,1,-1.4777253300587196
92,19,1,-1.5419292831027975
92,20,1,-1.4524160746280468
92,21,1,-1.486644433068414
92,22,1,-1.466141283746519
92,23,1,-1.5763597012296777
92,24,1,-1.4635187998194026
93,1,1,0.030026140074318888
93,2,1,0.030026140074318888
93,3,1,0.030026140074318888
93,4,1,0.030026140074318888
93,5,1,0.030026140074318888
93,6,1,0.030026140074318888
93,7,1,0.030026140074318888
93,8,1,0.030026140074318888
93,9,1,0.030026140074318888
93,10,1,0.030026140074318888
93,11,1,0.030026140074318888
93,12,1,0.030026140074318888
93,13,1,0.030026140074318888
93,14,1,0.030026140074318888
93,15,1,0.030026140074318888
93,16,1,0.030026140074318888
93,17,1,0.030026140074318888
93,18,1,0.030026140074318888
93,19,1,0.030026140074318888
93,20,1,0.030026140074318888
93,21,1,0.030026140074318888
93,22,1,0.030026140074318888
93,23,1,0.030026140074318888
93,24,1,0.030026140074318888
94,1,1,-0.698541709514922
94,2,1,-0.35452528627417484
94,3,1,-0.32706181859056627
94,4,1,-0.8696909556137397
94,5,1,-1.1649942950157743
94,6,1,-0.3933631187472883
94,7,1,-0.8539314048669341
94,8,1,-0.34429865612889177
94,9,1,-0.5810012574712438
94,10,1,-0.5781793296077646
94,11,1,-0.545990957303822
94,12,1,-0.5547033115180842
94,13,1,-0.5573403060522208
94,14,1,-0.606987093110295
94,15,1,-0.5683211338746782
94,16,1,-0.5013438818877227
94,17,1,-1.0987558197379086
94,18,1,-1.0483560401253635
94,19,1,-0.9756187839399042
94,20,1,-0.9870607540696891
94,21,1,-0.9658135164317304
94,22,1,-0.9800988099759532
94,23,1,-0.908867000871752
94,24,1,-0.9748083751738784
95,1,1,-0.7440071912113294
95,2,1,-0.3968727460184138
95,3,1,-0.36983998927810086
95,4,1,-0.917014905330103
95,5,1,-1.2144147250168709
95,6,1,-0.4364789986686968
95,7,1,-0.9012284680962644
95,8,1,-0.3871436442151787
95,9,1,-0.6254405611119269
95,10,1,-0.6226023020900509
95,11,1,-0.5901579210288947
95,12,1,-0.5989403632739387
95,13,1,-0.6016002131437438
95,14,1,-0.6516440087667592
95,15,1,-0.6126705495422794
95,16,1,-0.545133958588003
95,17,1,-1.1491825702777372
95,18,1,-1.0983161669727584
95,19,1,-1.0245435913723295
95,20,1,-1.0361495944588066
95,21,1,-1.0145999340397456
95,22,1,-1.0290889868211006
95,23,1,-0.9567905861635455
95,24,1,-1.0237228790745685
96,1,1,-0.7938903312823472
96,2,1,-0.440028281633032
96,3,1,-0.4138302117456129
96,4,1,-0.9709124390523761
96,5,1,-1.2728407277052591
96,6,1,-0.4812308836987033
96,7,1,-0.955030283822054
96,8,1,-0.43128850157486154
96,9,1,-0.6730987738253812
96,10,1,-0.67022424342484
96,11,1,-0.6372221138916937
96,12,1,-0.6461571124467889
96,13,1,-0.6488665859806331
96,14,1,-0.6997749446288745
96,15,1,-0.6601316323982245
96,16,1,-0.5913786531801598
96,17,1,-1.209657036945378
96,18,1,-1.1577948544195666
96,19,1,-1.081817327958705
96,20,1,-1.0937726736065145
96,21,1,-1.0715790889842072
96,22,1,-1.0865019007757155
96,23,1,-1.0119293938869494
96,24,1,-1.0809746254544514
97,1,1,-0.8407966771009231
97,2,1,-0.4829410999175987
97,3,1,-0.4571895308039912
97,4,1,-1.0202380036243124
97,5,1,-1.3247989812710061
97,6,1,-0.5250573384368171
97,7,1,-1.004260281607777
97,8,1,-0.4747436602427983
97,9,1,-0.7186757450058896
97,10,1,-0.715779296222353
97,11,1,-0.6824430899377237
97,12,1,-0.6914694396105114
97,13,1,-0.6942085262310563
97,14,1,-0.7456345658999068
97,15,1,-0.705590119425561
97,16,1,-0.6361101197557448
97,17,1,-1.262832985944396
97,18,1,-1.2103916453322299
97,19,1,-1.1331065650065917
97,20,1,-1.1452691376454012
97,21,1,-1.122693871035127
97,22,1,-1.1378737067150515
97,23,1,-1.061953217784484
97,24,1,-1.1322508438641032
98,1,1,0.01801972126549755
98,2,1,0.01801972126549755
98,3,1,0.01801972126549755
98,4,1,0.01801972126549755
98,5,1,0.01801972126549755
98,6,1,0.01801972126549755
98,7,1,0.01801972126549755
98,8,1,0.01801972126549755
98,9,1,0.01801972126549755
98,10,1,0.01801972126549755
98,11,1,0.01801972126549755
98,12,1,0.01801972126549755
98,13,1,0.01801972126549755
98,14,1,0.01801972126549755
98,15,1,0.01801972126549755
98,16,1,0.01801972126549755
98,17,1,0.01801972126549755
98,18,1,0.01801972126549755
98,19,1,0.01801972126549755
98,20,1,0.01801972126549755
98,21,1,0.01801972126549755
98,22,1,0.01801972126549755
98,23,1,0.01801972126549755
98,24,1,0.01801972126549755
99,1,1,0.7143422107144419
99,2,1,0.11210728975201785
99,3,1,-0.10501972126549755
99,4,1,1.0209314198146109
99,5,1,0.9850106287421527
99,6,1,-0.10501972126549755
99,7,1,1.010217608772883
99,8,1,-0.10503139188949753
99,9,1,0.4315298459419805
99,10,1,0.4325854039443332
99,11,1,0.3854012695455862
99,12,1,0.39285449716380383
99,13,1,0.38148344852305144
99,14,1,0.41852083024213166
99,15,1,0.3939900682173046
99,16,1,0.1955661221097494
99,17,1,1.0741011107729361
99,18,1,1.0945734088636618
99,19,1,1.0783698633765113
99,20,1,1.0261806849014543
99,21,1,1.040700042837314
99,22,1,1.0401101182368715
99,23,1,1.0715433242629104
99,24,1,1.030529731491352
100,1,1,0.012010454043080527
100,2,1,0.012010454043080527
100,3,1,0.012010454043080526
100,4,1,0.012010454043080526
100,5,1,0.012010454043080526
100,6,1,0.012010454043080526
100,7,1,0.012010454043080526
100,8,1,0.012010454043080526
100,9,1,0.012010454043080526
100,10,1,0.012010454043080527
100,11,1,0.012010454043080527
100,12,1,0.012010454043080527
100,13,1,0.012010454043080527
100,14,1,0.012010454043080526
100,15,1,0.012010454043080526
100,16,1,0.012010454043080526
100,17,1,0.012010454043080526
100,18,1,0.012010454043080527
100,19,1,0.012010454043080527
100,20,1,0.012010454043080526
100,21,1,0.012010454043080527
100,22,1,0.012010454043080526
100,23,1,0.012010454043080527
100,24,1,0.012010454043080527
101,1,1,0.006003657662066775
101,2,1,0.006003657662066775
101,3,1,0.006003657662066774
101,4,1,0.006003657662066774
101,5,1,0.006003657662066774
101,6,1,0.006003657662066774
101,7,1,0.006003657662066774
101,8,1,0.006003657662066774
101,9,1,0.006003657662066774
101,10,1,0.006003657662066775
101,11,1,0.006003657662066775
101,12,1,0.006003657662066775
101,13,1,0.006003657662066775
101,14,1,0.006003657662066774
101,15,1,0.006003657662066774
101,16,1,0.006003657662066774
101,17,1,0.006003657662066774
101,18,1,0.006003657662066775
101,19,1,0.006003657662066775
101,20,1,0.006003657662066774
101,21,1,0.006003657662066775
101,22,1,0.006003657662066774
101,23,1,0.006003657662066775
101,24,1,0.006003657662066775
102,1,1,0.012007118492592492
102,2,1,0.012007118492592492
102,3,1,0.01200711849259249
102,4,1,0.01200711849259249
102,5,1,0.01200711849259249
102,6,1,0.01200711849259249
102,7,1,0.01200711849259249
102,8,1,0.01200711849259249
102,9,1,0.012007118492592492
102,10,1,0.012007118492592492
102,11,1,0.012007118492592492
102,12,1,0.012007118492592492
102,13,1,0.012007118492592492
102,14,1,0.01200711849259249
102,15,1,0.01200711849259249
102,16,1,0.01200711849259249
102,17,1,0.012007118492592492
102,18,1,0.012007118492592492
102,19,1,0.012007118492592492
102,20,1,0.012007118492592492
102,21,1,0.012007118492592492
102,22,1,0.012007118492592492
102,23,1,0.012007118492592492
102,24,1,0.012007118492592492
103,1,1,0.8240390600983604
103,2,1,-0.03729982874057468
103,3,1,0.008353369549486817
103,4,1,0.9966058203135808
103,5,1,0.8285487678085315
103,6,1,0.008373160241909969
103,7,1,0.853388501011967
103,8,1,0.008281212714586232
103,9,1,0.3454881887219655
103,10,1,0.3749774410004428
103,11,1,0.39470014174903023
103,12,1,0.3689654065796357
103,13,1,0.425987829078662
103,14,1,0.3993075631340825
103,15,1,0.3926745901919111
103,16,1,0.04592708977785481
103,17,1,1.0561922746144385
103,18,1,1.0633339256648706
103,19,1,1.0519079380029588
103,20,1,1.0520848249450168
103,21,1,1.0426496717067661
103,22,1,1.0395558397631839
103,23,1,1.0360653507965032
103,24,1,1.0366125004628517
104,1,1,0.006003003856709805
104,2,1,0.006003003856709805
104,3,1,0.006003003856709806
104,4,1,0.006003003856709806
104,5,1,0.006003003856709806
104,6,1,0.006003003856709806
104,7,1,0.006003003856709806
104,8,1,0.006003003856709806
104,9,1,0.006003003856709805
104,10,1,0.006003003856709805
104,11,1,0.006003003856709805
104,12,1,0.006003003856709805
104,13,1,0.006003003856709805
104,14,1,0.006003003856709806
104,15,1,0.006003003856709806
104,16,1,0.006003003856709806
104,17,1,0.006003003856709805
104,18,1,0.006003003856709805
104,19,1,0.006003003856709805
104,20,1,0.006003003856709805
104,21,1,0.006003003856709805
104,22,1,0.006003003856709805
104,23,1,0.006003003856709805
104,24,1,0.006003003856709805
105,1,1,-0.0818232625953497
105,2,1,-0.08229982874057468
105,3,1,-0.07687027430788762
105,4,1,-0.0740028635688843
105,5,1,-0.07591518474724043
105,6,1,-0.07304639575832864
105,7,1,-0.05295996445213057
105,8,1,-0.04800894465282763
105,9,1,-0.02909764627488682
105,10,1,-0.010916820927475156
105,11,1,-0.0012107403060753752
105,12,1,0.002723068605975516
105,13,1,0.0021879165971596076
105,14,1,0.0005451610136429016
105,15,1,0.0003542163625429532
105,16,1,0.0009270897778548177
105,17,1,0.0001633040035345203
105,18,1,-0.002431367662475047
105,19,1,-0.00897943358318814
105,20,1,-0.015127170239408638
105,21,1,-0.02370963721297884
105,22,1,-0.02762967412762371
105,23,1,-0.026913880717472728
105,24,1,-0.02201117608276534
106,1,1,0.8550407268542257
106,2,1,0.0
106,3,1,0.04022364385737444
106,4,1,1.0185260028469925
106,5,1,0.8536655728812579
106,6,1,0.036419556000238607
106,7,1,0.8550860766894509
106,8,1,0.011289567733728679
106,9,1,0.32859503570789095
106,10,1,0.33968587926131516
106,11,1,0.3495731700968785
106,12,1,0.3200736513404834
106,13,1,0.37726082894327373
106,14,1,0.35239562609716873
106,15,1,0.3459955747794363
106,16,1,0.0
106,17,1,1.0014441438297383
106,18,1,1.0110484499450585
106,19,1,1.0063727067144812
106,20,1,1.0126968371850302
106,21,1,1.0120131908931211
106,22,1,1.0128945623925616
106,23,1,1.0087488190937366
106,24,1,1.004383563728285
107,1,1,-0.08826004072098975
107,2,1,-0.08874170956780358
107,3,1,-0.08325577410789031
107,4,1,-0.08036013998222118
107,5,1,-0.08229116462465512
107,6,1,-0.07939449644442076
107,7,1,-0.05914294404851053
107,8,1,-0.05415931133390543
107,9,1,-0.035152882375956235
107,10,1,-0.016924593015992362
107,11,1,-0.007210835939408757
107,12,1,-0.003277414752733482
107,13,1,-0.0038123952696043828
107,14,1,-0.005454857814066662
107,15,1,-0.005645783637457047
107,16,1,-0.005072965766688191
107,17,1,-0.00583669599646548
107,18,1,-0.008431752432450946
107,19,1,-0.01498469155754937
107,20,1,-0.021142094178049107
107,21,1,-0.029746311114377283
107,22,1,-0.033679477507964885
107,23,1,-0.032961137042182634
107,24,1,-0.028042774005225653
108,1,1,0.006003003856709805
108,2,1,0.006003003856709805
108,3,1,0.006003003856709806
108,4,1,0.006003003856709806
108,5,1,0.006003003856709806
108,6,1,0.006003003856709806
108,7,1,0.006003003856709806
108,8,1,0.006003003856709806
108,9,1,0.006003003856709805
108,10,1,0.006003003856709805
108,11,1,0.006003003856709805
108,12,1,0.006003003856709805
108,13,1,0.006003003856709805
108,14,1,0.006003003856709806
108,15,1,0.006003003856709806
108,16,1,0.006003003856709806
108,17,1,0.006003003856709805
108,18,1,0.006003003856709805
108,19,1,0.006003003856709805
108,20,1,0.006003003856709805
108,21,1,0.006003003856709805
108,22,1,0.006003003856709805
108,23,1,0.006003003856709805
108,24,1,0.006003003856709805
109,1,1,-0.10060180891295621
109,2,1,-0.10108718538265418
109,3,1,-0.09556021607692854
109,4,1,-0.09264397856216341
109,5,1,-0.094588662075556
109,6,1,-0.09167162630315065
109,7,1,-0.07129806405120243
109,8,1,-0.06628987554052398
109,9,1,-0.04720961544801871
109,10,1,-0.028940051863600606
109,11,1,-0.019216100512171073
109,12,1,-0.015280885473352782
109,13,1,-0.01581603091138514
109,14,1,-0.017459155302774646
109,15,1,-0.017650173282935482
109,16,1,-0.01707708843469911
109,17,1,-0.017841180962095693
109,18,1,-0.020437847452836222
109,19,1,-0.026997458829174786
109,20,1,-0.03316453380732932
109,21,1,-0.04178778859564941
109,22,1,-0.04573180121108981
109,23,1,-0.045011379445417894
109,24,1,-0.040079971165133885
110,1,1,-0.10678520655177207
110,2,1,-0.10727235697843263
110,3,1,-0.10172569260741043
110,4,1,-0.09879950941563019
110,5,1,-0.10075079093424796
110,6,1,-0.09782390951652867
110,7,1,-0.07739018059516288
110,8,1,-0.07236950551336865
110,9,1,-0.05324999934766453
110,10,1,-0.0349552280457595
110,11,1,-0.02522279166028204
110,12,1,-0.021285116726914466
110,13,1,-0.021820563713800506
110,14,1,-0.023464678842368296
110,15,1,-0.023655818346917407
110,16,1,-0.023082372873275254
110,17,1,-0.023846948866099303
110,18,1,-0.02644541647469552
110,19,1,-0.03301066603936274
110,20,1,-0.039184463859308155
110,21,1,-0.04781942970308534
110,22,1,-0.05176969652551816
110,23,1,-0.05104809028336807
110,24,1,-0.046109078962335036
111,1,1,-0.11365301517475558
111,2,1,-0.11414810148781279
111,3,1,-0.10851321532018277
111,4,1,-0.10554237690658257
111,5,1,-0.10752329132101403
111,6,1,-0.104552178489562
111,7,1,-0.08384597973088208
111,8,1,-0.07876808320488433
111,9,1,-0.059465794155314854
111,10,1,-0.0410482136025285
111,11,1,-0.03127120688897499
111,12,1,-0.027319595293338744
111,13,1,-0.02785679876467891
111,14,1,-0.029506579957620394
111,15,1,-0.02969840487505576
111,16,1,-0.02912291974925006
111,17,1,-0.02989022633490793
111,18,1,-0.032498639065653985
111,19,1,-0.039093593961564824
111,20,1,-0.045301310625478625
111,21,1,-0.05399344689180927
111,22,1,-0.05797365029875504
111,23,1,-0.057246398195954194
111,24,1,-0.052270871106280745
112,1,1,-0.042
112,2,1,1.0897052834330947
112,3,1,0.9074298132690557
112,4,1,-0.042
112,5,1,-0.042
112,6,1,1.0719611135228213
112,7,1,-0.042
112,8,1,0.9384046669144237
112,9,1,0.6128795385048907
112,10,1,0.6220893473358243
112,11,1,0.6215444533925314
112,12,1,0.6176580381746386
112,13,1,0.6305805541901126
112,14,1,0.6194342395577503
112,15,1,0.6175773405762164
112,16,1,0.9474999147520331
112,17,1,-0.042
112,18,1,-0.042
112,19,1,-0.042
112,20,1,-0.042
112,21,1,-0.042
112,22,1,-0.042
112,23,1,-0.042
112,24,1,-0.042
113,1,1,-0.042
113,2,1,-0.042
113,3,1,-0.042
113,4,1,-0.042
113,5,1,-0.042
113,6,1,-0.042
113,7,1,-0.042
113,8,1,-0.042
113,9,1,-0.042
113,10,1,-0.042
113,11,1,-0.042
113,12,1,-0.042
113,13,1,-0.042
113,14,1,-0.042
113,15,1,-0.042
113,16,1,-0.042
113,17,1,-0.042
113,18,1,-0.042
113,19,1,-0.042
113,20,1,-0.042
113,21,1,-0.042
113,22,1,-0.042
113,23,1,-0.042
113,24,1,-0.042
114,1,1,0.7813832273326493
114,2,1,0.17512701101751538
114,3,1,-0.042
114,4,1,1.090640070080014
114,5,1,1.0553912677325747
114,6,1,-0.042
114,7,1,1.0809620413948284
114,8,1,-0.042
114,9,1,0.49607514111300904
114,10,1,0.4972001788248732
114,11,1,0.4497574529520902
114,12,1,0.4572547921032483
114,13,1,0.44581683864041294
114,14,1,0.4830811039215952
114,15,1,0.4583999426205363
114,16,1,0.25898757597201777
114,17,1,1.1457962644167585
114,18,1,1.1665849315409262
114,19,1,1.1501412153482224
114,20,1,1.097163326978346
114,21,1,1.1118987048717357
114,22,1,1.1112996774403976
114,23,1,1.1432088498439883
114,24,1,1.1015777943344651
115,1,1,0.04206412610890888
115,2,1,0.04206412610890888
115,3,1,0.04206412610890888
115,4,1,0.04206412610890888
115,5,1,0.04206412610890888
115,6,1,0.04206412610890888
115,7,1,0.04206412610890888
115,8,1,0.04206412610890888
115,9,1,0.04206412610890888
115,10,1,0.04206412610890888
115,11,1,0.04206412610890888
115,12,1,0.04206412610890888
115,13,1,0.04206412610890888
115,14,1,0.04206412610890888
115,15,1,0.04206412610890888
115,16,1,0.04206412610890888
115,17,1,0.04206412610890888
115,18,1,0.04206412610890888
115,19,1,0.04206412610890888
115,20,1,0.04206412610890888
115,21,1,0.04206412610890888
115,22,1,0.04206412610890888
115,23,1,0.04206412610890888
115,24,1,0.04206412610890888
116,1,1,0.13229443844655175
116,2,1,0.13229443844655175
116,3,1,0.13229443844655175
116,4,1,0.13229443844655175
116,5,1,0.13229443844655175
116,6,1,0.13229443844655175
116,7,1,0.13229443844655175
116,8,1,0.13229443844655175
116,9,1,0.13229443844655175
116,10,1,0.1322944384465517
116,11,1,0.1322944384465517
116,12,1,0.1322944384465517
116,13,1,0.1322944384465517
116,14,1,0.13229443844655175
116,15,1,0.13229443844655175
116,16,1,0.13229443844655175
116,17,1,0.13229443844655175
116,18,1,0.13229443844655175
116,19,1,0.13229443844655175
116,20,1,0.1322944384465517
116,21,1,0.13229443844655175
116,22,1,0.1322944384465517
116,23,1,0.13229443844655175
116,24,1,0.13229443844655175
117,1,1,0.48
117,2,1,0.48
117,3,1,0.48
117,4,1,0.48
117,5,1,0.48
117,6,1,0.48
117,7,1,0.48
117,8,1,0.48
117,9,1,0.48
117,10,1,0.48
117,11,1,0.48
117,12,1,0.48
117,13,1,0.48
117,14,1,0.48
117,15,1,0.48
117,16,1,0.48
117,17,1,0.48
117,18,1,0.48
117,19,1,0.48
117,20,1,0.48
117,21,1,0.48
117,22,1,0.48
117,23,1,0.48
117,24,1,0.48
118,1,1,-0.12
118,2,1,-0.12
118,3,1,-0.12
118,4,1,-0.12
118,5,1,-0.12
118,6,1,-0.12
118,7,1,-0.12
118,8,1,-0.12
118,9,1,-0.042
118,10,1,-0.042
118,11,1,-0.042
118,12,1,-0.042
118,13,1,-0.042
118,14,1,-0.042
118,15,1,-0.042
118,16,1,-0.1142302275892734
118,17,1,-0.10941782274524828
118,18,1,-0.12
118,19,1,-0.12
118,20,1,-0.12
118,21,1,-0.12
118,22,1,-0.12
118,23,1,-0.12
118,24,1,-0.12
119,1,1,0.0
119,2,1,1.1317052834330947
119,3,1,0.9494298132690557
119,4,1,0.0
119,5,1,0.0
119,6,1,1.1139611135228213
119,7,1,0.0
119,8,1,0.9804046669144237
119,9,1,0.6548795385048908
119,10,1,0.6640893473358244
119,11,1,0.6635444533925314
119,12,1,0.6596580381746386
119,13,1,0.6725805541901126
119,14,1,0.6614342395577504
119,15,1,0.6595773405762164
119,16,1,0.9894999147520331
119,17,1,0.0
119,18,1,0.0
119,19,1,0.0
119,20,1,0.0
119,21,1,0.0
119,22,1,0.0
119,23,1,0.0
119,24,1,0.0
120,1,1,-0.5556482399999999
120,2,1,-0.5556482399999999
120,3,1,-0.5556482399999999
120,4,1,-0.5556482399999999
120,5,1,-0.5556482399999999
120,6,1,-0.5556482399999999
120,7,1,-0.5556482399999999
120,8,1,-0.5206114516890181
120,9,1,-0.5470578092048308
120,10,1,-0.5089762537758133
120,11,1,-0.4833503474283095
120,12,1,-0.47751186722669886
120,13,1,-0.4789797257536549
120,14,1,-0.49070392320644596
120,15,1,-0.5195890765048795
120,16,1,-0.4932225577090073
120,17,1,-0.5556532356882172
120,18,1,-0.5556482399999999
120,19,1,-0.5556482399999999
120,20,1,-0.5556482399999999
120,21,1,-0.5556482399999999
120,22,1,-0.5556482399999999
120,23,1,-0.5556482399999999
120,24,1,-0.5556482399999999
121,1,1,-0.07799999999999999
121,2,1,-0.07799999999999999
121,3,1,-0.07799999999999999
121,4,1,-0.07799999999999999
121,5,1,-0.07799999999999999
121,6,1,-0.07799999999999999
121,7,1,-0.07799999999999999
121,8,1,-0.07799999999999999
121,9,1,0.0
121,10,1,0.0
121,11,1,0.0
121,12,1,0.0
121,13,1,0.0
121,14,1,0.0
121,15,1,0.0
121,16,1,-0.0722302275892734
121,17,1,-0.06741782274524827
121,18,1,-0.07799999999999999
121,19,1,-0.07799999999999999
121,20,1,-0.07799999999999999
121,21,1,-0.07799999999999999
121,22,1,-0.07799999999999999
121,23,1,-0.07799999999999999
121,24,1,-0.07799999999999999
122,1,1,0.8233832273326493
122,2,1,0.2171270110175154
122,3,1,0.0
122,4,1,1.132640070080014
122,5,1,1.0973912677325748
122,6,1,0.0
122,7,1,1.1229620413948285
122,8,1,0.0
122,9,1,0.538075141113009
122,10,1,0.5392001788248733
122,11,1,0.49175745295209017
122,12,1,0.4992547921032483
122,13,1,0.4878168386404129
122,14,1,0.5250811039215952
122,15,1,0.5003999426205363
122,16,1,0.30098757597201775
122,17,1,1.1877962644167586
122,18,1,1.2085849315409263
122,19,1,1.1921412153482225
122,20,1,1.139163326978346
122,21,1,1.1538987048717357
122,22,1,1.1532996774403976
122,23,1,1.1852088498439883
122,24,1,1.1435777943344652
123,1,1,-0.835735277176149
123,2,1,0.0
123,3,1,-0.04022364385737444
123,4,1,-0.9954083061154374
123,5,1,-0.8347520734199069
123,6,1,-0.036419556000238607
123,7,1,-0.8357378535798791
123,8,1,-0.011286195263591245
123,9,1,-0.3258462991317528
123,10,1,-0.3366347162235905
123,11,1,-0.34634527412927046
123,12,1,-0.31736859938014234
123,13,1,-0.37355942675062165
123,14,1,-0.34912249738665213
123,15,1,-0.34283109588838423
123,16,1,0.0
123,17,1,-0.9749286002059986
123,18,1,-0.9840326941144163
123,19,1,-0.9795730057070519
123,20,1,-0.985567328304352
123,21,1,-0.9849175541442613
123,22,1,-0.9857510230916212
123,23,1,-0.9818218427995302
123,24,1,-0.9776892842985849
124,1,1,-0.0
124,2,1,-0.0
124,3,1,-0.0
124,4,1,-0.0
124,5,1,-0.0
124,6,1,-0.0
124,7,1,-0.0
124,8,1,-0.0
124,9,1,-0.0
124,10,1,-0.0
124,11,1,-0.0
124,12,1,-0.0
124,13,1,-0.0
124,14,1,-0.0
124,15,1,-0.0
124,16,1,-0.0
124,17,1,-0.0
124,18,1,-0.0
124,19,1,-0.0
124,20,1,-0.0
124,21,1,-0.0
124,22,1,-0.0
124,23,1,-0.0
124,24,1,-0.0
