bus_code,hour,scen,powerConsumption
1,1,1,0.021
1,2,1,0.021
1,3,1,0.021
1,4,1,0.021
1,5,1,0.021
1,6,1,0.021
1,7,1,0.021
1,8,1,0.021
1,9,1,0.021
1,10,1,0.021
1,11,1,0.021
1,12,1,0.021
1,13,1,0.021
1,14,1,0.021
1,15,1,0.021
1,16,1,0.021
1,17,1,0.021
1,18,1,0.021
1,19,1,0.021
1,20,1,0.021
1,21,1,0.021
1,22,1,0.021
1,23,1,0.021
1,24,1,0.021
3,1,1,0.0
3,2,1,0.0
3,3,1,0.0
3,4,1,0.0
3,5,1,0.0
3,6,1,0.0
3,7,1,0.0
3,8,1,0.0
3,9,1,0.0
3,10,1,0.0
3,11,1,0.0
3,12,1,0.0
3,13,1,0.0
3,14,1,0.0
3,15,1,0.0
3,16,1,0.0
3,17,1,0.0
3,18,1,0.0
3,19,1,0.0
3,20,1,0.0
3,21,1,0.0
3,22,1,0.0
3,23,1,0.0
3,24,1,0.0
5,1,1,0.045
5,2,1,0.045
5,3,1,0.045
5,4,1,0.045
5,5,1,0.045
5,6,1,0.045
5,7,1,0.045
5,8,1,0.045
5,9,1,0.045
5,10,1,0.045
5,11,1,0.045
5,12,1,0.045
5,13,1,0.045
5,14,1,0.045
5,15,1,0.045
5,16,1,0.045
5,17,1,0.045
5,18,1,0.045
5,19,1,0.045
5,20,1,0.045
5,21,1,0.045
5,22,1,0.045
5,23,1,0.045
5,24,1,0.045
7,1,1,0.0
7,2,1,0.0
7,3,1,0.0
7,4,1,0.0
7,5,1,0.0
7,6,1,0.0
7,7,1,0.0
7,8,1,0.0
7,9,1,0.0
7,10,1,0.0
7,11,1,0.0
7,12,1,0.0
7,13,1,0.0
7,14,1,0.0
7,15,1,0.0
7,16,1,0.0
7,17,1,0.0
7,18,1,0.0
7,19,1,0.0
7,20,1,0.0
7,21,1,0.0
7,22,1,0.0
7,23,1,0.0
7,24,1,0.0
8,1,1,0.06
8,2,1,0.06
8,3,1,-0.07140000000000002
8,4,1,0.08243810328478501
8,5,1,0.168961896715215
8,6,1,-0.07140000000000002
8,7,1,0.19140000000000001
8,8,1,-0.07140000000000002
8,9,1,0.06
8,10,1,0.0846153313759734
8,11,1,0.05933963070758746
8,12,1,0.10961461509515323
8,13,1,0.06931763618465223
8,14,1,0.06123312796192221
8,15,1,0.05938498952636806
8,16,1,-0.023505330851656597
8,17,1,0.19140000000000001
8,18,1,0.0448447509072836
8,19,1,0.04588773265706071
8,20,1,0.03856221393419747
8,21,1,0.034523467897244246
8,22,1,0.043368872325856365
8,23,1,0.04305965039160086
8,24,1,0.03835331188675672
13,1,1,0.128
13,2,1,0.128
13,3,1,0.128
13,4,1,0.128
13,5,1,0.128
13,6,1,0.128
13,7,1,0.128
13,8,1,0.128
13,9,1,0.128
13,10,1,0.128
13,11,1,0.128
13,12,1,0.128
13,13,1,0.128
13,14,1,0.128
13,15,1,0.128
13,16,1,0.128
13,17,1,0.128
13,18,1,0.128
13,19,1,0.128
13,20,1,0.128
13,21,1,0.128
13,22,1,0.128
13,23,1,0.128
13,24,1,0.128
14,1,1,0.0
14,2,1,0.0
14,3,1,0.0
14,4,1,0.0
14,5,1,0.0
14,6,1,0.0
14,7,1,0.0
14,8,1,0.0
14,9,1,0.0
14,10,1,0.0
14,11,1,0.0
14,12,1,0.0
14,13,1,0.0
14,14,1,0.0
14,15,1,0.0
14,16,1,0.0
14,17,1,0.0
14,18,1,0.0
14,19,1,0.0
14,20,1,0.0
14,21,1,0.0
14,22,1,0.0
14,23,1,0.0
14,24,1,0.0
15,1,1,0.042
15,2,1,0.042
15,3,1,0.042
15,4,1,0.042
15,5,1,0.042
15,6,1,0.042
15,7,1,0.042
15,8,1,0.042
15,9,1,0.042
15,10,1,0.042
15,11,1,0.042
15,12,1,0.042
15,13,1,0.042
15,14,1,0.042
15,15,1,0.042
15,16,1,0.042
15,17,1,0.042
15,18,1,0.042
15,19,1,0.042
15,20,1,0.042
15,21,1,0.042
15,22,1,0.042
15,23,1,0.042
15,24,1,0.042
18,1,1,0.085
18,2,1,0.085
18,3,1,0.085
18,4,1,0.085
18,5,1,0.085
18,6,1,0.08362309500000001
18,7,1,0.032289500000000006
18,8,1,-0.04694999999999998
18,9,1,-0.13313949999999997
18,10,1,-0.19624599999999998
18,11,1,-0.23879049999999996
18,12,1,-0.2484925
18,13,1,-0.24605299999999997
18,14,1,-0.22657549999999993
18,15,1,-0.17864499999999994
18,16,1,-0.10200649999999999
18,17,1,-0.006546499999999983
18,18,1,0.07648125
18,19,1,0.085
18,20,1,0.085
18,21,1,0.085
18,22,1,0.085
18,23,1,0.085
18,24,1,0.085
19,1,1,0.0
19,2,1,0.0
19,3,1,0.0
19,4,1,0.0
19,5,1,0.0
19,6,1,0.0
19,7,1,0.0
19,8,1,0.0
19,9,1,0.0
19,10,1,0.0
19,11,1,0.0
19,12,1,0.0
19,13,1,0.0
19,14,1,0.0
19,15,1,0.0
19,16,1,0.0
19,17,1,0.0
19,18,1,0.0
19,19,1,0.0
19,20,1,0.0
19,21,1,0.0
19,22,1,0.0
19,23,1,0.0
19,24,1,0.0
21,1,1,0.085
21,2,1,0.085
21,3,1,0.085
21,4,1,0.085
21,5,1,0.085
21,6,1,0.085
21,7,1,0.085
21,8,1,0.085
21,9,1,0.085
21,10,1,0.085
21,11,1,0.085
21,12,1,0.085
21,13,1,0.085
21,14,1,0.085
21,15,1,0.085
21,16,1,0.085
21,17,1,0.085
21,18,1,0.085
21,19,1,0.085
21,20,1,0.085
21,21,1,0.085
21,22,1,0.085
21,23,1,0.085
21,24,1,0.085
23,1,1,0.0
23,2,1,0.0
23,3,1,0.0
23,4,1,0.0
23,5,1,0.0
23,6,1,0.0
23,7,1,0.0
23,8,1,0.0
23,9,1,0.0
23,10,1,0.0
23,11,1,0.0
23,12,1,0.0
23,13,1,0.0
23,14,1,0.0
23,15,1,0.0
23,16,1,0.0
23,17,1,0.0
23,18,1,0.0
23,19,1,0.0
23,20,1,0.0
23,21,1,0.0
23,22,1,0.0
23,23,1,0.0
23,24,1,0.0
25,1,1,0.024
25,2,1,0.024
25,3,1,0.024
25,4,1,0.024
25,5,1,0.024
25,6,1,0.024
25,7,1,0.024
25,8,1,0.024
25,9,1,0.024
25,10,1,0.024
25,11,1,0.024
25,12,1,0.024
25,13,1,0.024
25,14,1,0.024
25,15,1,0.024
25,16,1,0.024
25,17,1,0.024
25,18,1,0.024
25,19,1,0.024
25,20,1,0.024
25,21,1,0.024
25,22,1,0.024
25,23,1,0.024
25,24,1,0.024
26,1,1,0.018
26,2,1,0.018
26,3,1,0.018
26,4,1,0.018
26,5,1,0.018
26,6,1,0.018
26,7,1,0.018
26,8,1,0.018
26,9,1,0.018
26,10,1,0.018
26,11,1,0.018
26,12,1,0.018
26,13,1,0.018
26,14,1,0.018
26,15,1,0.018
26,16,1,0.018
26,17,1,0.018
26,18,1,0.018
26,19,1,0.018
26,20,1,0.018
26,21,1,0.018
26,22,1,0.018
26,23,1,0.018
26,24,1,0.018
27,1,1,0.03
27,2,1,0.03
27,3,1,0.03
27,4,1,0.03
27,5,1,0.03
27,6,1,0.03
27,7,1,0.03
27,8,1,0.03
27,9,1,0.03
27,10,1,0.03
27,11,1,0.03
27,12,1,0.03
27,13,1,0.03
27,14,1,0.03
27,15,1,0.03
27,16,1,0.03
27,17,1,0.03
27,18,1,0.03
27,19,1,0.03
27,20,1,0.03
27,21,1,0.03
27,22,1,0.03
27,23,1,0.03
27,24,1,0.03
28,1,1,0.042
28,2,1,0.042
28,3,1,0.042
28,4,1,0.042
28,5,1,0.042
28,6,1,0.042
28,7,1,0.042
28,8,1,0.042
28,9,1,0.042
28,10,1,0.042
28,11,1,0.042
28,12,1,0.042
28,13,1,0.042
28,14,1,0.042
28,15,1,0.042
28,16,1,0.042
28,17,1,0.042
28,18,1,0.042
28,19,1,0.042
28,20,1,0.042
28,21,1,0.042
28,22,1,0.042
28,23,1,0.042
28,24,1,0.042
29,1,1,0.042
29,2,1,0.042
29,3,1,0.042
29,4,1,0.042
29,5,1,0.042
29,6,1,0.042
29,7,1,0.042
29,8,1,0.042
29,9,1,0.042
29,10,1,0.042
29,11,1,0.042
29,12,1,0.042
29,13,1,0.042
29,14,1,0.042
29,15,1,0.042
29,16,1,0.042
29,17,1,0.042
29,18,1,0.042
29,19,1,0.042
29,20,1,0.042
29,21,1,0.042
29,22,1,0.042
29,23,1,0.042
29,24,1,0.042
30,1,1,0.042
30,2,1,0.042
30,3,1,0.042
30,4,1,0.042
30,5,1,0.042
30,6,1,0.042
30,7,1,0.042
30,8,1,0.042
30,9,1,0.042
30,10,1,0.042
30,11,1,0.042
30,12,1,0.042
30,13,1,0.042
30,14,1,0.042
30,15,1,0.042
30,16,1,0.042
30,17,1,0.042
30,18,1,0.042
30,19,1,0.042
30,20,1,0.042
30,21,1,0.042
30,22,1,0.042
30,23,1,0.042
30,24,1,0.042
31,1,1,0.0
31,2,1,0.0
31,3,1,0.0
31,4,1,0.0
31,5,1,0.0
31,6,1,0.0
31,7,1,0.0
31,8,1,0.0
31,9,1,0.0
31,10,1,0.0
31,11,1,0.0
31,12,1,0.0
31,13,1,0.0
31,14,1,0.0
31,15,1,0.0
31,16,1,0.0
31,17,1,0.0
31,18,1,0.0
31,19,1,0.0
31,20,1,0.0
31,21,1,0.0
31,22,1,0.0
31,23,1,0.0
31,24,1,0.0
34,1,1,0.042
34,2,1,0.042
34,3,1,0.042
34,4,1,0.042
34,5,1,0.042
34,6,1,0.042
34,7,1,0.042
34,8,1,0.042
34,9,1,0.042
34,10,1,0.042
34,11,1,0.042
34,12,1,0.042
34,13,1,0.042
34,14,1,0.042
34,15,1,0.042
34,16,1,0.042
34,17,1,0.042
34,18,1,0.042
34,19,1,0.042
34,20,1,0.042
34,21,1,0.042
34,22,1,0.042
34,23,1,0.042
34,24,1,0.042
35,1,1,0.051
35,2,1,0.051
35,3,1,0.051
35,4,1,0.051
35,5,1,0.051
35,6,1,0.051
35,7,1,0.051
35,8,1,0.051
35,9,1,0.051
35,10,1,0.051
35,11,1,0.051
35,12,1,0.051
35,13,1,0.051
35,14,1,0.051
35,15,1,0.051
35,16,1,0.051
35,17,1,0.051
35,18,1,0.051
35,19,1,0.051
35,20,1,0.051
35,21,1,0.051
35,22,1,0.051
35,23,1,0.051
35,24,1,0.051
36,1,1,0.045
36,2,1,0.045
36,3,1,0.045
36,4,1,0.045
36,5,1,0.045
36,6,1,0.045
36,7,1,0.045
36,8,1,0.045
36,9,1,0.045
36,10,1,0.045
36,11,1,0.045
36,12,1,0.045
36,13,1,0.045
36,14,1,0.045
36,15,1,0.045
36,16,1,0.045
36,17,1,0.045
36,18,1,0.045
36,19,1,0.045
36,20,1,0.045
36,21,1,0.045
36,22,1,0.045
36,23,1,0.045
36,24,1,0.045
38,1,1,0.042
38,2,1,0.042
38,3,1,0.042
38,4,1,0.042
38,5,1,0.042
38,6,1,0.042
38,7,1,0.042
38,8,1,0.042
38,9,1,0.042
38,10,1,0.042
38,11,1,0.042
38,12,1,0.042
38,13,1,0.042
38,14,1,0.042
38,15,1,0.042
38,16,1,0.042
38,17,1,0.042
38,18,1,0.042
38,19,1,0.042
38,20,1,0.042
38,21,1,0.042
38,22,1,0.042
38,23,1,0.042
38,24,1,0.042
40,1,1,0.018
40,2,1,0.018
40,3,1,0.018
40,4,1,0.018
40,5,1,0.018
40,6,1,0.018
40,7,1,0.018
40,8,1,0.018
40,9,1,0.018
40,10,1,0.018
40,11,1,0.018
40,12,1,0.018
40,13,1,0.018
40,14,1,0.018
40,15,1,0.018
40,16,1,0.018
40,17,1,0.018
40,18,1,0.018
40,19,1,0.018
40,20,1,0.018
40,21,1,0.018
40,22,1,0.018
40,23,1,0.018
40,24,1,0.018
42,1,1,0.042
42,2,1,0.042
42,3,1,0.042
42,4,1,0.042
42,5,1,0.042
42,6,1,0.042
42,7,1,0.042
42,8,1,0.042
42,9,1,0.042
42,10,1,0.042
42,11,1,0.042
42,12,1,0.042
42,13,1,0.042
42,14,1,0.042
42,15,1,0.042
42,16,1,0.042
42,17,1,0.042
42,18,1,0.042
42,19,1,0.042
42,20,1,0.042
42,21,1,0.042
42,22,1,0.042
42,23,1,0.042
42,24,1,0.042
44,1,1,-0.03300000000000003
44,2,1,0.11700000000000005
44,3,1,0.04199999999999998
44,4,1,0.041999999999999815
44,5,1,-0.032999999999999974
44,6,1,0.11699999999999983
44,7,1,-0.03300000000000014
44,8,1,0.04199999999999998
44,9,1,0.04199999999999998
44,10,1,0.041999999999999996
44,11,1,0.08981486552171916
44,12,1,-0.005814865521719156
44,13,1,0.11699999999999998
44,14,1,0.020904220026402714
44,15,1,0.06309577997359726
44,16,1,0.04200000000000009
44,17,1,0.03696573660930874
44,18,1,0.03486036750439081
44,19,1,0.028920391816542546
44,20,1,0.036407842135926294
44,21,1,0.030668397798638503
44,22,1,0.03330833575339809
44,23,1,0.03288016869475785
44,24,1,0.026988759687036956
45,1,1,0.042
45,2,1,0.042
45,3,1,0.042
45,4,1,0.042
45,5,1,0.042
45,6,1,0.042
45,7,1,0.042
45,8,1,0.042
45,9,1,0.042
45,10,1,0.042
45,11,1,0.042
45,12,1,0.042
45,13,1,0.042
45,14,1,0.042
45,15,1,0.042
45,16,1,0.042
45,17,1,0.042
45,18,1,0.042
45,19,1,0.042
45,20,1,0.042
45,21,1,0.042
45,22,1,0.042
45,23,1,0.042
45,24,1,0.042
47,1,1,0.045
47,2,1,0.045
47,3,1,0.045
47,4,1,0.045
47,5,1,0.045
47,6,1,0.045
47,7,1,0.045
47,8,1,0.045
47,9,1,0.045
47,10,1,0.045
47,11,1,0.045
47,12,1,0.045
47,13,1,0.045
47,14,1,0.045
47,15,1,0.045
47,16,1,0.045
47,17,1,0.045
47,18,1,0.045
47,19,1,0.045
47,20,1,0.045
47,21,1,0.045
47,22,1,0.045
47,23,1,0.045
47,24,1,0.045
49,1,1,0.132
49,2,1,0.132
49,3,1,0.132
49,4,1,0.132
49,5,1,0.132
49,6,1,0.132
49,7,1,0.132
49,8,1,0.132
49,9,1,0.132
49,10,1,0.132
49,11,1,0.132
49,12,1,0.132
49,13,1,0.132
49,14,1,0.132
49,15,1,0.132
49,16,1,0.132
49,17,1,0.132
49,18,1,0.132
49,19,1,0.132
49,20,1,0.132
49,21,1,0.132
49,22,1,0.132
49,23,1,0.132
49,24,1,0.132
50,1,1,0.042
50,2,1,0.042
50,3,1,0.042
50,4,1,0.042
50,5,1,0.042
50,6,1,0.042
50,7,1,0.042
50,8,1,0.042
50,9,1,0.042
50,10,1,0.042
50,11,1,0.042
50,12,1,0.042
50,13,1,0.042
50,14,1,0.042
50,15,1,0.042
50,16,1,0.042
50,17,1,0.042
50,18,1,0.042
50,19,1,0.042
50,20,1,0.042
50,21,1,0.042
50,22,1,0.042
50,23,1,0.042
50,24,1,0.042
51,1,1,0.042
51,2,1,0.042
51,3,1,0.042
51,4,1,0.042
51,5,1,0.042
51,6,1,0.042
51,7,1,0.042
51,8,1,0.042
51,9,1,0.042
51,10,1,0.042
51,11,1,0.042
51,12,1,0.042
51,13,1,0.042
51,14,1,0.042
51,15,1,0.042
51,16,1,0.042
51,17,1,0.042
51,18,1,0.042
51,19,1,0.042
51,20,1,0.042
51,21,1,0.042
51,22,1,0.042
51,23,1,0.042
51,24,1,0.042
52,1,1,0.042
52,2,1,0.042
52,3,1,0.042
52,4,1,0.042
52,5,1,0.042
52,6,1,0.042
52,7,1,0.042
52,8,1,0.042
52,9,1,0.042
52,10,1,0.042
52,11,1,0.042
52,12,1,0.042
52,13,1,0.042
52,14,1,0.042
52,15,1,0.042
52,16,1,0.042
52,17,1,0.042
52,18,1,0.042
52,19,1,0.042
52,20,1,0.042
52,21,1,0.042
52,22,1,0.042
52,23,1,0.042
52,24,1,0.042
53,1,1,0.042
53,2,1,0.042
53,3,1,0.042
53,4,1,0.042
53,5,1,0.042
53,6,1,0.042
53,7,1,0.042
53,8,1,0.042
53,9,1,0.042
53,10,1,0.042
53,11,1,0.042
53,12,1,0.042
53,13,1,0.042
53,14,1,0.042
53,15,1,0.042
53,16,1,0.042
53,17,1,0.042
53,18,1,0.042
53,19,1,0.042
53,20,1,0.042
53,21,1,0.042
53,22,1,0.042
53,23,1,0.042
53,24,1,0.042
54,1,1,0.06
54,2,1,0.06
54,3,1,0.06
54,4,1,0.06
54,5,1,0.06
54,6,1,0.06
54,7,1,0.06
54,8,1,0.06
54,9,1,0.06
54,10,1,0.06
54,11,1,0.06
54,12,1,0.06
54,13,1,0.06
54,14,1,0.06
54,15,1,0.06
54,16,1,0.06
54,17,1,0.06
54,18,1,0.06
54,19,1,0.06
54,20,1,0.06
54,21,1,0.06
54,22,1,0.06
54,23,1,0.06
54,24,1,0.06
55,1,1,0.06
55,2,1,0.06
55,3,1,0.06
55,4,1,0.06
55,5,1,0.06
55,6,1,0.06
55,7,1,0.06
55,8,1,0.06
55,9,1,0.06
55,10,1,0.06
55,11,1,0.06
55,12,1,0.06
55,13,1,0.06
55,14,1,0.06
55,15,1,0.06
55,16,1,0.06
55,17,1,0.06
55,18,1,0.06
55,19,1,0.06
55,20,1,0.06
55,21,1,0.06
55,22,1,0.06
55,23,1,0.06
55,24,1,0.06
57,1,1,0.06
57,2,1,0.06
57,3,1,0.06
57,4,1,0.06
57,5,1,0.06
57,6,1,0.06
57,7,1,0.06
57,8,1,0.06
57,9,1,0.06
57,10,1,0.06
57,11,1,0.06
57,12,1,0.06
57,13,1,0.06
57,14,1,0.06
57,15,1,0.06
57,16,1,0.06
57,17,1,0.06
57,18,1,0.06
57,19,1,0.06
57,20,1,0.06
57,21,1,0.06
57,22,1,0.06
57,23,1,0.06
57,24,1,0.06
58,1,1,0.06
58,2,1,0.06
58,3,1,0.06
58,4,1,0.06
58,5,1,0.06
58,6,1,0.06
58,7,1,0.06
58,8,1,0.06
58,9,1,0.06
58,10,1,0.06
58,11,1,0.06
58,12,1,0.06
58,13,1,0.06
58,14,1,0.06
58,15,1,0.06
58,16,1,0.06
58,17,1,0.06
58,18,1,0.06
58,19,1,0.06
58,20,1,0.06
58,21,1,0.06
58,22,1,0.06
58,23,1,0.06
58,24,1,0.06
60,1,1,0.022
60,2,1,0.022
60,3,1,0.022
60,4,1,0.022
60,5,1,0.022
60,6,1,0.021173551
60,7,1,-0.009626300000000004
60,8,1,-0.057170000000000006
60,9,1,-0.1088837
60,10,1,-0.1467476
60,11,1,-0.17227430000000002
60,12,1,-0.1780955
60,13,1,-0.1766318
60,14,1,-0.16494530000000002
60,15,1,-0.13618700000000003
60,16,1,-0.0902039
60,17,1,-0.0329279
60,18,1,0.01689091
60,19,1,0.022
60,20,1,0.022
60,21,1,0.022
60,22,1,0.022
60,23,1,0.022
60,24,1,0.022
62,1,1,0.006
62,2,1,0.006
62,3,1,0.006
62,4,1,0.006
62,5,1,0.006
62,6,1,0.006
62,7,1,0.006
62,8,1,0.006
62,9,1,0.006
62,10,1,0.006
62,11,1,0.006
62,12,1,0.006
62,13,1,0.006
62,14,1,0.006
62,15,1,0.006
62,16,1,0.006
62,17,1,0.006
62,18,1,0.006
62,19,1,0.006
62,20,1,0.006
62,21,1,0.006
62,22,1,0.006
62,23,1,0.006
62,24,1,0.006
63,1,1,0.006
63,2,1,0.006
63,3,1,0.006
63,4,1,0.006
63,5,1,0.006
63,6,1,0.006
63,7,1,0.006
63,8,1,0.006
63,9,1,0.006
63,10,1,0.006
63,11,1,0.006
63,12,1,0.006
63,13,1,0.006
63,14,1,0.006
63,15,1,0.006
63,16,1,0.006
63,17,1,0.006
63,18,1,0.006
63,19,1,0.006
63,20,1,0.006
63,21,1,0.006
63,22,1,0.006
63,23,1,0.006
63,24,1,0.006
64,1,1,0.036
64,2,1,0.036
64,3,1,0.036
64,4,1,0.036
64,5,1,0.036
64,6,1,0.036
64,7,1,0.036
64,8,1,0.036
64,9,1,0.036
64,10,1,0.036
64,11,1,0.036
64,12,1,0.036
64,13,1,0.036
64,14,1,0.036
64,15,1,0.036
64,16,1,0.036
64,17,1,0.036
64,18,1,0.036
64,19,1,0.036
64,20,1,0.036
64,21,1,0.036
64,22,1,0.036
64,23,1,0.036
64,24,1,0.036
65,1,1,0.06960887149786453
65,2,1,0.06901512149786454
65,3,1,0.07296249505295636
65,4,1,0.07321904363984867
65,5,1,0.07106279363984867
65,6,1,0.07184926223178499
65,7,1,0.09847410071761835
65,8,1,0.105
65,9,1,0.105
65,10,1,0.105
65,11,1,0.105
65,12,1,0.105
65,13,1,0.105
65,14,1,0.105
65,15,1,0.105
65,16,1,0.105
65,17,1,0.105
65,18,1,0.07298421110545389
65,19,1,0.06767137443106677
65,20,1,0.06804637649940212
65,21,1,0.06898740662495602
65,22,1,0.105
65,23,1,0.06956445857089996
65,24,1,0.06804637561668461
67,1,1,0.085
67,2,1,0.085
67,3,1,0.085
67,4,1,0.085
67,5,1,0.085
67,6,1,0.085
67,7,1,0.085
67,8,1,0.085
67,9,1,0.085
67,10,1,0.085
67,11,1,0.085
67,12,1,0.085
67,13,1,0.085
67,14,1,0.085
67,15,1,0.085
67,16,1,0.085
67,17,1,0.085
67,18,1,0.085
67,19,1,0.085
67,20,1,0.085
67,21,1,0.085
67,22,1,0.085
67,23,1,0.085
67,24,1,0.085
68,1,1,0.006
68,2,1,0.006
68,3,1,0.006
68,4,1,0.006
68,5,1,0.006
68,6,1,0.006
68,7,1,0.006
68,8,1,0.006
68,9,1,0.006
68,10,1,0.006
68,11,1,0.006
68,12,1,0.006
68,13,1,0.006
68,14,1,0.006
68,15,1,0.006
68,16,1,0.006
68,17,1,0.006
68,18,1,0.006
68,19,1,0.006
68,20,1,0.006
68,21,1,0.006
68,22,1,0.006
68,23,1,0.006
68,24,1,0.006
69,1,1,0.006
69,2,1,0.006
69,3,1,0.006
69,4,1,0.006
69,5,1,0.006
69,6,1,0.006
69,7,1,0.006
69,8,1,0.006
69,9,1,0.006
69,10,1,0.006
69,11,1,0.006
69,12,1,0.006
69,13,1,0.006
69,14,1,0.006
69,15,1,0.006
69,16,1,0.006
69,17,1,0.006
69,18,1,0.006
69,19,1,0.006
69,20,1,0.006
69,21,1,0.006
69,22,1,0.006
69,23,1,0.006
69,24,1,0.006
70,1,1,-0.0765
70,2,1,0.0060000000000000045
70,3,1,0.08850000000000001
70,4,1,-0.0765
70,5,1,0.006000000000000001
70,6,1,0.08850000000000001
70,7,1,-0.0765
70,8,1,0.08850000000000001
70,9,1,0.0060000000000000045
70,10,1,0.004043404315000355
70,11,1,0.0030538669172836775
70,12,1,0.0001996155350465897
70,13,1,-5.736522386482271e-6
70,14,1,0.020530125447466786
70,15,1,0.0029707008896622837
70,16,1,0.011208023417926809
70,17,1,-1.4358629053272051e-6
70,18,1,-0.005999280004869615
70,19,1,-0.0014648547702401458
70,20,1,-0.009001076897178996
70,21,1,-0.005280798152940661
70,22,1,-0.004498068013054597
70,23,1,-0.0030014358629053264
70,24,1,-0.005253050435905327
72,1,1,0.03
72,2,1,0.03
72,3,1,0.03
72,4,1,0.03
72,5,1,0.03
72,6,1,0.03
72,7,1,0.03
72,8,1,0.03
72,9,1,0.03
72,10,1,0.03
72,11,1,0.03
72,12,1,0.03
72,13,1,0.03
72,14,1,0.03
72,15,1,0.03
72,16,1,0.03
72,17,1,0.03
72,18,1,0.03
72,19,1,0.03
72,20,1,0.03
72,21,1,0.03
72,22,1,0.03
72,23,1,0.03
72,24,1,0.03
73,1,1,0.03
73,2,1,0.03
73,3,1,0.03
73,4,1,0.03
73,5,1,0.03
73,6,1,0.03
73,7,1,0.03
73,8,1,0.03
73,9,1,0.03
73,10,1,0.03
73,11,1,0.03
73,12,1,0.03
73,13,1,0.03
73,14,1,0.03
73,15,1,0.03
73,16,1,0.03
73,17,1,0.03
73,18,1,0.03
73,19,1,0.03
73,20,1,0.03
73,21,1,0.03
73,22,1,0.03
73,23,1,0.03
73,24,1,0.03
74,1,1,0.03
74,2,1,0.03
74,3,1,0.03
74,4,1,0.03
74,5,1,0.03
74,6,1,0.03
74,7,1,0.03
74,8,1,0.03
74,9,1,0.03
74,10,1,0.03
74,11,1,0.03
74,12,1,0.03
74,13,1,0.03
74,14,1,0.03
74,15,1,0.03
74,16,1,0.03
74,17,1,0.03
74,18,1,0.03
74,19,1,0.03
74,20,1,0.03
74,21,1,0.03
74,22,1,0.03
74,23,1,0.03
74,24,1,0.03
76,1,1,0.042
76,2,1,0.042
76,3,1,0.042
76,4,1,0.042
76,5,1,0.042
76,6,1,0.042
76,7,1,0.042
76,8,1,0.042
76,9,1,0.042
76,10,1,0.042
76,11,1,0.042
76,12,1,0.042
76,13,1,0.042
76,14,1,0.042
76,15,1,0.042
76,16,1,0.042
76,17,1,0.042
76,18,1,0.042
76,19,1,0.042
76,20,1,0.042
76,21,1,0.042
76,22,1,0.042
76,23,1,0.042
76,24,1,0.042
77,1,1,0.012
77,2,1,0.012
77,3,1,0.012
77,4,1,0.012
77,5,1,0.012
77,6,1,0.012
77,7,1,0.012
77,8,1,0.012
77,9,1,0.012
77,10,1,0.012
77,11,1,0.012
77,12,1,0.012
77,13,1,0.012
77,14,1,0.012
77,15,1,0.012
77,16,1,0.012
77,17,1,0.012
77,18,1,0.012
77,19,1,0.012
77,20,1,0.012
77,21,1,0.012
77,22,1,0.012
77,23,1,0.012
77,24,1,0.012
78,1,1,0.012
78,2,1,0.012
78,3,1,0.012
78,4,1,0.012
78,5,1,0.012
78,6,1,0.012
78,7,1,0.012
78,8,1,0.012
78,9,1,0.012
78,10,1,0.012
78,11,1,0.012
78,12,1,0.012
78,13,1,0.012
78,14,1,0.012
78,15,1,0.012
78,16,1,0.012
78,17,1,0.012
78,18,1,0.012
78,19,1,0.012
78,20,1,0.012
78,21,1,0.012
78,22,1,0.012
78,23,1,0.012
78,24,1,0.012
80,1,1,0.012
80,2,1,0.012
80,3,1,0.012
80,4,1,0.012
80,5,1,0.012
80,6,1,0.012
80,7,1,0.012
80,8,1,0.012
80,9,1,0.012
80,10,1,0.012
80,11,1,0.012
80,12,1,0.012
80,13,1,0.012
80,14,1,0.012
80,15,1,0.012
80,16,1,0.012
80,17,1,0.012
80,18,1,0.012
80,19,1,0.012
80,20,1,0.012
80,21,1,0.012
80,22,1,0.012
80,23,1,0.012
80,24,1,0.012
81,1,1,0.012
81,2,1,0.012
81,3,1,0.012
81,4,1,0.012
81,5,1,0.012
81,6,1,0.012
81,7,1,0.012
81,8,1,0.012
81,9,1,0.012
81,10,1,0.012
81,11,1,0.012
81,12,1,0.012
81,13,1,0.012
81,14,1,0.012
81,15,1,0.012
81,16,1,0.012
81,17,1,0.012
81,18,1,0.012
81,19,1,0.012
81,20,1,0.012
81,21,1,0.012
81,22,1,0.012
81,23,1,0.012
81,24,1,0.012
82,1,1,0.012
82,2,1,0.012
82,3,1,0.012
82,4,1,0.012
82,5,1,0.012
82,6,1,0.012
82,7,1,0.012
82,8,1,0.012
82,9,1,0.012
82,10,1,0.012
82,11,1,0.012
82,12,1,0.012
82,13,1,0.012
82,14,1,0.012
82,15,1,0.012
82,16,1,0.012
82,17,1,0.012
82,18,1,0.012
82,19,1,0.012
82,20,1,0.012
82,21,1,0.012
82,22,1,0.012
82,23,1,0.012
82,24,1,0.012
84,1,1,0.012
84,2,1,0.012
84,3,1,0.012
84,4,1,0.012
84,5,1,0.012
84,6,1,0.012
84,7,1,0.012
84,8,1,0.012
84,9,1,0.012
84,10,1,0.012
84,11,1,0.012
84,12,1,0.012
84,13,1,0.012
84,14,1,0.012
84,15,1,0.012
84,16,1,0.012
84,17,1,0.012
84,18,1,0.012
84,19,1,0.012
84,20,1,0.012
84,21,1,0.012
84,22,1,0.012
84,23,1,0.012
84,24,1,0.012
86,1,1,0.012
86,2,1,0.012
86,3,1,0.012
86,4,1,0.012
86,5,1,0.012
86,6,1,0.012
86,7,1,0.012
86,8,1,0.012
86,9,1,0.012
86,10,1,0.012
86,11,1,0.012
86,12,1,0.012
86,13,1,0.012
86,14,1,0.012
86,15,1,0.012
86,16,1,0.012
86,17,1,0.012
86,18,1,0.012
86,19,1,0.012
86,20,1,0.012
86,21,1,0.012
86,22,1,0.012
86,23,1,0.012
86,24,1,0.012
87,1,1,0.012
87,2,1,0.012
87,3,1,0.012
87,4,1,0.012
87,5,1,0.012
87,6,1,0.012
87,7,1,0.012
87,8,1,0.012
87,9,1,0.012
87,10,1,0.012
87,11,1,0.012
87,12,1,0.012
87,13,1,0.012
87,14,1,0.012
87,15,1,0.012
87,16,1,0.012
87,17,1,0.012
87,18,1,0.012
87,19,1,0.012
87,20,1,0.012
87,21,1,0.012
87,22,1,0.012
87,23,1,0.012
87,24,1,0.012
89,1,1,0.012
89,2,1,0.012
89,3,1,0.012
89,4,1,0.012
89,5,1,0.012
89,6,1,0.012
89,7,1,0.012
89,8,1,0.012
89,9,1,0.012
89,10,1,0.012
89,11,1,0.012
89,12,1,0.012
89,13,1,0.012
89,14,1,0.012
89,15,1,0.012
89,16,1,0.012
89,17,1,0.012
89,18,1,0.012
89,19,1,0.012
89,20,1,0.012
89,21,1,0.012
89,22,1,0.012
89,23,1,0.012
89,24,1,0.012
91,1,1,0.03
91,2,1,0.03
91,3,1,0.03
91,4,1,0.03
91,5,1,0.03
91,6,1,0.03
91,7,1,0.03
91,8,1,0.03
91,9,1,0.03
91,10,1,0.03
91,11,1,0.03
91,12,1,0.03
91,13,1,0.03
91,14,1,0.03
91,15,1,0.03
91,16,1,0.03
91,17,1,0.03
91,18,1,0.03
91,19,1,0.03
91,20,1,0.03
91,21,1,0.03
91,22,1,0.03
91,23,1,0.03
91,24,1,0.03
93,1,1,0.03
93,2,1,0.03
93,3,1,0.03
93,4,1,0.03
93,5,1,0.03
93,6,1,0.03
93,7,1,0.03
93,8,1,0.03
93,9,1,0.03
93,10,1,0.03
93,11,1,0.03
93,12,1,0.03
93,13,1,0.03
93,14,1,0.03
93,15,1,0.03
93,16,1,0.03
93,17,1,0.03
93,18,1,0.03
93,19,1,0.03
93,20,1,0.03
93,21,1,0.03
93,22,1,0.03
93,23,1,0.03
93,24,1,0.03
95,1,1,0.15
95,2,1,0.15
95,3,1,0.15
95,4,1,0.15
95,5,1,0.15
95,6,1,0.15
95,7,1,0.15
95,8,1,0.15
95,9,1,0.15
95,10,1,0.15
95,11,1,0.15
95,12,1,0.15
95,13,1,0.15
95,14,1,0.15
95,15,1,0.15
95,16,1,0.15
95,17,1,0.15
95,18,1,0.15
95,19,1,0.15
95,20,1,0.15
95,21,1,0.15
95,22,1,0.15
95,23,1,0.15
95,24,1,0.15
97,1,1,0.042
97,2,1,0.042
97,3,1,0.042
97,4,1,0.042
97,5,1,0.042
97,6,1,0.042
97,7,1,0.042
97,8,1,0.042
97,9,1,0.042
97,10,1,0.042
97,11,1,0.042
97,12,1,0.042
97,13,1,0.042
97,14,1,0.042
97,15,1,0.042
97,16,1,0.042
97,17,1,0.042
97,18,1,0.042
97,19,1,0.042
97,20,1,0.042
97,21,1,0.042
97,22,1,0.042
97,23,1,0.042
97,24,1,0.042
98,1,1,0.042
98,2,1,0.042
98,3,1,0.042
98,4,1,0.042
98,5,1,0.042
98,6,1,0.042
98,7,1,0.042
98,8,1,0.042
98,9,1,0.042
98,10,1,0.042
98,11,1,0.042
98,12,1,0.042
98,13,1,0.042
98,14,1,0.042
98,15,1,0.042
98,16,1,0.042
98,17,1,0.042
98,18,1,0.042
98,19,1,0.042
98,20,1,0.042
98,21,1,0.042
98,22,1,0.042
98,23,1,0.042
98,24,1,0.042
99,1,1,0.042
99,2,1,0.042
99,3,1,0.042
99,4,1,0.042
99,5,1,0.042
99,6,1,0.042
99,7,1,0.042
99,8,1,0.042
99,9,1,0.042
99,10,1,0.042
99,11,1,0.042
99,12,1,0.042
99,13,1,0.042
99,14,1,0.042
99,15,1,0.042
99,16,1,0.042
99,17,1,0.042
99,18,1,0.042
99,19,1,0.042
99,20,1,0.042
99,21,1,0.042
99,22,1,0.042
99,23,1,0.042
99,24,1,0.042
100,1,1,0.042
100,2,1,0.042
100,3,1,0.042
100,4,1,0.042
100,5,1,0.042
100,6,1,0.042
100,7,1,0.042
100,8,1,0.042
100,9,1,0.042
100,10,1,0.042
100,11,1,0.042
100,12,1,0.042
100,13,1,0.042
100,14,1,0.042
100,15,1,0.042
100,16,1,0.042
100,17,1,0.042
100,18,1,0.042
100,19,1,0.042
100,20,1,0.042
100,21,1,0.042
100,22,1,0.042
100,23,1,0.042
100,24,1,0.042
101,1,1,0.045
101,2,1,0.045
101,3,1,0.045
101,4,1,0.045
101,5,1,0.045
101,6,1,0.045
101,7,1,0.045
101,8,1,0.045
101,9,1,0.045
101,10,1,0.045
101,11,1,0.045
101,12,1,0.045
101,13,1,0.045
101,14,1,0.045
101,15,1,0.045
101,16,1,0.045
101,17,1,0.045
101,18,1,0.045
101,19,1,0.045
101,20,1,0.045
101,21,1,0.045
101,22,1,0.045
101,23,1,0.045
101,24,1,0.045
102,1,1,0.006
102,2,1,0.006
102,3,1,0.006
102,4,1,0.006
102,5,1,0.006
102,6,1,0.006
102,7,1,0.006
102,8,1,0.006
102,9,1,0.006
102,10,1,0.006
102,11,1,0.006
102,12,1,0.006
102,13,1,0.006
102,14,1,0.006
102,15,1,0.006
102,16,1,0.006
102,17,1,0.006
102,18,1,0.006
102,19,1,0.006
102,20,1,0.006
102,21,1,0.006
102,22,1,0.006
102,23,1,0.006
102,24,1,0.006
103,1,1,0.006
103,2,1,0.006
103,3,1,0.006
103,4,1,0.006
103,5,1,0.006
103,6,1,0.006
103,7,1,0.006
103,8,1,0.006
103,9,1,0.006
103,10,1,0.006
103,11,1,0.006
103,12,1,0.006
103,13,1,0.006
103,14,1,0.006
103,15,1,0.006
103,16,1,0.006
103,17,1,0.006
103,18,1,0.006
103,19,1,0.006
103,20,1,0.006
103,21,1,0.006
103,22,1,0.006
103,23,1,0.006
103,24,1,0.006
105,1,1,-0.12540000000000018
105,2,1,0.13740000000000002
105,3,1,-0.1254
105,4,1,0.006000000000000005
105,5,1,0.13739999999999997
105,6,1,-0.1254
105,7,1,0.13740000000000008
105,8,1,-0.12539999999999998
105,9,1,0.07279501963115598
105,10,1,0.044283124473027735
105,11,1,-0.022384879897873855
105,12,1,0.010761827742248542
105,13,1,-0.057569127222676875
105,14,1,0.005935194900511032
105,15,1,-0.011821159626392741
105,16,1,0.13740000000000005
105,17,1,-0.002482620421937698
105,18,1,0.010526648557196205
105,19,1,0.005992707471017322
105,20,1,-0.045572993409449314
105,21,1,-0.02183756808080428
105,22,1,-0.01932441658944062
105,23,1,0.015116242276963954
105,24,1,-0.02581799980354571
106,1,1,0.006
106,2,1,0.006
106,3,1,0.006
106,4,1,0.006
106,5,1,0.006
106,6,1,0.006
106,7,1,0.006
106,8,1,0.006
106,9,1,0.006
106,10,1,0.006
106,11,1,0.006
106,12,1,0.006
106,13,1,0.006
106,14,1,0.006
106,15,1,0.006
106,16,1,0.006
106,17,1,0.006
106,18,1,0.006
106,19,1,0.006
106,20,1,0.006
106,21,1,0.006
106,22,1,0.006
106,23,1,0.006
106,24,1,0.006
108,1,1,0.045
108,2,1,0.045
108,3,1,0.045
108,4,1,0.045
108,5,1,0.045
108,6,1,0.045
108,7,1,0.045
108,8,1,0.045
108,9,1,0.045
108,10,1,0.045
108,11,1,0.045
108,12,1,0.045
108,13,1,0.045
108,14,1,0.045
108,15,1,0.045
108,16,1,0.045
108,17,1,0.045
108,18,1,0.045
108,19,1,0.045
108,20,1,0.045
108,21,1,0.045
108,22,1,0.045
108,23,1,0.045
108,24,1,0.045
109,1,1,0.006
109,2,1,0.006
109,3,1,0.006
109,4,1,0.006
109,5,1,0.006
109,6,1,0.006
109,7,1,0.006
109,8,1,0.006
109,9,1,0.006
109,10,1,0.006
109,11,1,0.006
109,12,1,0.006
109,13,1,0.006
109,14,1,0.006
109,15,1,0.006
109,16,1,0.006
109,17,1,0.006
109,18,1,0.006
109,19,1,0.006
109,20,1,0.006
109,21,1,0.006
109,22,1,0.006
109,23,1,0.006
109,24,1,0.006
110,1,1,0.006
110,2,1,0.006
110,3,1,0.006
110,4,1,0.006
110,5,1,0.006
110,6,1,0.006
110,7,1,0.006
110,8,1,0.006
110,9,1,0.006
110,10,1,0.006
110,11,1,0.006
110,12,1,0.006
110,13,1,0.006
110,14,1,0.006
110,15,1,0.006
110,16,1,0.006
110,17,1,0.006
110,18,1,0.006
110,19,1,0.006
110,20,1,0.006
110,21,1,0.006
110,22,1,0.006
110,23,1,0.006
110,24,1,0.006
112,1,1,0.006
112,2,1,0.006
112,3,1,0.006
112,4,1,0.006
112,5,1,0.006
112,6,1,0.006
112,7,1,0.006
112,8,1,0.006
112,9,1,0.006
112,10,1,0.006
112,11,1,0.006
112,12,1,0.006
112,13,1,0.006
112,14,1,0.006
112,15,1,0.006
112,16,1,0.006
112,17,1,0.006
112,18,1,0.006
112,19,1,0.006
112,20,1,0.006
112,21,1,0.006
112,22,1,0.006
112,23,1,0.006
112,24,1,0.006
113,1,1,0.006
113,2,1,0.006
113,3,1,0.006
113,4,1,0.006
113,5,1,0.006
113,6,1,0.006
113,7,1,0.006
113,8,1,0.006
113,9,1,0.006
113,10,1,0.006
113,11,1,0.006
113,12,1,0.006
113,13,1,0.006
113,14,1,0.006
113,15,1,0.006
113,16,1,0.006
113,17,1,0.006
113,18,1,0.006
113,19,1,0.006
113,20,1,0.006
113,21,1,0.006
113,22,1,0.006
113,23,1,0.006
113,24,1,0.006
135,1,1,0.042
135,2,1,0.042
135,3,1,0.042
135,4,1,0.042
135,5,1,0.042
135,6,1,0.042
135,7,1,0.042
135,8,1,0.042
135,9,1,0.042
135,10,1,0.042
135,11,1,0.042
135,12,1,0.042
135,13,1,0.042
135,14,1,0.042
135,15,1,0.042
135,16,1,0.042
135,17,1,0.042
135,18,1,0.042
135,19,1,0.042
135,20,1,0.042
135,21,1,0.042
135,22,1,0.042
135,23,1,0.042
135,24,1,0.042
152,1,1,0.042
152,2,1,0.042
152,3,1,0.042
152,4,1,0.042
152,5,1,0.042
152,6,1,0.042
152,7,1,0.042
152,8,1,0.042
152,9,1,0.042
152,10,1,0.042
152,11,1,0.042
152,12,1,0.042
152,13,1,0.042
152,14,1,0.042
152,15,1,0.042
152,16,1,0.042
152,17,1,0.042
152,18,1,0.042
152,19,1,0.042
152,20,1,0.042
152,21,1,0.042
152,22,1,0.042
152,23,1,0.042
152,24,1,0.042
197,1,1,0.042
197,2,1,0.042
197,3,1,0.042
197,4,1,0.042
197,5,1,0.042
197,6,1,0.042
197,7,1,0.042
197,8,1,0.042
197,9,1,0.042
197,10,1,0.042
197,11,1,0.042
197,12,1,0.042
197,13,1,0.042
197,14,1,0.042
197,15,1,0.042
197,16,1,0.042
197,17,1,0.042
197,18,1,0.042
197,19,1,0.042
197,20,1,0.042
197,21,1,0.042
197,22,1,0.042
197,23,1,0.042
197,24,1,0.042
9,1,1,0.054
9,2,1,0.054
9,3,1,0.054
9,4,1,0.054
9,5,1,0.054
9,6,1,0.054
9,7,1,0.054
9,8,1,0.054
9,9,1,0.054
9,10,1,0.054
9,11,1,0.054
9,12,1,0.054
9,13,1,0.054
9,14,1,0.054
9,15,1,0.054
9,16,1,0.054
9,17,1,0.054
9,18,1,0.054
9,19,1,0.054
9,20,1,0.054
9,21,1,0.054
9,22,1,0.054
9,23,1,0.054
9,24,1,0.054
149,1,1,0.0
149,2,1,0.0
149,3,1,0.0
149,4,1,0.0
149,5,1,0.0
149,6,1,0.0
149,7,1,0.0
149,8,1,0.0
149,9,1,0.0
149,10,1,0.0
149,11,1,0.0
149,12,1,0.0
149,13,1,0.0
149,14,1,0.0
149,15,1,0.0
149,16,1,0.0
149,17,1,0.0
149,18,1,0.0
149,19,1,0.0
149,20,1,0.0
149,21,1,0.0
149,22,1,0.0
149,23,1,0.0
149,24,1,0.0
160,1,1,0.042
160,2,1,0.042
160,3,1,0.042
160,4,1,0.042
160,5,1,0.042
160,6,1,0.042
160,7,1,0.042
160,8,1,0.042
160,9,1,0.042
160,10,1,0.042
160,11,1,0.042
160,12,1,0.042
160,13,1,0.042
160,14,1,0.042
160,15,1,0.042
160,16,1,0.042
160,17,1,0.042
160,18,1,0.042
160,19,1,0.042
160,20,1,0.042
160,21,1,0.042
160,22,1,0.042
160,23,1,0.042
160,24,1,0.042
151,1,1,0.045
151,2,1,0.045
151,3,1,0.045
151,4,1,0.045
151,5,1,0.045
151,6,1,0.045
151,7,1,0.045
151,8,1,0.045
151,9,1,0.045
151,10,1,0.045
151,11,1,0.045
151,12,1,0.045
151,13,1,0.045
151,14,1,0.045
151,15,1,0.045
151,16,1,0.045
151,17,1,0.045
151,18,1,0.045
151,19,1,0.045
151,20,1,0.045
151,21,1,0.045
151,22,1,0.045
151,23,1,0.045
151,24,1,0.045
150,1,1,0.0
150,2,1,0.0
150,3,1,0.0
150,4,1,0.0
150,5,1,0.0
150,6,1,0.0
150,7,1,0.0
150,8,1,0.0
150,9,1,0.0
150,10,1,0.0
150,11,1,0.0
150,12,1,0.0
150,13,1,0.0
150,14,1,0.0
150,15,1,0.0
150,16,1,0.0
150,17,1,0.0
150,18,1,0.0
150,19,1,0.0
150,20,1,0.0
150,21,1,0.0
150,22,1,0.0
150,23,1,0.0
150,24,1,0.0
2,1,1,0.066
2,2,1,0.066
2,3,1,0.066
2,4,1,0.066
2,5,1,0.066
2,6,1,0.066
2,7,1,0.066
2,8,1,0.066
2,9,1,0.066
2,10,1,0.066
2,11,1,0.066
2,12,1,0.066
2,13,1,0.066
2,14,1,0.066
2,15,1,0.066
2,16,1,0.066
2,17,1,0.066
2,18,1,0.066
2,19,1,0.066
2,20,1,0.066
2,21,1,0.066
2,22,1,0.066
2,23,1,0.066
2,24,1,0.066
4,1,1,0.0
4,2,1,0.0
4,3,1,0.0
4,4,1,0.0
4,5,1,0.0
4,6,1,0.0
4,7,1,0.0
4,8,1,0.0
4,9,1,0.0
4,10,1,0.0
4,11,1,0.0
4,12,1,0.0
4,13,1,0.0
4,14,1,0.0
4,15,1,0.0
4,16,1,0.0
4,17,1,0.0
4,18,1,0.0
4,19,1,0.0
4,20,1,0.0
4,21,1,0.0
4,22,1,0.0
4,23,1,0.0
4,24,1,0.0
6,1,1,0.042
6,2,1,0.042
6,3,1,0.042
6,4,1,0.042
6,5,1,0.042
6,6,1,0.042
6,7,1,0.042
6,8,1,0.042
6,9,1,0.042
6,10,1,0.042
6,11,1,0.042
6,12,1,0.042
6,13,1,0.042
6,14,1,0.042
6,15,1,0.042
6,16,1,0.042
6,17,1,0.042
6,18,1,0.042
6,19,1,0.042
6,20,1,0.042
6,21,1,0.042
6,22,1,0.042
6,23,1,0.042
6,24,1,0.042
12,1,1,0.042
12,2,1,0.042
12,3,1,0.042
12,4,1,0.042
12,5,1,0.042
12,6,1,0.042
12,7,1,0.042
12,8,1,0.042
12,9,1,0.042
12,10,1,0.042
12,11,1,0.042
12,12,1,0.042
12,13,1,0.042
12,14,1,0.042
12,15,1,0.042
12,16,1,0.042
12,17,1,0.042
12,18,1,0.042
12,19,1,0.042
12,20,1,0.042
12,21,1,0.042
12,22,1,0.042
12,23,1,0.042
12,24,1,0.042
10,1,1,0.0
10,2,1,0.0
10,3,1,0.0
10,4,1,0.0
10,5,1,0.0
10,6,1,0.0
10,7,1,0.0
10,8,1,0.0
10,9,1,0.0
10,10,1,0.0
10,11,1,0.0
10,12,1,0.0
10,13,1,0.0
10,14,1,0.0
10,15,1,0.0
10,16,1,0.0
10,17,1,0.0
10,18,1,0.0
10,19,1,0.0
10,20,1,0.0
10,21,1,0.0
10,22,1,0.0
10,23,1,0.0
10,24,1,0.0
11,1,1,0.042
11,2,1,0.042
11,3,1,0.042
11,4,1,0.042
11,5,1,0.042
11,6,1,0.042
11,7,1,0.042
11,8,1,0.042
11,9,1,0.042
11,10,1,0.042
11,11,1,0.042
11,12,1,0.042
11,13,1,0.042
11,14,1,0.042
11,15,1,0.042
11,16,1,0.042
11,17,1,0.042
11,18,1,0.042
11,19,1,0.042
11,20,1,0.042
11,21,1,0.042
11,22,1,0.042
11,23,1,0.042
11,24,1,0.042
16,1,1,0.045
16,2,1,0.045
16,3,1,0.045
16,4,1,0.045
16,5,1,0.045
16,6,1,0.045
16,7,1,0.045
16,8,1,0.045
16,9,1,0.045
16,10,1,0.045
16,11,1,0.045
16,12,1,0.045
16,13,1,0.045
16,14,1,0.045
16,15,1,0.045
16,16,1,0.045
16,17,1,0.045
16,18,1,0.045
16,19,1,0.045
16,20,1,0.045
16,21,1,0.045
16,22,1,0.045
16,23,1,0.045
16,24,1,0.045
17,1,1,0.042
17,2,1,0.042
17,3,1,0.042
17,4,1,0.042
17,5,1,0.042
17,6,1,0.042
17,7,1,0.042
17,8,1,0.042
17,9,1,0.042
17,10,1,0.042
17,11,1,0.042
17,12,1,0.042
17,13,1,0.042
17,14,1,0.042
17,15,1,0.042
17,16,1,0.042
17,17,1,0.042
17,18,1,0.042
17,19,1,0.042
17,20,1,0.042
17,21,1,0.042
17,22,1,0.042
17,23,1,0.042
17,24,1,0.042
20,1,1,0.0
20,2,1,0.0
20,3,1,-0.03180000000000001
20,4,1,0.0159
20,5,1,0.0159
20,6,1,-0.0318
20,7,1,0.0318
20,8,1,-0.03180000000000001
20,9,1,0.0
20,10,1,0.0
20,11,1,0.028801399695734364
20,12,1,-0.005931396576877638
20,13,1,-0.009296412863656595
20,14,1,0.004777500823788399
20,15,1,0.013448908921011471
20,16,1,-0.03180000000000001
20,17,1,0.0318
20,18,1,-0.005831833715492684
20,19,1,0.005831833715492684
20,20,1,-0.003457636467566496
20,21,1,-0.010001756752343148
20,22,1,-0.0016769372781231025
20,23,1,-0.015899999999999997
20,24,1,-0.0007636695019672616
22,1,1,0.042
22,2,1,0.042
22,3,1,0.042
22,4,1,0.042
22,5,1,0.042
22,6,1,0.042
22,7,1,0.042
22,8,1,0.042
22,9,1,0.042
22,10,1,0.042
22,11,1,0.042
22,12,1,0.042
22,13,1,0.042
22,14,1,0.042
22,15,1,0.042
22,16,1,0.042
22,17,1,0.042
22,18,1,0.042
22,19,1,0.042
22,20,1,0.042
22,21,1,0.042
22,22,1,0.042
22,23,1,0.042
22,24,1,0.042
24,1,1,0.042
24,2,1,0.042
24,3,1,0.042
24,4,1,0.042
24,5,1,0.042
24,6,1,0.042
24,7,1,0.042
24,8,1,0.042
24,9,1,0.042
24,10,1,0.042
24,11,1,0.042
24,12,1,0.042
24,13,1,0.042
24,14,1,0.042
24,15,1,0.042
24,16,1,0.042
24,17,1,0.042
24,18,1,0.042
24,19,1,0.042
24,20,1,0.042
24,21,1,0.042
24,22,1,0.042
24,23,1,0.042
24,24,1,0.042
33,1,1,0.042
33,2,1,0.042
33,3,1,0.042
33,4,1,0.042
33,5,1,0.042
33,6,1,0.042
33,7,1,0.042
33,8,1,0.042
33,9,1,0.042
33,10,1,0.042
33,11,1,0.042
33,12,1,0.042
33,13,1,0.042
33,14,1,0.042
33,15,1,0.042
33,16,1,0.042
33,17,1,0.042
33,18,1,0.042
33,19,1,0.042
33,20,1,0.042
33,21,1,0.042
33,22,1,0.042
33,23,1,0.042
33,24,1,0.042
250,1,1,0.0
250,2,1,0.0
250,3,1,0.0
250,4,1,0.0
250,5,1,0.0
250,6,1,0.0
250,7,1,0.0
250,8,1,0.0
250,9,1,0.0
250,10,1,0.0
250,11,1,0.0
250,12,1,0.0
250,13,1,0.0
250,14,1,0.0
250,15,1,0.0
250,16,1,0.0
250,17,1,0.0
250,18,1,0.0
250,19,1,0.0
250,20,1,0.0
250,21,1,0.0
250,22,1,0.0
250,23,1,0.0
250,24,1,0.0
32,1,1,0.042
32,2,1,0.042
32,3,1,0.042
32,4,1,0.042
32,5,1,0.042
32,6,1,0.042
32,7,1,0.042
32,8,1,0.042
32,9,1,0.042
32,10,1,0.042
32,11,1,0.042
32,12,1,0.042
32,13,1,0.042
32,14,1,0.042
32,15,1,0.042
32,16,1,0.042
32,17,1,0.042
32,18,1,0.042
32,19,1,0.042
32,20,1,0.042
32,21,1,0.042
32,22,1,0.042
32,23,1,0.042
32,24,1,0.042
37,1,1,0.042
37,2,1,0.042
37,3,1,0.042
37,4,1,0.042
37,5,1,0.042
37,6,1,0.042
37,7,1,0.042
37,8,1,0.042
37,9,1,0.042
37,10,1,0.042
37,11,1,0.042
37,12,1,0.042
37,13,1,0.042
37,14,1,0.042
37,15,1,0.042
37,16,1,0.042
37,17,1,0.042
37,18,1,0.042
37,19,1,0.042
37,20,1,0.042
37,21,1,0.042
37,22,1,0.042
37,23,1,0.042
37,24,1,0.042
39,1,1,0.042
39,2,1,0.042
39,3,1,0.042
39,4,1,0.042
39,5,1,0.042
39,6,1,0.042
39,7,1,0.042
39,8,1,0.042
39,9,1,0.042
39,10,1,0.042
39,11,1,0.042
39,12,1,0.042
39,13,1,0.042
39,14,1,0.042
39,15,1,0.042
39,16,1,0.042
39,17,1,0.042
39,18,1,0.042
39,19,1,0.042
39,20,1,0.042
39,21,1,0.042
39,22,1,0.042
39,23,1,0.042
39,24,1,0.042
41,1,1,0.042
41,2,1,0.042
41,3,1,0.042
41,4,1,0.042
41,5,1,0.042
41,6,1,0.042
41,7,1,0.042
41,8,1,0.042
41,9,1,0.042
41,10,1,0.042
41,11,1,0.042
41,12,1,0.042
41,13,1,0.042
41,14,1,0.042
41,15,1,0.042
41,16,1,0.042
41,17,1,0.042
41,18,1,0.042
41,19,1,0.042
41,20,1,0.042
41,21,1,0.042
41,22,1,0.042
41,23,1,0.042
41,24,1,0.042
43,1,1,0.042
43,2,1,0.042
43,3,1,0.042
43,4,1,0.042
43,5,1,0.042
43,6,1,0.042
43,7,1,0.042
43,8,1,0.042
43,9,1,0.042
43,10,1,0.042
43,11,1,0.042
43,12,1,0.042
43,13,1,0.042
43,14,1,0.042
43,15,1,0.042
43,16,1,0.042
43,17,1,0.042
43,18,1,0.042
43,19,1,0.042
43,20,1,0.042
43,21,1,0.042
43,22,1,0.042
43,23,1,0.042
43,24,1,0.042
46,1,1,-0.0405
46,2,1,0.1245
46,3,1,0.042
46,4,1,0.042
46,5,1,-0.0405
46,6,1,0.1245
46,7,1,-0.0405
46,8,1,0.042
46,9,1,0.042
46,10,1,0.061215149011220674
46,11,1,0.02278485098877933
46,12,1,0.08548014407749323
46,13,1,0.0312308920484188
46,14,1,0.091788963874088
46,15,1,0.042
46,16,1,0.042
46,17,1,0.021000000000000008
46,18,1,0.03159659009111327
46,19,1,0.033294037449669085
46,20,1,0.03146164358400001
46,21,1,0.03653949530242275
46,22,1,0.03469759850448067
46,23,1,0.03146164358400001
46,24,1,0.03344899148431421
48,1,1,0.132
48,2,1,0.132
48,3,1,0.132
48,4,1,0.132
48,5,1,0.132
48,6,1,0.132
48,7,1,0.132
48,8,1,0.132
48,9,1,0.132
48,10,1,0.132
48,11,1,0.132
48,12,1,0.132
48,13,1,0.132
48,14,1,0.132
48,15,1,0.132
48,16,1,0.132
48,17,1,0.132
48,18,1,0.132
48,19,1,0.132
48,20,1,0.132
48,21,1,0.132
48,22,1,0.132
48,23,1,0.132
48,24,1,0.132
56,1,1,0.06
56,2,1,0.06
56,3,1,0.06
56,4,1,0.06
56,5,1,0.06
56,6,1,0.06
56,7,1,0.06
56,8,1,0.06
56,9,1,0.06
56,10,1,0.06
56,11,1,0.06
56,12,1,0.06
56,13,1,0.06
56,14,1,0.06
56,15,1,0.06
56,16,1,0.06
56,17,1,0.06
56,18,1,0.06
56,19,1,0.06
56,20,1,0.06
56,21,1,0.06
56,22,1,0.06
56,23,1,0.06
56,24,1,0.06
59,1,1,0.06
59,2,1,0.06
59,3,1,0.06
59,4,1,0.06
59,5,1,0.06
59,6,1,0.06
59,7,1,0.06
59,8,1,0.06
59,9,1,0.06
59,10,1,0.06
59,11,1,0.06
59,12,1,0.06
59,13,1,0.06
59,14,1,0.06
59,15,1,0.06
59,16,1,0.06
59,17,1,0.06
59,18,1,0.06
59,19,1,0.06
59,20,1,0.06
59,21,1,0.06
59,22,1,0.06
59,23,1,0.06
59,24,1,0.06
61,1,1,0.006
61,2,1,0.006
61,3,1,0.006
61,4,1,0.006
61,5,1,0.006
61,6,1,0.006
61,7,1,0.006
61,8,1,0.006
61,9,1,0.006
61,10,1,0.006
61,11,1,0.006
61,12,1,0.006
61,13,1,0.006
61,14,1,0.006
61,15,1,0.006
61,16,1,0.006
61,17,1,0.006
61,18,1,0.006
61,19,1,0.006
61,20,1,0.006
61,21,1,0.006
61,22,1,0.006
61,23,1,0.006
61,24,1,0.006
66,1,1,-0.0011875
66,2,1,-0.00059375
66,3,1,-0.0045411214604649
66,4,1,-0.00475
66,5,1,-0.0025937499999999997
66,6,1,-0.0025808367343749996
66,7,1,0.00037499999999999995
66,8,1,0.006
66,9,1,0.006
66,10,1,0.006
66,11,1,0.006
66,12,1,0.006
66,13,1,0.006
66,14,1,0.006
66,15,1,0.006
66,16,1,0.006
66,17,1,0.006
66,18,1,0.00037499999999999995
66,19,1,0.0007499999999999999
66,20,1,0.00037499999999999995
66,21,1,-0.0005660450633106482
66,22,1,-0.036578638438354634
66,23,1,-0.0011430819815838723
66,24,1,0.00037499999999999995
71,1,1,0.006
71,2,1,0.006
71,3,1,0.006
71,4,1,0.006
71,5,1,0.006
71,6,1,0.006
71,7,1,0.006
71,8,1,0.006
71,9,1,0.006
71,10,1,0.006
71,11,1,0.006
71,12,1,0.006
71,13,1,0.006
71,14,1,0.006
71,15,1,0.006
71,16,1,0.006
71,17,1,0.006
71,18,1,0.006
71,19,1,0.006
71,20,1,0.006
71,21,1,0.006
71,22,1,0.006
71,23,1,0.006
71,24,1,0.006
75,1,1,0.03
75,2,1,0.03
75,3,1,0.03
75,4,1,0.03
75,5,1,0.03
75,6,1,0.03
75,7,1,0.03
75,8,1,0.03
75,9,1,0.03
75,10,1,0.03
75,11,1,0.03
75,12,1,0.03
75,13,1,0.03
75,14,1,0.03
75,15,1,0.03
75,16,1,0.03
75,17,1,0.03
75,18,1,0.03
75,19,1,0.03
75,20,1,0.03
75,21,1,0.03
75,22,1,0.03
75,23,1,0.03
75,24,1,0.03
79,1,1,0.012
79,2,1,0.012
79,3,1,0.012
79,4,1,0.012
79,5,1,0.012
79,6,1,0.012
79,7,1,0.012
79,8,1,0.012
79,9,1,0.012
79,10,1,0.012
79,11,1,0.012
79,12,1,0.012
79,13,1,0.012
79,14,1,0.012
79,15,1,0.012
79,16,1,0.012
79,17,1,0.012
79,18,1,0.012
79,19,1,0.012
79,20,1,0.012
79,21,1,0.012
79,22,1,0.012
79,23,1,0.012
79,24,1,0.012
83,1,1,0.042
83,2,1,0.042
83,3,1,0.042
83,4,1,0.042
83,5,1,0.042
83,6,1,0.042
83,7,1,0.042
83,8,1,0.042
83,9,1,0.042
83,10,1,0.042
83,11,1,0.042
83,12,1,0.042
83,13,1,0.042
83,14,1,0.042
83,15,1,0.042
83,16,1,0.042
83,17,1,0.042
83,18,1,0.042
83,19,1,0.042
83,20,1,0.042
83,21,1,0.042
83,22,1,0.042
83,23,1,0.042
83,24,1,0.042
85,1,1,-0.11769749999999998
85,2,1,-0.11829100000000001
85,3,1,-0.111535
85,4,1,-0.1079745
85,5,1,-0.11034800000000003
85,6,1,-0.10678750000000001
85,7,1,-0.0820005
85,8,1,-0.075929
85,9,1,-0.052876499999999986
85,10,1,-0.030919499999999996
85,11,1,-0.019279150000000002
85,12,1,-0.014577350000000003
85,13,1,-0.015216399999999998
85,14,1,-0.017179299999999995
85,15,1,-0.01740755
85,16,1,-0.016722799999999996
85,17,1,-0.0176358
85,18,1,-0.0207399
85,19,1,-0.0285915
85,20,1,-0.0359865
85,21,1,-0.04634900000000001
85,22,1,-0.051095999999999996
85,23,1,-0.050229
85,24,1,-0.044294499999999994
88,1,1,0.012
88,2,1,0.012
88,3,1,0.012
88,4,1,0.012
88,5,1,0.012
88,6,1,0.012
88,7,1,0.012
88,8,1,0.012
88,9,1,0.012
88,10,1,0.012
88,11,1,0.012
88,12,1,0.012
88,13,1,0.012
88,14,1,0.012
88,15,1,0.012
88,16,1,0.012
88,17,1,0.012
88,18,1,0.012
88,19,1,0.012
88,20,1,0.012
88,21,1,0.012
88,22,1,0.012
88,23,1,0.012
88,24,1,0.012
90,1,1,0.03
90,2,1,0.03
90,3,1,0.03
90,4,1,0.03
90,5,1,0.03
90,6,1,0.03
90,7,1,0.03
90,8,1,0.03
90,9,1,0.03
90,10,1,0.03
90,11,1,0.03
90,12,1,0.03
90,13,1,0.03
90,14,1,0.03
90,15,1,0.03
90,16,1,0.03
90,17,1,0.03
90,18,1,0.03
90,19,1,0.03
90,20,1,0.03
90,21,1,0.03
90,22,1,0.03
90,23,1,0.03
90,24,1,0.03
92,1,1,0.002207923145009395
92,2,1,0.025992076854990602
92,3,1,0.0618
92,4,1,0.011905710991876739
92,5,1,0.016294289008123256
92,6,1,0.0618
92,7,1,-0.0018000000000000032
92,8,1,0.0618
92,9,1,0.017745765514673675
92,10,1,0.026065058331036745
92,11,1,0.02730153826761889
92,12,1,0.027276195895349038
92,13,1,0.04116830159547532
92,14,1,0.04044314039584632
92,15,1,0.03
92,16,1,0.03
92,17,1,0.03
92,18,1,0.0224804304
92,19,1,0.028835343618725875
92,20,1,0.02553312488979863
92,21,1,0.027565189789548215
92,22,1,0.027457037367016855
92,23,1,0.02302471334294981
92,24,1,0.023304160591960613
94,1,1,0.03
94,2,1,0.03
94,3,1,0.03
94,4,1,0.03
94,5,1,0.03
94,6,1,0.03
94,7,1,0.03
94,8,1,0.03
94,9,1,0.03
94,10,1,0.03
94,11,1,0.03
94,12,1,0.03
94,13,1,0.03
94,14,1,0.03
94,15,1,0.03
94,16,1,0.03
94,17,1,0.03
94,18,1,0.03
94,19,1,0.03
94,20,1,0.03
94,21,1,0.03
94,22,1,0.03
94,23,1,0.03
94,24,1,0.03
96,1,1,0.03
96,2,1,0.03
96,3,1,0.03
96,4,1,0.03
96,5,1,0.03
96,6,1,0.03
96,7,1,0.03
96,8,1,0.03
96,9,1,0.03
96,10,1,0.03
96,11,1,0.03
96,12,1,0.03
96,13,1,0.03
96,14,1,0.03
96,15,1,0.03
96,16,1,0.03
96,17,1,0.03
96,18,1,0.03
96,19,1,0.03
96,20,1,0.03
96,21,1,0.03
96,22,1,0.03
96,23,1,0.03
96,24,1,0.03
450,1,1,0.0
450,2,1,0.0
450,3,1,0.0
450,4,1,0.0
450,5,1,0.0
450,6,1,0.0
450,7,1,0.0
450,8,1,0.0
450,9,1,0.0
450,10,1,0.0
450,11,1,0.0
450,12,1,0.0
450,13,1,0.0
450,14,1,0.0
450,15,1,0.0
450,16,1,0.0
450,17,1,0.0
450,18,1,0.0
450,19,1,0.0
450,20,1,0.0
450,21,1,0.0
450,22,1,0.0
450,23,1,0.0
450,24,1,0.0
104,1,1,0.006
104,2,1,0.006
104,3,1,0.006
104,4,1,0.006
104,5,1,0.006
104,6,1,0.006
104,7,1,0.006
104,8,1,0.006
104,9,1,0.006
104,10,1,0.006
104,11,1,0.006
104,12,1,0.006
104,13,1,0.006
104,14,1,0.006
104,15,1,0.006
104,16,1,0.006
104,17,1,0.006
104,18,1,0.006
104,19,1,0.006
104,20,1,0.006
104,21,1,0.006
104,22,1,0.006
104,23,1,0.006
104,24,1,0.006
107,1,1,0.006
107,2,1,0.006
107,3,1,0.006
107,4,1,0.006
107,5,1,0.006
107,6,1,0.006
107,7,1,0.006
107,8,1,0.006
107,9,1,0.006
107,10,1,0.006
107,11,1,0.006
107,12,1,0.006
107,13,1,0.006
107,14,1,0.006
107,15,1,0.006
107,16,1,0.006
107,17,1,0.006
107,18,1,0.006
107,19,1,0.006
107,20,1,0.006
107,21,1,0.006
107,22,1,0.006
107,23,1,0.006
107,24,1,0.006
300,1,1,0.0
300,2,1,0.0
300,3,1,0.0
300,4,1,0.0
300,5,1,0.0
300,6,1,0.0
300,7,1,0.0
300,8,1,0.0
300,9,1,0.0
300,10,1,0.0
300,11,1,0.0
300,12,1,0.0
300,13,1,0.0
300,14,1,0.0
300,15,1,0.0
300,16,1,0.0
300,17,1,0.0
300,18,1,0.0
300,19,1,0.0
300,20,1,0.0
300,21,1,0.0
300,22,1,0.0
300,23,1,0.0
300,24,1,0.0
111,1,1,0.006
111,2,1,0.006
111,3,1,0.006
111,4,1,0.006
111,5,1,0.006
111,6,1,0.006
111,7,1,0.006
111,8,1,0.006
111,9,1,0.006
111,10,1,0.006
111,11,1,0.006
111,12,1,0.006
111,13,1,0.006
111,14,1,0.006
111,15,1,0.006
111,16,1,0.006
111,17,1,0.006
111,18,1,0.006
111,19,1,0.006
111,20,1,0.006
111,21,1,0.006
111,22,1,0.006
111,23,1,0.006
111,24,1,0.006
114,1,1,-0.11426159999999999
114,2,1,-0.11476199999999999
114,3,1,-0.109068
114,4,1,-0.1060672
114,5,1,-0.108068
114,6,1,-0.1050672
114,7,1,-0.0841772
114,8,1,-0.0790604
114,9,1,-0.05963240000000001
114,10,1,-0.0411276
114,11,1,-0.031317279999999996
114,12,1,-0.02735476
114,13,1,-0.027893360000000006
114,14,1,-0.029547600000000007
114,15,1,-0.029739960000000003
114,16,1,-0.029162880000000002
114,17,1,-0.02993232
114,18,1,-0.032548400000000005
114,19,1,-0.0391656
114,20,1,-0.04539800000000001
114,21,1,-0.0541308
114,22,1,-0.05813200000000001
114,23,1,-0.057400799999999995
114,24,1,-0.052399600000000005
