circuit_code,hour,scen,x
1,1,1,1
1,2,1,1
1,3,1,1
1,4,1,1
1,5,1,1
1,6,1,1
1,7,1,1
1,8,1,1
1,9,1,1
1,10,1,1
1,11,1,1
1,12,1,1
1,13,1,1
1,14,1,1
1,15,1,1
1,16,1,1
1,17,1,1
1,18,1,1
1,19,1,1
1,20,1,1
1,21,1,1
1,22,1,1
1,23,1,1
1,24,1,1
2,1,1,1
2,2,1,1
2,3,1,1
2,4,1,1
2,5,1,1
2,6,1,1
2,7,1,1
2,8,1,1
2,9,1,1
2,10,1,1
2,11,1,1
2,12,1,1
2,13,1,1
2,14,1,1
2,15,1,1
2,16,1,1
2,17,1,1
2,18,1,1
2,19,1,1
2,20,1,1
2,21,1,1
2,22,1,1
2,23,1,1
2,24,1,1
3,1,1,1
3,2,1,1
3,3,1,1
3,4,1,1
3,5,1,1
3,6,1,1
3,7,1,1
3,8,1,1
3,9,1,1
3,10,1,1
3,11,1,1
3,12,1,1
3,13,1,1
3,14,1,1
3,15,1,1
3,16,1,1
3,17,1,1
3,18,1,1
3,19,1,1
3,20,1,1
3,21,1,1
3,22,1,1
3,23,1,1
3,24,1,1
4,1,1,1
4,2,1,1
4,3,1,1
4,4,1,1
4,5,1,1
4,6,1,1
4,7,1,1
4,8,1,1
4,9,1,1
4,10,1,1
4,11,1,1
4,12,1,1
4,13,1,1
4,14,1,1
4,15,1,1
4,16,1,1
4,17,1,1
4,18,1,1
4,19,1,1
4,20,1,1
4,21,1,1
4,22,1,1
4,23,1,1
4,24,1,1
5,1,1,1
5,2,1,1
5,3,1,1
5,4,1,1
5,5,1,1
5,6,1,1
5,7,1,1
5,8,1,1
5,9,1,1
5,10,1,1
5,11,1,1
5,12,1,1
5,13,1,1
5,14,1,1
5,15,1,1
5,16,1,1
5,17,1,1
5,18,1,1
5,19,1,1
5,20,1,1
5,21,1,1
5,22,1,1
5,23,1,1
5,24,1,1
6,1,1,1
6,2,1,1
6,3,1,1
6,4,1,1
6,5,1,1
6,6,1,1
6,7,1,1
6,8,1,1
6,9,1,1
6,10,1,1
6,11,1,1
6,12,1,1
6,13,1,1
6,14,1,1
6,15,1,1
6,16,1,1
6,17,1,1
6,18,1,1
6,19,1,1
6,20,1,1
6,21,1,1
6,22,1,1
6,23,1,1
6,24,1,1
7,1,1,1
7,2,1,1
7,3,1,1
7,4,1,1
7,5,1,1
7,6,1,1
7,7,1,1
7,8,1,1
7,9,1,1
7,10,1,1
7,11,1,1
7,12,1,1
7,13,1,1
7,14,1,1
7,15,1,1
7,16,1,1
7,17,1,1
7,18,1,1
7,19,1,1
7,20,1,1
7,21,1,1
7,22,1,1
7,23,1,1
7,24,1,1
8,1,1,1
8,2,1,1
8,3,1,1
8,4,1,1
8,5,1,1
8,6,1,1
8,7,1,1
8,8,1,1
8,9,1,1
8,10,1,1
8,11,1,1
8,12,1,1
8,13,1,1
8,14,1,1
8,15,1,1
8,16,1,1
8,17,1,1
8,18,1,1
8,19,1,1
8,20,1,1
8,21,1,1
8,22,1,1
8,23,1,1
8,24,1,1
9,1,1,1
9,2,1,1
9,3,1,1
9,4,1,1
9,5,1,1
9,6,1,1
9,7,1,1
9,8,1,1
9,9,1,1
9,10,1,1
9,11,1,1
9,12,1,1
9,13,1,1
9,14,1,1
9,15,1,1
9,16,1,1
9,17,1,1
9,18,1,1
9,19,1,1
9,20,1,1
9,21,1,1
9,22,1,1
9,23,1,1
9,24,1,1
10,1,1,1
10,2,1,1
10,3,1,1
10,4,1,1
10,5,1,1
10,6,1,1
10,7,1,1
10,8,1,1
10,9,1,1
10,10,1,1
10,11,1,1
10,12,1,1
10,13,1,1
10,14,1,1
10,15,1,1
10,16,1,1
10,17,1,1
10,18,1,1
10,19,1,1
10,20,1,1
10,21,1,1
10,22,1,1
10,23,1,1
10,24,1,1
11,1,1,1
11,2,1,1
11,3,1,1
11,4,1,1
11,5,1,1
11,6,1,1
11,7,1,1
11,8,1,1
11,9,1,1
11,10,1,1
11,11,1,1
11,12,1,1
11,13,1,1
11,14,1,1
11,15,1,1
11,16,1,1
11,17,1,1
11,18,1,1
11,19,1,1
11,20,1,1
11,21,1,1
11,22,1,1
11,23,1,1
11,24,1,1
12,1,1,1
12,2,1,1
12,3,1,1
12,4,1,1
12,5,1,1
12,6,1,1
12,7,1,1
12,8,1,1
12,9,1,1
12,10,1,1
12,11,1,1
12,12,1,1
12,13,1,1
12,14,1,1
12,15,1,1
12,16,1,1
12,17,1,1
12,18,1,1
12,19,1,1
12,20,1,1
12,21,1,1
12,22,1,1
12,23,1,1
12,24,1,1
13,1,1,1
13,2,1,1
13,3,1,1
13,4,1,1
13,5,1,1
13,6,1,1
13,7,1,1
13,8,1,1
13,9,1,1
13,10,1,1
13,11,1,1
13,12,1,1
13,13,1,1
13,14,1,1
13,15,1,1
13,16,1,1
13,17,1,1
13,18,1,1
13,19,1,1
13,20,1,1
13,21,1,1
13,22,1,1
13,23,1,1
13,24,1,1
14,1,1,1
14,2,1,1
14,3,1,1
14,4,1,1
14,5,1,1
14,6,1,1
14,7,1,1
14,8,1,1
14,9,1,1
14,10,1,1
14,11,1,1
14,12,1,1
14,13,1,1
14,14,1,1
14,15,1,1
14,16,1,1
14,17,1,1
14,18,1,1
14,19,1,1
14,20,1,1
14,21,1,1
14,22,1,1
14,23,1,1
14,24,1,1
15,1,1,1
15,2,1,1
15,3,1,1
15,4,1,1
15,5,1,1
15,6,1,1
15,7,1,1
15,8,1,1
15,9,1,1
15,10,1,1
15,11,1,1
15,12,1,1
15,13,1,1
15,14,1,1
15,15,1,1
15,16,1,1
15,17,1,1
15,18,1,1
15,19,1,1
15,20,1,1
15,21,1,1
15,22,1,1
15,23,1,1
15,24,1,1
16,1,1,1
16,2,1,1
16,3,1,1
16,4,1,1
16,5,1,1
16,6,1,1
16,7,1,1
16,8,1,1
16,9,1,1
16,10,1,1
16,11,1,1
16,12,1,1
16,13,1,1
16,14,1,1
16,15,1,1
16,16,1,1
16,17,1,1
16,18,1,1
16,19,1,1
16,20,1,1
16,21,1,1
16,22,1,1
16,23,1,1
16,24,1,1
17,1,1,1
17,2,1,1
17,3,1,1
17,4,1,1
17,5,1,1
17,6,1,1
17,7,1,1
17,8,1,1
17,9,1,1
17,10,1,1
17,11,1,1
17,12,1,1
17,13,1,1
17,14,1,1
17,15,1,1
17,16,1,1
17,17,1,1
17,18,1,1
17,19,1,1
17,20,1,1
17,21,1,1
17,22,1,1
17,23,1,1
17,24,1,1
18,1,1,1
18,2,1,1
18,3,1,1
18,4,1,1
18,5,1,1
18,6,1,1
18,7,1,1
18,8,1,1
18,9,1,1
18,10,1,1
18,11,1,1
18,12,1,1
18,13,1,1
18,14,1,1
18,15,1,1
18,16,1,1
18,17,1,1
18,18,1,1
18,19,1,1
18,20,1,1
18,21,1,1
18,22,1,1
18,23,1,1
18,24,1,1
19,1,1,1
19,2,1,1
19,3,1,1
19,4,1,1
19,5,1,1
19,6,1,1
19,7,1,1
19,8,1,1
19,9,1,1
19,10,1,1
19,11,1,1
19,12,1,1
19,13,1,1
19,14,1,1
19,15,1,1
19,16,1,1
19,17,1,1
19,18,1,1
19,19,1,1
19,20,1,1
19,21,1,1
19,22,1,1
19,23,1,1
19,24,1,1
20,1,1,1
20,2,1,1
20,3,1,1
20,4,1,1
20,5,1,1
20,6,1,1
20,7,1,1
20,8,1,1
20,9,1,1
20,10,1,1
20,11,1,1
20,12,1,1
20,13,1,1
20,14,1,1
20,15,1,1
20,16,1,1
20,17,1,1
20,18,1,1
20,19,1,1
20,20,1,1
20,21,1,1
20,22,1,1
20,23,1,1
20,24,1,1
21,1,1,1
21,2,1,1
21,3,1,1
21,4,1,1
21,5,1,1
21,6,1,1
21,7,1,1
21,8,1,1
21,9,1,1
21,10,1,1
21,11,1,1
21,12,1,1
21,13,1,1
21,14,1,1
21,15,1,1
21,16,1,1
21,17,1,1
21,18,1,1
21,19,1,1
21,20,1,1
21,21,1,1
21,22,1,1
21,23,1,1
21,24,1,1
22,1,1,1
22,2,1,1
22,3,1,1
22,4,1,1
22,5,1,1
22,6,1,1
22,7,1,1
22,8,1,1
22,9,1,1
22,10,1,1
22,11,1,1
22,12,1,1
22,13,1,1
22,14,1,1
22,15,1,1
22,16,1,1
22,17,1,1
22,18,1,1
22,19,1,1
22,20,1,1
22,21,1,1
22,22,1,1
22,23,1,1
22,24,1,1
23,1,1,1
23,2,1,1
23,3,1,1
23,4,1,1
23,5,1,1
23,6,1,1
23,7,1,1
23,8,1,1
23,9,1,1
23,10,1,1
23,11,1,1
23,12,1,1
23,13,1,1
23,14,1,1
23,15,1,1
23,16,1,1
23,17,1,1
23,18,1,1
23,19,1,1
23,20,1,1
23,21,1,1
23,22,1,1
23,23,1,1
23,24,1,1
24,1,1,1
24,2,1,1
24,3,1,1
24,4,1,1
24,5,1,1
24,6,1,1
24,7,1,1
24,8,1,1
24,9,1,1
24,10,1,1
24,11,1,1
24,12,1,1
24,13,1,1
24,14,1,1
24,15,1,1
24,16,1,1
24,17,1,1
24,18,1,1
24,19,1,1
24,20,1,1
24,21,1,1
24,22,1,1
24,23,1,1
24,24,1,1
25,1,1,1
25,2,1,1
25,3,1,1
25,4,1,1
25,5,1,1
25,6,1,1
25,7,1,1
25,8,1,1
25,9,1,1
25,10,1,1
25,11,1,1
25,12,1,1
25,13,1,1
25,14,1,1
25,15,1,1
25,16,1,1
25,17,1,1
25,18,1,1
25,19,1,1
25,20,1,1
25,21,1,1
25,22,1,1
25,23,1,1
25,24,1,1
26,1,1,1
26,2,1,1
26,3,1,1
26,4,1,1
26,5,1,1
26,6,1,1
26,7,1,1
26,8,1,1
26,9,1,1
26,10,1,1
26,11,1,1
26,12,1,1
26,13,1,1
26,14,1,1
26,15,1,1
26,16,1,1
26,17,1,1
26,18,1,1
26,19,1,1
26,20,1,1
26,21,1,1
26,22,1,1
26,23,1,1
26,24,1,1
27,1,1,1
27,2,1,1
27,3,1,1
27,4,1,1
27,5,1,1
27,6,1,1
27,7,1,1
27,8,1,1
27,9,1,1
27,10,1,1
27,11,1,1
27,12,1,1
27,13,1,1
27,14,1,1
27,15,1,1
27,16,1,1
27,17,1,1
27,18,1,1
27,19,1,1
27,20,1,1
27,21,1,1
27,22,1,1
27,23,1,1
27,24,1,1
28,1,1,1
28,2,1,1
28,3,1,1
28,4,1,1
28,5,1,1
28,6,1,1
28,7,1,1
28,8,1,1
28,9,1,1
28,10,1,1
28,11,1,1
28,12,1,1
28,13,1,1
28,14,1,1
28,15,1,1
28,16,1,1
28,17,1,1
28,18,1,1
28,19,1,1
28,20,1,1
28,21,1,1
28,22,1,1
28,23,1,1
28,24,1,1
29,1,1,1
29,2,1,1
29,3,1,1
29,4,1,1
29,5,1,1
29,6,1,1
29,7,1,1
29,8,1,1
29,9,1,1
29,10,1,1
29,11,1,1
29,12,1,1
29,13,1,1
29,14,1,1
29,15,1,1
29,16,1,1
29,17,1,1
29,18,1,1
29,19,1,1
29,20,1,1
29,21,1,1
29,22,1,1
29,23,1,1
29,24,1,1
30,1,1,1
30,2,1,1
30,3,1,1
30,4,1,1
30,5,1,1
30,6,1,1
30,7,1,1
30,8,1,1
30,9,1,1
30,10,1,1
30,11,1,1
30,12,1,1
30,13,1,1
30,14,1,1
30,15,1,1
30,16,1,1
30,17,1,1
30,18,1,1
30,19,1,1
30,20,1,1
30,21,1,1
30,22,1,1
30,23,1,1
30,24,1,1
31,1,1,1
31,2,1,1
31,3,1,1
31,4,1,1
31,5,1,1
31,6,1,1
31,7,1,1
31,8,1,1
31,9,1,1
31,10,1,1
31,11,1,1
31,12,1,1
31,13,1,1
31,14,1,1
31,15,1,1
31,16,1,1
31,17,1,1
31,18,1,1
31,19,1,1
31,20,1,1
31,21,1,1
31,22,1,1
31,23,1,1
31,24,1,1
32,1,1,1
32,2,1,1
32,3,1,1
32,4,1,1
32,5,1,1
32,6,1,1
32,7,1,1
32,8,1,1
32,9,1,1
32,10,1,1
32,11,1,1
32,12,1,1
32,13,1,1
32,14,1,1
32,15,1,1
32,16,1,1
32,17,1,1
32,18,1,1
32,19,1,1
32,20,1,1
32,21,1,1
32,22,1,1
32,23,1,1
32,24,1,1
33,1,1,1
33,2,1,1
33,3,1,1
33,4,1,1
33,5,1,1
33,6,1,1
33,7,1,1
33,8,1,1
33,9,1,1
33,10,1,1
33,11,1,1
33,12,1,1
33,13,1,1
33,14,1,1
33,15,1,1
33,16,1,1
33,17,1,1
33,18,1,1
33,19,1,1
33,20,1,1
33,21,1,1
33,22,1,1
33,23,1,1
33,24,1,1
34,1,1,1
34,2,1,1
34,3,1,1
34,4,1,1
34,5,1,1
34,6,1,1
34,7,1,1
34,8,1,1
34,9,1,1
34,10,1,1
34,11,1,1
34,12,1,1
34,13,1,1
34,14,1,1
34,15,1,1
34,16,1,1
34,17,1,1
34,18,1,1
34,19,1,1
34,20,1,1
34,21,1,1
34,22,1,1
34,23,1,1
34,24,1,1
35,1,1,1
35,2,1,1
35,3,1,1
35,4,1,1
35,5,1,1
35,6,1,1
35,7,1,1
35,8,1,1
35,9,1,1
35,10,1,1
35,11,1,1
35,12,1,1
35,13,1,1
35,14,1,1
35,15,1,1
35,16,1,1
35,17,1,1
35,18,1,1
35,19,1,1
35,20,1,1
35,21,1,1
35,22,1,1
35,23,1,1
35,24,1,1
36,1,1,1
36,2,1,1
36,3,1,1
36,4,1,1
36,5,1,1
36,6,1,1
36,7,1,1
36,8,1,1
36,9,1,1
36,10,1,1
36,11,1,1
36,12,1,1
36,13,1,1
36,14,1,1
36,15,1,1
36,16,1,1
36,17,1,1
36,18,1,1
36,19,1,1
36,20,1,1
36,21,1,1
36,22,1,1
36,23,1,1
36,24,1,1
37,1,1,1
37,2,1,1
37,3,1,1
37,4,1,1
37,5,1,1
37,6,1,1
37,7,1,1
37,8,1,1
37,9,1,1
37,10,1,1
37,11,1,1
37,12,1,1
37,13,1,1
37,14,1,1
37,15,1,1
37,16,1,1
37,17,1,1
37,18,1,1
37,19,1,1
37,20,1,1
37,21,1,1
37,22,1,1
37,23,1,1
37,24,1,1
38,1,1,1
38,2,1,1
38,3,1,1
38,4,1,1
38,5,1,1
38,6,1,1
38,7,1,1
38,8,1,1
38,9,1,1
38,10,1,1
38,11,1,1
38,12,1,1
38,13,1,1
38,14,1,1
38,15,1,1
38,16,1,1
38,17,1,1
38,18,1,1
38,19,1,1
38,20,1,1
38,21,1,1
38,22,1,1
38,23,1,1
38,24,1,1
39,1,1,1
39,2,1,1
39,3,1,1
39,4,1,1
39,5,1,1
39,6,1,1
39,7,1,1
39,8,1,1
39,9,1,1
39,10,1,1
39,11,1,1
39,12,1,1
39,13,1,1
39,14,1,1
39,15,1,1
39,16,1,1
39,17,1,1
39,18,1,1
39,19,1,1
39,20,1,1
39,21,1,1
39,22,1,1
39,23,1,1
39,24,1,1
40,1,1,1
40,2,1,1
40,3,1,1
40,4,1,1
40,5,1,1
40,6,1,1
40,7,1,1
40,8,1,1
40,9,1,1
40,10,1,1
40,11,1,1
40,12,1,1
40,13,1,1
40,14,1,1
40,15,1,1
40,16,1,1
40,17,1,1
40,18,1,1
40,19,1,1
40,20,1,1
40,21,1,1
40,22,1,1
40,23,1,1
40,24,1,1
41,1,1,1
41,2,1,1
41,3,1,1
41,4,1,1
41,5,1,1
41,6,1,1
41,7,1,1
41,8,1,1
41,9,1,1
41,10,1,1
41,11,1,1
41,12,1,1
41,13,1,1
41,14,1,1
41,15,1,1
41,16,1,1
41,17,1,1
41,18,1,1
41,19,1,1
41,20,1,1
41,21,1,1
41,22,1,1
41,23,1,1
41,24,1,1
42,1,1,1
42,2,1,1
42,3,1,1
42,4,1,1
42,5,1,1
42,6,1,1
42,7,1,1
42,8,1,1
42,9,1,1
42,10,1,1
42,11,1,1
42,12,1,1
42,13,1,1
42,14,1,1
42,15,1,1
42,16,1,1
42,17,1,1
42,18,1,1
42,19,1,1
42,20,1,1
42,21,1,1
42,22,1,1
42,23,1,1
42,24,1,1
43,1,1,1
43,2,1,1
43,3,1,1
43,4,1,1
43,5,1,1
43,6,1,1
43,7,1,1
43,8,1,1
43,9,1,1
43,10,1,1
43,11,1,1
43,12,1,1
43,13,1,1
43,14,1,1
43,15,1,1
43,16,1,1
43,17,1,1
43,18,1,1
43,19,1,1
43,20,1,1
43,21,1,1
43,22,1,1
43,23,1,1
43,24,1,1
44,1,1,1
44,2,1,1
44,3,1,1
44,4,1,1
44,5,1,1
44,6,1,1
44,7,1,1
44,8,1,1
44,9,1,1
44,10,1,1
44,11,1,1
44,12,1,1
44,13,1,1
44,14,1,1
44,15,1,1
44,16,1,1
44,17,1,1
44,18,1,1
44,19,1,1
44,20,1,1
44,21,1,1
44,22,1,1
44,23,1,1
44,24,1,1
45,1,1,1
45,2,1,1
45,3,1,1
45,4,1,1
45,5,1,1
45,6,1,1
45,7,1,1
45,8,1,1
45,9,1,1
45,10,1,1
45,11,1,1
45,12,1,1
45,13,1,1
45,14,1,1
45,15,1,1
45,16,1,1
45,17,1,1
45,18,1,1
45,19,1,1
45,20,1,1
45,21,1,1
45,22,1,1
45,23,1,1
45,24,1,1
46,1,1,1
46,2,1,1
46,3,1,1
46,4,1,1
46,5,1,1
46,6,1,1
46,7,1,1
46,8,1,1
46,9,1,1
46,10,1,1
46,11,1,1
46,12,1,1
46,13,1,1
46,14,1,1
46,15,1,1
46,16,1,1
46,17,1,1
46,18,1,1
46,19,1,1
46,20,1,1
46,21,1,1
46,22,1,1
46,23,1,1
46,24,1,1
47,1,1,1
47,2,1,1
47,3,1,1
47,4,1,1
47,5,1,1
47,6,1,1
47,7,1,1
47,8,1,1
47,9,1,1
47,10,1,1
47,11,1,1
47,12,1,1
47,13,1,1
47,14,1,1
47,15,1,1
47,16,1,1
47,17,1,1
47,18,1,1
47,19,1,1
47,20,1,1
47,21,1,1
47,22,1,1
47,23,1,1
47,24,1,1
48,1,1,1
48,2,1,1
48,3,1,1
48,4,1,1
48,5,1,1
48,6,1,1
48,7,1,1
48,8,1,1
48,9,1,1
48,10,1,1
48,11,1,1
48,12,1,1
48,13,1,1
48,14,1,1
48,15,1,1
48,16,1,1
48,17,1,1
48,18,1,1
48,19,1,1
48,20,1,1
48,21,1,1
48,22,1,1
48,23,1,1
48,24,1,1
49,1,1,1
49,2,1,1
49,3,1,1
49,4,1,1
49,5,1,1
49,6,1,1
49,7,1,1
49,8,1,1
49,9,1,1
49,10,1,1
49,11,1,1
49,12,1,1
49,13,1,1
49,14,1,1
49,15,1,1
49,16,1,1
49,17,1,1
49,18,1,1
49,19,1,1
49,20,1,1
49,21,1,1
49,22,1,1
49,23,1,1
49,24,1,1
50,1,1,1
50,2,1,1
50,3,1,1
50,4,1,1
50,5,1,1
50,6,1,1
50,7,1,1
50,8,1,1
50,9,1,1
50,10,1,1
50,11,1,1
50,12,1,1
50,13,1,1
50,14,1,1
50,15,1,1
50,16,1,1
50,17,1,1
50,18,1,1
50,19,1,1
50,20,1,1
50,21,1,1
50,22,1,1
50,23,1,1
50,24,1,1
51,1,1,1
51,2,1,1
51,3,1,1
51,4,1,1
51,5,1,1
51,6,1,1
51,7,1,1
51,8,1,1
51,9,1,1
51,10,1,1
51,11,1,1
51,12,1,1
51,13,1,1
51,14,1,1
51,15,1,1
51,16,1,1
51,17,1,1
51,18,1,1
51,19,1,1
51,20,1,1
51,21,1,1
51,22,1,1
51,23,1,1
51,24,1,1
52,1,1,1
52,2,1,1
52,3,1,1
52,4,1,1
52,5,1,1
52,6,1,1
52,7,1,1
52,8,1,1
52,9,1,1
52,10,1,1
52,11,1,1
52,12,1,1
52,13,1,1
52,14,1,1
52,15,1,1
52,16,1,1
52,17,1,1
52,18,1,1
52,19,1,1
52,20,1,1
52,21,1,1
52,22,1,1
52,23,1,1
52,24,1,1
53,1,1,1
53,2,1,1
53,3,1,1
53,4,1,1
53,5,1,1
53,6,1,1
53,7,1,1
53,8,1,1
53,9,1,1
53,10,1,1
53,11,1,1
53,12,1,1
53,13,1,1
53,14,1,1
53,15,1,1
53,16,1,1
53,17,1,1
53,18,1,1
53,19,1,1
53,20,1,1
53,21,1,1
53,22,1,1
53,23,1,1
53,24,1,1
54,1,1,1
54,2,1,1
54,3,1,1
54,4,1,1
54,5,1,1
54,6,1,1
54,7,1,1
54,8,1,1
54,9,1,1
54,10,1,1
54,11,1,1
54,12,1,1
54,13,1,1
54,14,1,1
54,15,1,1
54,16,1,1
54,17,1,1
54,18,1,1
54,19,1,1
54,20,1,1
54,21,1,1
54,22,1,1
54,23,1,1
54,24,1,1
55,1,1,1
55,2,1,1
55,3,1,1
55,4,1,1
55,5,1,1
55,6,1,1
55,7,1,1
55,8,1,1
55,9,1,1
55,10,1,1
55,11,1,1
55,12,1,1
55,13,1,1
55,14,1,1
55,15,1,1
55,16,1,1
55,17,1,1
55,18,1,1
55,19,1,1
55,20,1,1
55,21,1,1
55,22,1,1
55,23,1,1
55,24,1,1
56,1,1,1
56,2,1,1
56,3,1,1
56,4,1,1
56,5,1,1
56,6,1,1
56,7,1,1
56,8,1,1
56,9,1,1
56,10,1,1
56,11,1,1
56,12,1,1
56,13,1,1
56,14,1,1
56,15,1,1
56,16,1,1
56,17,1,1
56,18,1,1
56,19,1,1
56,20,1,1
56,21,1,1
56,22,1,1
56,23,1,1
56,24,1,1
57,1,1,1
57,2,1,1
57,3,1,1
57,4,1,1
57,5,1,1
57,6,1,1
57,7,1,1
57,8,1,1
57,9,1,1
57,10,1,1
57,11,1,1
57,12,1,1
57,13,1,1
57,14,1,1
57,15,1,1
57,16,1,1
57,17,1,1
57,18,1,1
57,19,1,1
57,20,1,1
57,21,1,1
57,22,1,1
57,23,1,1
57,24,1,1
58,1,1,1
58,2,1,1
58,3,1,1
58,4,1,1
58,5,1,1
58,6,1,1
58,7,1,1
58,8,1,1
58,9,1,1
58,10,1,1
58,11,1,1
58,12,1,1
58,13,1,1
58,14,1,1
58,15,1,1
58,16,1,1
58,17,1,1
58,18,1,1
58,19,1,1
58,20,1,1
58,21,1,1
58,22,1,1
58,23,1,1
58,24,1,1
59,1,1,1
59,2,1,1
59,3,1,1
59,4,1,1
59,5,1,1
59,6,1,1
59,7,1,1
59,8,1,1
59,9,1,1
59,10,1,1
59,11,1,1
59,12,1,1
59,13,1,1
59,14,1,1
59,15,1,1
59,16,1,1
59,17,1,1
59,18,1,1
59,19,1,1
59,20,1,1
59,21,1,1
59,22,1,1
59,23,1,1
59,24,1,1
60,1,1,1
60,2,1,1
60,3,1,1
60,4,1,1
60,5,1,1
60,6,1,1
60,7,1,1
60,8,1,1
60,9,1,1
60,10,1,1
60,11,1,1
60,12,1,1
60,13,1,1
60,14,1,1
60,15,1,1
60,16,1,1
60,17,1,1
60,18,1,1
60,19,1,1
60,20,1,1
60,21,1,1
60,22,1,1
60,23,1,1
60,24,1,1
61,1,1,1
61,2,1,1
61,3,1,1
61,4,1,1
61,5,1,1
61,6,1,1
61,7,1,1
61,8,1,1
61,9,1,1
61,10,1,1
61,11,1,1
61,12,1,1
61,13,1,1
61,14,1,1
61,15,1,1
61,16,1,1
61,17,1,1
61,18,1,1
61,19,1,1
61,20,1,1
61,21,1,1
61,22,1,1
61,23,1,1
61,24,1,1
62,1,1,1
62,2,1,1
62,3,1,1
62,4,1,1
62,5,1,1
62,6,1,1
62,7,1,1
62,8,1,1
62,9,1,1
62,10,1,1
62,11,1,1
62,12,1,1
62,13,1,1
62,14,1,1
62,15,1,1
62,16,1,1
62,17,1,1
62,18,1,1
62,19,1,1
62,20,1,1
62,21,1,1
62,22,1,1
62,23,1,1
62,24,1,1
63,1,1,1
63,2,1,1
63,3,1,1
63,4,1,1
63,5,1,1
63,6,1,1
63,7,1,1
63,8,1,1
63,9,1,1
63,10,1,1
63,11,1,1
63,12,1,1
63,13,1,1
63,14,1,1
63,15,1,1
63,16,1,1
63,17,1,1
63,18,1,1
63,19,1,1
63,20,1,1
63,21,1,1
63,22,1,1
63,23,1,1
63,24,1,1
64,1,1,1
64,2,1,1
64,3,1,1
64,4,1,1
64,5,1,1
64,6,1,1
64,7,1,1
64,8,1,1
64,9,1,1
64,10,1,1
64,11,1,1
64,12,1,1
64,13,1,1
64,14,1,1
64,15,1,1
64,16,1,1
64,17,1,1
64,18,1,1
64,19,1,1
64,20,1,1
64,21,1,1
64,22,1,1
64,23,1,1
64,24,1,1
65,1,1,1
65,2,1,1
65,3,1,1
65,4,1,1
65,5,1,1
65,6,1,1
65,7,1,1
65,8,1,1
65,9,1,1
65,10,1,1
65,11,1,1
65,12,1,1
65,13,1,1
65,14,1,1
65,15,1,1
65,16,1,1
65,17,1,1
65,18,1,1
65,19,1,1
65,20,1,1
65,21,1,1
65,22,1,1
65,23,1,1
65,24,1,1
66,1,1,1
66,2,1,1
66,3,1,1
66,4,1,1
66,5,1,1
66,6,1,1
66,7,1,1
66,8,1,1
66,9,1,1
66,10,1,1
66,11,1,1
66,12,1,1
66,13,1,1
66,14,1,1
66,15,1,1
66,16,1,1
66,17,1,1
66,18,1,1
66,19,1,1
66,20,1,1
66,21,1,1
66,22,1,1
66,23,1,1
66,24,1,1
67,1,1,1
67,2,1,1
67,3,1,1
67,4,1,1
67,5,1,1
67,6,1,1
67,7,1,1
67,8,1,1
67,9,1,1
67,10,1,1
67,11,1,1
67,12,1,1
67,13,1,1
67,14,1,1
67,15,1,1
67,16,1,1
67,17,1,1
67,18,1,1
67,19,1,1
67,20,1,1
67,21,1,1
67,22,1,1
67,23,1,1
67,24,1,1
68,1,1,1
68,2,1,1
68,3,1,1
68,4,1,1
68,5,1,1
68,6,1,1
68,7,1,1
68,8,1,1
68,9,1,1
68,10,1,1
68,11,1,1
68,12,1,1
68,13,1,1
68,14,1,1
68,15,1,1
68,16,1,1
68,17,1,1
68,18,1,1
68,19,1,1
68,20,1,1
68,21,1,1
68,22,1,1
68,23,1,1
68,24,1,1
69,1,1,1
69,2,1,1
69,3,1,1
69,4,1,1
69,5,1,1
69,6,1,1
69,7,1,1
69,8,1,1
69,9,1,1
69,10,1,1
69,11,1,1
69,12,1,1
69,13,1,1
69,14,1,1
69,15,1,1
69,16,1,1
69,17,1,1
69,18,1,1
69,19,1,1
69,20,1,1
69,21,1,1
69,22,1,1
69,23,1,1
69,24,1,1
70,1,1,1
70,2,1,1
70,3,1,1
70,4,1,1
70,5,1,1
70,6,1,1
70,7,1,1
70,8,1,1
70,9,1,1
70,10,1,1
70,11,1,1
70,12,1,1
70,13,1,1
70,14,1,1
70,15,1,1
70,16,1,1
70,17,1,1
70,18,1,1
70,19,1,1
70,20,1,1
70,21,1,1
70,22,1,1
70,23,1,1
70,24,1,1
71,1,1,1
71,2,1,1
71,3,1,1
71,4,1,1
71,5,1,1
71,6,1,1
71,7,1,1
71,8,1,1
71,9,1,1
71,10,1,1
71,11,1,1
71,12,1,1
71,13,1,1
71,14,1,1
71,15,1,1
71,16,1,1
71,17,1,1
71,18,1,1
71,19,1,1
71,20,1,1
71,21,1,1
71,22,1,1
71,23,1,1
71,24,1,1
72,1,1,1
72,2,1,1
72,3,1,1
72,4,1,1
72,5,1,1
72,6,1,1
72,7,1,1
72,8,1,1
72,9,1,1
72,10,1,1
72,11,1,1
72,12,1,1
72,13,1,1
72,14,1,1
72,15,1,1
72,16,1,1
72,17,1,1
72,18,1,1
72,19,1,1
72,20,1,1
72,21,1,1
72,22,1,1
72,23,1,1
72,24,1,1
73,1,1,1
73,2,1,1
73,3,1,1
73,4,1,1
73,5,1,1
73,6,1,1
73,7,1,1
73,8,1,1
73,9,1,1
73,10,1,1
73,11,1,1
73,12,1,1
73,13,1,1
73,14,1,1
73,15,1,1
73,16,1,1
73,17,1,1
73,18,1,1
73,19,1,1
73,20,1,1
73,21,1,1
73,22,1,1
73,23,1,1
73,24,1,1
74,1,1,1
74,2,1,1
74,3,1,1
74,4,1,1
74,5,1,1
74,6,1,1
74,7,1,1
74,8,1,1
74,9,1,1
74,10,1,1
74,11,1,1
74,12,1,1
74,13,1,1
74,14,1,1
74,15,1,1
74,16,1,1
74,17,1,1
74,18,1,1
74,19,1,1
74,20,1,1
74,21,1,1
74,22,1,1
74,23,1,1
74,24,1,1
75,1,1,1
75,2,1,1
75,3,1,1
75,4,1,1
75,5,1,1
75,6,1,1
75,7,1,1
75,8,1,1
75,9,1,1
75,10,1,1
75,11,1,1
75,12,1,1
75,13,1,1
75,14,1,1
75,15,1,1
75,16,1,1
75,17,1,1
75,18,1,1
75,19,1,1
75,20,1,1
75,21,1,1
75,22,1,1
75,23,1,1
75,24,1,1
76,1,1,1
76,2,1,1
76,3,1,1
76,4,1,1
76,5,1,1
76,6,1,1
76,7,1,1
76,8,1,1
76,9,1,1
76,10,1,1
76,11,1,1
76,12,1,1
76,13,1,1
76,14,1,1
76,15,1,1
76,16,1,1
76,17,1,1
76,18,1,1
76,19,1,1
76,20,1,1
76,21,1,1
76,22,1,1
76,23,1,1
76,24,1,1
77,1,1,1
77,2,1,1
77,3,1,1
77,4,1,1
77,5,1,1
77,6,1,1
77,7,1,1
77,8,1,1
77,9,1,1
77,10,1,1
77,11,1,1
77,12,1,1
77,13,1,1
77,14,1,1
77,15,1,1
77,16,1,1
77,17,1,1
77,18,1,1
77,19,1,1
77,20,1,1
77,21,1,1
77,22,1,1
77,23,1,1
77,24,1,1
78,1,1,1
78,2,1,1
78,3,1,1
78,4,1,1
78,5,1,1
78,6,1,1
78,7,1,1
78,8,1,1
78,9,1,1
78,10,1,1
78,11,1,1
78,12,1,1
78,13,1,1
78,14,1,1
78,15,1,1
78,16,1,1
78,17,1,1
78,18,1,1
78,19,1,1
78,20,1,1
78,21,1,1
78,22,1,1
78,23,1,1
78,24,1,1
79,1,1,1
79,2,1,1
79,3,1,1
79,4,1,1
79,5,1,1
79,6,1,1
79,7,1,1
79,8,1,1
79,9,1,1
79,10,1,1
79,11,1,1
79,12,1,1
79,13,1,1
79,14,1,1
79,15,1,1
79,16,1,1
79,17,1,1
79,18,1,1
79,19,1,1
79,20,1,1
79,21,1,1
79,22,1,1
79,23,1,1
79,24,1,1
80,1,1,1
80,2,1,1
80,3,1,1
80,4,1,1
80,5,1,1
80,6,1,1
80,7,1,1
80,8,1,1
80,9,1,1
80,10,1,1
80,11,1,1
80,12,1,1
80,13,1,1
80,14,1,1
80,15,1,1
80,16,1,1
80,17,1,1
80,18,1,1
80,19,1,1
80,20,1,1
80,21,1,1
80,22,1,1
80,23,1,1
80,24,1,1
81,1,1,1
81,2,1,1
81,3,1,1
81,4,1,1
81,5,1,1
81,6,1,1
81,7,1,1
81,8,1,1
81,9,1,1
81,10,1,1
81,11,1,1
81,12,1,1
81,13,1,1
81,14,1,1
81,15,1,1
81,16,1,1
81,17,1,1
81,18,1,1
81,19,1,1
81,20,1,1
81,21,1,1
81,22,1,1
81,23,1,1
81,24,1,1
82,1,1,1
82,2,1,1
82,3,1,1
82,4,1,1
82,5,1,1
82,6,1,1
82,7,1,1
82,8,1,1
82,9,1,1
82,10,1,1
82,11,1,1
82,12,1,1
82,13,1,1
82,14,1,1
82,15,1,1
82,16,1,1
82,17,1,1
82,18,1,1
82,19,1,1
82,20,1,1
82,21,1,1
82,22,1,1
82,23,1,1
82,24,1,1
83,1,1,1
83,2,1,1
83,3,1,1
83,4,1,1
83,5,1,1
83,6,1,1
83,7,1,1
83,8,1,1
83,9,1,1
83,10,1,1
83,11,1,1
83,12,1,1
83,13,1,1
83,14,1,1
83,15,1,1
83,16,1,1
83,17,1,1
83,18,1,1
83,19,1,1
83,20,1,1
83,21,1,1
83,22,1,1
83,23,1,1
83,24,1,1
84,1,1,1
84,2,1,1
84,3,1,1
84,4,1,1
84,5,1,1
84,6,1,1
84,7,1,1
84,8,1,1
84,9,1,1
84,10,1,1
84,11,1,1
84,12,1,1
84,13,1,1
84,14,1,1
84,15,1,1
84,16,1,1
84,17,1,1
84,18,1,1
84,19,1,1
84,20,1,1
84,21,1,1
84,22,1,1
84,23,1,1
84,24,1,1
85,1,1,1
85,2,1,1
85,3,1,1
85,4,1,1
85,5,1,1
85,6,1,1
85,7,1,1
85,8,1,1
85,9,1,1
85,10,1,1
85,11,1,1
85,12,1,1
85,13,1,1
85,14,1,1
85,15,1,1
85,16,1,1
85,17,1,1
85,18,1,1
85,19,1,1
85,20,1,1
85,21,1,1
85,22,1,1
85,23,1,1
85,24,1,1
86,1,1,1
86,2,1,1
86,3,1,1
86,4,1,1
86,5,1,1
86,6,1,1
86,7,1,1
86,8,1,1
86,9,1,1
86,10,1,1
86,11,1,1
86,12,1,1
86,13,1,1
86,14,1,1
86,15,1,1
86,16,1,1
86,17,1,1
86,18,1,1
86,19,1,1
86,20,1,1
86,21,1,1
86,22,1,1
86,23,1,1
86,24,1,1
87,1,1,1
87,2,1,1
87,3,1,1
87,4,1,1
87,5,1,1
87,6,1,1
87,7,1,1
87,8,1,1
87,9,1,1
87,10,1,1
87,11,1,1
87,12,1,1
87,13,1,1
87,14,1,1
87,15,1,1
87,16,1,1
87,17,1,1
87,18,1,1
87,19,1,1
87,20,1,1
87,21,1,1
87,22,1,1
87,23,1,1
87,24,1,1
88,1,1,1
88,2,1,1
88,3,1,1
88,4,1,1
88,5,1,1
88,6,1,1
88,7,1,1
88,8,1,1
88,9,1,1
88,10,1,1
88,11,1,1
88,12,1,1
88,13,1,1
88,14,1,1
88,15,1,1
88,16,1,1
88,17,1,1
88,18,1,1
88,19,1,1
88,20,1,1
88,21,1,1
88,22,1,1
88,23,1,1
88,24,1,1
89,1,1,1
89,2,1,1
89,3,1,1
89,4,1,1
89,5,1,1
89,6,1,1
89,7,1,1
89,8,1,1
89,9,1,1
89,10,1,1
89,11,1,1
89,12,1,1
89,13,1,1
89,14,1,1
89,15,1,1
89,16,1,1
89,17,1,1
89,18,1,1
89,19,1,1
89,20,1,1
89,21,1,1
89,22,1,1
89,23,1,1
89,24,1,1
90,1,1,1
90,2,1,1
90,3,1,1
90,4,1,1
90,5,1,1
90,6,1,1
90,7,1,1
90,8,1,1
90,9,1,1
90,10,1,1
90,11,1,1
90,12,1,1
90,13,1,1
90,14,1,1
90,15,1,1
90,16,1,1
90,17,1,1
90,18,1,1
90,19,1,1
90,20,1,1
90,21,1,1
90,22,1,1
90,23,1,1
90,24,1,1
91,1,1,1
91,2,1,1
91,3,1,1
91,4,1,1
91,5,1,1
91,6,1,1
91,7,1,1
91,8,1,1
91,9,1,1
91,10,1,1
91,11,1,1
91,12,1,1
91,13,1,1
91,14,1,1
91,15,1,1
91,16,1,1
91,17,1,1
91,18,1,1
91,19,1,1
91,20,1,1
91,21,1,1
91,22,1,1
91,23,1,1
91,24,1,1
92,1,1,1
92,2,1,1
92,3,1,1
92,4,1,1
92,5,1,1
92,6,1,1
92,7,1,1
92,8,1,1
92,9,1,1
92,10,1,1
92,11,1,1
92,12,1,1
92,13,1,1
92,14,1,1
92,15,1,1
92,16,1,1
92,17,1,1
92,18,1,1
92,19,1,1
92,20,1,1
92,21,1,1
92,22,1,1
92,23,1,1
92,24,1,1
93,1,1,1
93,2,1,1
93,3,1,1
93,4,1,1
93,5,1,1
93,6,1,1
93,7,1,1
93,8,1,1
93,9,1,1
93,10,1,1
93,11,1,1
93,12,1,1
93,13,1,1
93,14,1,1
93,15,1,1
93,16,1,1
93,17,1,1
93,18,1,1
93,19,1,1
93,20,1,1
93,21,1,1
93,22,1,1
93,23,1,1
93,24,1,1
94,1,1,1
94,2,1,1
94,3,1,1
94,4,1,1
94,5,1,1
94,6,1,1
94,7,1,1
94,8,1,1
94,9,1,1
94,10,1,1
94,11,1,1
94,12,1,1
94,13,1,1
94,14,1,1
94,15,1,1
94,16,1,1
94,17,1,1
94,18,1,1
94,19,1,1
94,20,1,1
94,21,1,1
94,22,1,1
94,23,1,1
94,24,1,1
95,1,1,1
95,2,1,1
95,3,1,1
95,4,1,1
95,5,1,1
95,6,1,1
95,7,1,1
95,8,1,1
95,9,1,1
95,10,1,1
95,11,1,1
95,12,1,1
95,13,1,1
95,14,1,1
95,15,1,1
95,16,1,1
95,17,1,1
95,18,1,1
95,19,1,1
95,20,1,1
95,21,1,1
95,22,1,1
95,23,1,1
95,24,1,1
96,1,1,1
96,2,1,1
96,3,1,1
96,4,1,1
96,5,1,1
96,6,1,1
96,7,1,1
96,8,1,1
96,9,1,1
96,10,1,1
96,11,1,1
96,12,1,1
96,13,1,1
96,14,1,1
96,15,1,1
96,16,1,1
96,17,1,1
96,18,1,1
96,19,1,1
96,20,1,1
96,21,1,1
96,22,1,1
96,23,1,1
96,24,1,1
97,1,1,1
97,2,1,1
97,3,1,1
97,4,1,1
97,5,1,1
97,6,1,1
97,7,1,1
97,8,1,1
97,9,1,1
97,10,1,1
97,11,1,1
97,12,1,1
97,13,1,1
97,14,1,1
97,15,1,1
97,16,1,1
97,17,1,1
97,18,1,1
97,19,1,1
97,20,1,1
97,21,1,1
97,22,1,1
97,23,1,1
97,24,1,1
98,1,1,1
98,2,1,1
98,3,1,1
98,4,1,1
98,5,1,1
98,6,1,1
98,7,1,1
98,8,1,1
98,9,1,1
98,10,1,1
98,11,1,1
98,12,1,1
98,13,1,1
98,14,1,1
98,15,1,1
98,16,1,1
98,17,1,1
98,18,1,1
98,19,1,1
98,20,1,1
98,21,1,1
98,22,1,1
98,23,1,1
98,24,1,1
99,1,1,1
99,2,1,1
99,3,1,1
99,4,1,1
99,5,1,1
99,6,1,1
99,7,1,1
99,8,1,1
99,9,1,1
99,10,1,1
99,11,1,1
99,12,1,1
99,13,1,1
99,14,1,1
99,15,1,1
99,16,1,1
99,17,1,1
99,18,1,1
99,19,1,1
99,20,1,1
99,21,1,1
99,22,1,1
99,23,1,1
99,24,1,1
100,1,1,1
100,2,1,1
100,3,1,1
100,4,1,1
100,5,1,1
100,6,1,1
100,7,1,1
100,8,1,1
100,9,1,1
100,10,1,1
100,11,1,1
100,12,1,1
100,13,1,1
100,14,1,1
100,15,1,1
100,16,1,1
100,17,1,1
100,18,1,1
100,19,1,1
100,20,1,1
100,21,1,1
100,22,1,1
100,23,1,1
100,24,1,1
101,1,1,1
101,2,1,1
101,3,1,1
101,4,1,1
101,5,1,1
101,6,1,1
101,7,1,1
101,8,1,1
101,9,1,1
101,10,1,1
101,11,1,1
101,12,1,1
101,13,1,1
101,14,1,1
101,15,1,1
101,16,1,1
101,17,1,1
101,18,1,1
101,19,1,1
101,20,1,1
101,21,1,1
101,22,1,1
101,23,1,1
101,24,1,1
102,1,1,1
102,2,1,1
102,3,1,1
102,4,1,1
102,5,1,1
102,6,1,1
102,7,1,1
102,8,1,1
102,9,1,1
102,10,1,1
102,11,1,1
102,12,1,1
102,13,1,1
102,14,1,1
102,15,1,1
102,16,1,1
102,17,1,1
102,18,1,1
102,19,1,1
102,20,1,1
102,21,1,1
102,22,1,1
102,23,1,1
102,24,1,1
103,1,1,1
103,2,1,1
103,3,1,1
103,4,1,1
103,5,1,1
103,6,1,1
103,7,1,1
103,8,1,1
103,9,1,1
103,10,1,1
103,11,1,1
103,12,1,1
103,13,1,1
103,14,1,1
103,15,1,1
103,16,1,1
103,17,1,1
103,18,1,1
103,19,1,1
103,20,1,1
103,21,1,1
103,22,1,1
103,23,1,1
103,24,1,1
104,1,1,1
104,2,1,1
104,3,1,1
104,4,1,1
104,5,1,1
104,6,1,1
104,7,1,1
104,8,1,1
104,9,1,1
104,10,1,1
104,11,1,1
104,12,1,1
104,13,1,1
104,14,1,1
104,15,1,1
104,16,1,1
104,17,1,1
104,18,1,1
104,19,1,1
104,20,1,1
104,21,1,1
104,22,1,1
104,23,1,1
104,24,1,1
105,1,1,1
105,2,1,1
105,3,1,1
105,4,1,1
105,5,1,1
105,6,1,1
105,7,1,1
105,8,1,1
105,9,1,1
105,10,1,1
105,11,1,1
105,12,1,1
105,13,1,1
105,14,1,1
105,15,1,1
105,16,1,1
105,17,1,1
105,18,1,1
105,19,1,1
105,20,1,1
105,21,1,1
105,22,1,1
105,23,1,1
105,24,1,1
106,1,1,1
106,2,1,1
106,3,1,1
106,4,1,1
106,5,1,1
106,6,1,1
106,7,1,1
106,8,1,1
106,9,1,1
106,10,1,1
106,11,1,1
106,12,1,1
106,13,1,1
106,14,1,1
106,15,1,1
106,16,1,1
106,17,1,1
106,18,1,1
106,19,1,1
106,20,1,1
106,21,1,1
106,22,1,1
106,23,1,1
106,24,1,1
107,1,1,1
107,2,1,1
107,3,1,1
107,4,1,1
107,5,1,1
107,6,1,1
107,7,1,1
107,8,1,1
107,9,1,1
107,10,1,1
107,11,1,1
107,12,1,1
107,13,1,1
107,14,1,1
107,15,1,1
107,16,1,1
107,17,1,1
107,18,1,1
107,19,1,1
107,20,1,1
107,21,1,1
107,22,1,1
107,23,1,1
107,24,1,1
108,1,1,1
108,2,1,1
108,3,1,1
108,4,1,1
108,5,1,1
108,6,1,1
108,7,1,1
108,8,1,1
108,9,1,1
108,10,1,1
108,11,1,1
108,12,1,1
108,13,1,1
108,14,1,1
108,15,1,1
108,16,1,1
108,17,1,1
108,18,1,1
108,19,1,1
108,20,1,1
108,21,1,1
108,22,1,1
108,23,1,1
108,24,1,1
109,1,1,1
109,2,1,1
109,3,1,1
109,4,1,1
109,5,1,1
109,6,1,1
109,7,1,1
109,8,1,1
109,9,1,1
109,10,1,1
109,11,1,1
109,12,1,1
109,13,1,1
109,14,1,1
109,15,1,1
109,16,1,1
109,17,1,1
109,18,1,1
109,19,1,1
109,20,1,1
109,21,1,1
109,22,1,1
109,23,1,1
109,24,1,1
110,1,1,1
110,2,1,1
110,3,1,1
110,4,1,1
110,5,1,1
110,6,1,1
110,7,1,1
110,8,1,1
110,9,1,1
110,10,1,1
110,11,1,1
110,12,1,1
110,13,1,1
110,14,1,1
110,15,1,1
110,16,1,1
110,17,1,1
110,18,1,1
110,19,1,1
110,20,1,1
110,21,1,1
110,22,1,1
110,23,1,1
110,24,1,1
111,1,1,1
111,2,1,1
111,3,1,1
111,4,1,1
111,5,1,1
111,6,1,1
111,7,1,1
111,8,1,1
111,9,1,1
111,10,1,1
111,11,1,1
111,12,1,1
111,13,1,1
111,14,1,1
111,15,1,1
111,16,1,1
111,17,1,1
111,18,1,1
111,19,1,1
111,20,1,1
111,21,1,1
111,22,1,1
111,23,1,1
111,24,1,1
112,1,1,1
112,2,1,1
112,3,1,1
112,4,1,1
112,5,1,1
112,6,1,1
112,7,1,1
112,8,1,1
112,9,1,1
112,10,1,1
112,11,1,1
112,12,1,1
112,13,1,1
112,14,1,1
112,15,1,1
112,16,1,1
112,17,1,1
112,18,1,1
112,19,1,1
112,20,1,1
112,21,1,1
112,22,1,1
112,23,1,1
112,24,1,1
113,1,1,1
113,2,1,1
113,3,1,1
113,4,1,1
113,5,1,1
113,6,1,1
113,7,1,1
113,8,1,1
113,9,1,1
113,10,1,1
113,11,1,1
113,12,1,1
113,13,1,1
113,14,1,1
113,15,1,1
113,16,1,1
113,17,1,1
113,18,1,1
113,19,1,1
113,20,1,1
113,21,1,1
113,22,1,1
113,23,1,1
113,24,1,1
114,1,1,1
114,2,1,1
114,3,1,1
114,4,1,1
114,5,1,1
114,6,1,1
114,7,1,1
114,8,1,1
114,9,1,1
114,10,1,1
114,11,1,1
114,12,1,1
114,13,1,1
114,14,1,1
114,15,1,1
114,16,1,1
114,17,1,1
114,18,1,1
114,19,1,1
114,20,1,1
114,21,1,1
114,22,1,1
114,23,1,1
114,24,1,1
115,1,1,1
115,2,1,1
115,3,1,1
115,4,1,1
115,5,1,1
115,6,1,1
115,7,1,1
115,8,1,1
115,9,1,1
115,10,1,1
115,11,1,1
115,12,1,1
115,13,1,1
115,14,1,1
115,15,1,1
115,16,1,1
115,17,1,1
115,18,1,1
115,19,1,1
115,20,1,1
115,21,1,1
115,22,1,1
115,23,1,1
115,24,1,1
116,1,1,1
116,2,1,1
116,3,1,1
116,4,1,1
116,5,1,1
116,6,1,1
116,7,1,1
116,8,1,1
116,9,1,1
116,10,1,1
116,11,1,1
116,12,1,1
116,13,1,1
116,14,1,1
116,15,1,1
116,16,1,1
116,17,1,1
116,18,1,1
116,19,1,1
116,20,1,1
116,21,1,1
116,22,1,1
116,23,1,1
116,24,1,1
117,1,1,1
117,2,1,1
117,3,1,1
117,4,1,1
117,5,1,1
117,6,1,1
117,7,1,1
117,8,1,1
117,9,1,1
117,10,1,1
117,11,1,1
117,12,1,1
117,13,1,1
117,14,1,1
117,15,1,1
117,16,1,1
117,17,1,1
117,18,1,1
117,19,1,1
117,20,1,1
117,21,1,1
117,22,1,1
117,23,1,1
117,24,1,1
118,1,1,1
118,2,1,1
118,3,1,1
118,4,1,1
118,5,1,1
118,6,1,1
118,7,1,1
118,8,1,1
118,9,1,1
118,10,1,1
118,11,1,1
118,12,1,1
118,13,1,1
118,14,1,1
118,15,1,1
118,16,1,1
118,17,1,1
118,18,1,1
118,19,1,1
118,20,1,1
118,21,1,1
118,22,1,1
118,23,1,1
118,24,1,1
119,1,1,0
119,2,1,1
119,3,1,1
119,4,1,0
119,5,1,0
119,6,1,1
119,7,1,0
119,8,1,1
119,9,1,1
119,10,1,1
119,11,1,1
119,12,1,1
119,13,1,1
119,14,1,1
119,15,1,1
119,16,1,1
119,17,1,0
119,18,1,0
119,19,1,0
119,20,1,0
119,21,1,0
119,22,1,0
119,23,1,0
119,24,1,0
120,1,1,1
120,2,1,1
120,3,1,1
120,4,1,1
120,5,1,1
120,6,1,1
120,7,1,1
120,8,1,1
120,9,1,1
120,10,1,1
120,11,1,1
120,12,1,1
120,13,1,1
120,14,1,1
120,15,1,1
120,16,1,1
120,17,1,1
120,18,1,1
120,19,1,1
120,20,1,1
120,21,1,1
120,22,1,1
120,23,1,1
120,24,1,1
121,1,1,1
121,2,1,1
121,3,1,1
121,4,1,1
121,5,1,1
121,6,1,1
121,7,1,1
121,8,1,1
121,9,1,0
121,10,1,0
121,11,1,0
121,12,1,0
121,13,1,0
121,14,1,0
121,15,1,0
121,16,1,1
121,17,1,1
121,18,1,1
121,19,1,1
121,20,1,1
121,21,1,1
121,22,1,1
121,23,1,1
121,24,1,1
122,1,1,1
122,2,1,1
122,3,1,0
122,4,1,1
122,5,1,1
122,6,1,0
122,7,1,1
122,8,1,0
122,9,1,1
122,10,1,1
122,11,1,1
122,12,1,1
122,13,1,1
122,14,1,1
122,15,1,1
122,16,1,1
122,17,1,1
122,18,1,1
122,19,1,1
122,20,1,1
122,21,1,1
122,22,1,1
122,23,1,1
122,24,1,1
123,1,1,1
123,2,1,0
123,3,1,1
123,4,1,1
123,5,1,1
123,6,1,1
123,7,1,1
123,8,1,1
123,9,1,1
123,10,1,1
123,11,1,1
123,12,1,1
123,13,1,1
123,14,1,1
123,15,1,1
123,16,1,0
123,17,1,1
123,18,1,1
123,19,1,1
123,20,1,1
123,21,1,1
123,22,1,1
123,23,1,1
123,24,1,1
124,1,1,1
124,2,1,1
124,3,1,1
124,4,1,1
124,5,1,1
124,6,1,1
124,7,1,1
124,8,1,1
124,9,1,1
124,10,1,1
124,11,1,1
124,12,1,1
124,13,1,1
124,14,1,1
124,15,1,1
124,16,1,1
124,17,1,1
124,18,1,1
124,19,1,1
124,20,1,1
124,21,1,1
124,22,1,1
124,23,1,1
124,24,1,1
